timesheet_id,employee_id,project_id,task_id,work_date,hours_logged,billable
1,1,7,44,2026-05-01,5.4,True
2,1,16,94,2026-03-27,1.75,True
3,1,26,158,2023-09-05,2.56,True
4,1,6,41,2026-04-10,4.62,True
5,1,25,155,2024-09-20,7.92,True
6,1,28,169,2024-12-20,3.11,False
7,1,15,87,2024-10-28,2.07,True
8,1,6,38,2024-08-27,6.54,True
9,1,18,105,2025-04-23,7.84,True
10,1,19,112,2024-04-03,7.72,False
11,1,28,171,2024-03-28,2.37,True
12,1,27,165,2025-09-12,4.17,True
13,1,3,16,2025-10-03,4.37,True
14,1,30,178,2026-03-26,2.95,True
15,1,21,131,2023-11-07,6.47,True
16,1,14,84,2024-12-31,2.92,True
17,1,18,110,2025-06-03,7.21,False
18,1,2,,2026-01-27,0.62,False
19,1,7,42,2025-03-10,1.69,False
20,1,9,,2025-07-08,2.38,True
21,1,29,172,2025-09-19,5.19,True
22,1,25,151,2024-01-11,0.51,True
23,1,5,36,2023-07-20,0.56,True
24,1,4,27,2024-03-27,4.08,True
25,1,13,75,2024-04-18,1.01,True
26,1,20,122,2025-06-19,5.92,True
27,1,5,36,2024-09-17,1.15,True
28,1,25,154,2025-06-19,7.72,True
29,1,5,30,2024-11-20,4.65,True
30,1,20,124,2023-08-24,6.86,True
31,1,7,43,2023-10-20,6.38,False
32,1,8,45,2024-11-05,4.25,True
33,1,17,97,2025-07-09,7.5,True
34,1,28,169,2025-07-18,4.6,True
35,1,16,91,2023-08-04,4.91,True
36,1,7,,2023-11-01,7.62,True
37,1,10,59,2025-10-28,3.68,True
38,1,3,20,2024-08-20,7.81,True
39,1,11,63,2025-03-27,5.74,True
40,1,10,60,2024-06-24,1.4,True
41,1,12,72,2024-12-12,1.75,True
42,1,25,151,2023-08-30,3.01,True
43,1,17,,2023-12-05,4.22,True
44,1,2,10,2025-07-23,1.68,False
45,1,29,174,2024-02-22,2.21,True
46,1,2,8,2024-11-12,0.84,True
47,1,30,175,2025-11-05,2.18,True
48,1,30,177,2023-12-07,4.79,True
49,1,22,135,2024-09-30,6.53,False
50,1,28,168,2025-05-01,1.15,True
51,1,12,72,2025-03-14,6.05,True
52,1,24,150,2024-11-14,1.63,False
53,1,1,3,2023-07-20,7.63,True
54,1,22,136,2024-01-29,2.04,False
55,1,14,81,2024-04-17,5.84,True
56,1,30,179,2025-10-23,5.76,True
57,1,24,,2024-01-12,4.29,True
58,1,10,57,2025-09-12,5.76,True
59,1,11,65,2023-11-30,7.58,True
60,1,25,152,2024-02-02,1.73,True
61,1,14,83,2024-08-29,3.89,True
62,1,27,164,2023-09-21,2.11,False
63,1,5,,2024-11-20,7.76,True
64,1,2,12,2024-06-21,0.73,True
65,1,15,88,2024-01-10,3.97,False
66,1,5,35,2025-08-01,5.65,False
67,1,3,18,2023-12-01,0.66,True
68,1,29,172,2024-01-05,7.29,False
69,1,11,69,2023-10-12,1.76,True
70,1,27,163,2023-08-30,3.37,True
71,1,12,70,2025-01-14,2.6,False
72,1,2,11,2025-02-24,4.24,False
73,1,16,,2025-01-23,3.37,True
74,1,21,129,2023-08-09,7.92,False
75,1,12,71,2025-06-04,7.35,True
76,1,13,73,2025-04-14,4.98,True
77,1,6,38,2024-12-27,4.5,False
78,1,19,117,2025-06-26,7.51,False
79,1,23,142,2024-04-17,4.72,True
80,1,26,159,2025-03-24,1.82,True
81,1,2,11,2023-08-10,4.45,True
82,1,30,176,2025-05-28,5.88,False
83,1,28,166,2023-08-14,1.61,True
84,1,12,72,2025-09-18,4.9,True
85,1,11,64,2025-12-11,6.44,False
86,1,21,131,2024-09-30,5.49,False
87,1,6,41,2025-09-09,6.88,False
88,1,30,179,2024-09-25,5.3,True
89,1,16,96,2023-12-07,2.28,False
90,1,15,,2024-09-02,2.37,True
91,1,13,79,2024-06-05,7.13,True
92,1,13,79,2024-01-24,6.72,False
93,1,19,114,2024-05-29,3.88,False
94,1,2,13,2024-12-16,7.64,True
95,1,6,38,2023-12-01,4.6,False
96,1,20,120,2023-10-18,1.26,True
97,1,7,44,2024-12-25,5.45,True
98,1,4,,2026-04-01,1.65,True
99,1,14,,2026-03-10,2.0,True
100,1,6,37,2026-02-24,6.83,True
101,1,13,77,2024-01-03,5.31,True
102,1,12,71,2024-07-17,3.84,True
103,1,22,137,2024-10-08,4.65,False
104,1,27,164,2026-02-27,4.8,True
105,1,4,28,2024-06-19,7.62,True
106,1,7,42,2023-09-26,3.68,False
107,1,27,162,2023-11-15,1.15,True
108,1,15,87,2026-06-05,6.36,True
109,1,5,30,2024-02-02,4.72,True
110,2,9,53,2026-02-23,0.78,True
111,2,5,35,2023-09-18,3.47,False
112,2,30,177,2023-08-11,3.03,False
113,2,10,58,2024-01-18,7.79,True
114,2,10,58,2025-04-18,2.52,True
115,2,7,43,2026-03-19,6.2,False
116,2,27,,2024-05-21,0.99,True
117,2,13,73,2024-06-20,1.95,False
118,2,27,,2023-09-06,3.92,False
119,2,23,140,2026-02-05,4.29,True
120,2,4,24,2025-08-01,4.17,True
121,2,28,170,2025-06-16,3.08,False
122,2,9,50,2025-02-03,0.71,True
123,2,28,167,2024-09-26,5.36,True
124,2,9,54,2023-08-11,6.98,False
125,2,22,,2024-03-27,5.36,True
126,2,1,5,2025-03-17,5.85,True
127,2,15,90,2025-03-10,5.58,False
128,2,13,73,2026-05-13,8.0,False
129,2,27,165,2025-01-29,2.74,True
130,2,28,171,2025-03-03,1.91,True
131,2,22,135,2023-08-22,5.42,False
132,2,9,53,2025-09-03,6.03,True
133,2,22,137,2025-07-04,4.3,False
134,2,27,164,2024-07-05,2.7,True
135,2,24,150,2024-07-09,7.6,False
136,2,21,,2025-06-27,2.17,False
137,2,14,83,2025-07-31,2.45,True
138,2,28,166,2023-11-23,4.04,True
139,2,5,34,2025-10-16,7.9,False
140,2,15,88,2023-12-13,4.16,True
141,2,6,37,2023-07-10,3.89,True
142,2,26,156,2024-03-22,5.11,True
143,2,1,,2024-08-12,5.98,False
144,2,29,174,2024-07-25,0.63,True
145,2,24,149,2025-06-05,2.84,True
146,2,15,89,2025-12-05,7.16,False
147,2,25,154,2023-08-09,2.21,True
148,2,5,29,2026-04-29,1.77,True
149,2,21,132,2024-12-05,6.28,True
150,2,20,124,2024-02-07,5.4,True
151,2,4,28,2024-05-09,2.04,True
152,2,1,6,2024-01-23,5.47,True
153,2,20,122,2024-01-31,4.34,True
154,2,10,55,2026-04-15,1.99,True
155,2,9,51,2025-07-03,5.78,True
156,2,2,11,2026-03-11,2.98,True
157,2,22,,2024-02-12,6.76,True
158,2,5,30,2024-01-24,7.29,True
159,2,12,71,2025-11-19,6.04,True
160,2,25,151,2024-04-09,5.48,True
161,2,12,72,2024-12-31,7.09,True
162,2,13,77,2025-08-28,5.67,True
163,2,5,29,2024-05-22,1.28,False
164,2,6,39,2023-08-29,6.97,False
165,2,24,145,2026-03-16,7.4,True
166,2,14,81,2024-12-17,5.41,True
167,2,28,171,2024-10-01,7.83,True
168,2,11,63,2025-12-03,5.46,True
169,2,12,72,2025-08-27,1.61,False
170,2,29,172,2023-07-24,5.33,True
171,2,28,169,2024-06-03,1.06,True
172,2,8,47,2023-10-12,4.3,True
173,2,15,90,2023-12-28,6.92,True
174,2,13,73,2024-01-03,6.44,False
175,2,21,129,2026-01-20,7.63,True
176,2,18,110,2025-07-14,5.87,True
177,2,25,151,2025-05-30,3.16,True
178,2,27,165,2025-10-16,1.3,True
179,2,15,88,2025-05-23,1.31,True
180,2,25,154,2026-04-28,1.51,True
181,2,17,101,2025-12-03,6.79,True
182,2,17,98,2024-06-20,5.98,True
183,2,13,78,2026-04-28,7.11,True
184,2,20,125,2024-11-20,2.55,False
185,2,10,56,2024-04-08,3.6,True
186,2,24,150,2025-04-03,5.84,False
187,2,17,102,2025-04-21,5.83,False
188,2,10,58,2023-07-27,4.42,True
189,2,5,,2023-10-24,2.0,False
190,2,6,39,2024-04-25,6.8,True
191,2,10,59,2023-09-05,3.19,True
192,2,20,124,2024-10-02,6.07,True
193,2,8,47,2023-10-05,7.45,True
194,2,26,158,2023-10-19,0.6,True
195,2,20,125,2025-12-24,6.72,False
196,2,23,140,2024-08-06,6.32,False
197,2,10,60,2023-11-30,1.9,True
198,2,17,97,2025-11-24,2.59,True
199,2,6,39,2023-07-12,2.98,True
200,2,5,,2025-04-21,4.98,False
201,2,21,130,2026-03-31,6.42,True
202,2,3,18,2026-06-11,2.15,True
203,2,3,17,2025-10-29,4.57,True
204,2,16,96,2023-07-19,1.36,True
205,2,8,49,2024-11-11,7.69,True
206,2,11,63,2025-08-29,2.42,True
207,2,1,7,2025-08-06,4.36,True
208,2,16,,2024-07-29,2.9,True
209,2,27,164,2025-12-08,5.35,False
210,2,24,144,2026-01-26,5.88,True
211,2,3,,2024-11-27,4.69,True
212,2,8,48,2025-09-02,3.88,True
213,2,11,,2024-02-28,4.51,True
214,2,20,,2023-10-02,5.76,True
215,2,13,73,2026-02-25,1.67,True
216,2,24,150,2025-02-24,7.7,True
217,2,2,,2025-09-15,4.53,False
218,4,12,72,2025-08-07,1.57,True
219,4,20,120,2024-06-26,1.86,False
220,4,28,,2026-04-09,7.49,False
221,4,15,87,2024-12-23,5.54,True
222,4,22,135,2025-10-01,4.75,False
223,4,14,83,2024-11-08,6.39,True
224,4,21,131,2024-07-16,5.6,True
225,4,10,55,2024-08-27,5.34,True
226,4,9,51,2025-09-03,1.97,True
227,4,21,,2024-05-17,7.19,False
228,4,21,,2025-10-17,4.84,False
229,4,7,44,2024-11-22,4.58,False
230,4,16,92,2025-03-10,3.44,False
231,4,19,115,2024-07-16,3.99,True
232,4,13,73,2026-01-08,2.29,False
233,4,5,31,2025-10-01,7.62,True
234,4,5,36,2025-03-03,0.8,False
235,4,8,,2025-03-14,2.26,True
236,4,17,99,2025-04-02,4.02,True
237,4,2,,2025-12-25,2.93,True
238,4,17,99,2026-03-30,2.47,True
239,4,6,40,2025-03-10,4.91,False
240,4,3,19,2024-10-15,4.37,True
241,4,6,41,2025-12-19,2.61,True
242,4,6,37,2026-01-06,2.23,False
243,4,24,149,2025-07-04,4.09,True
244,4,21,126,2024-11-05,0.82,True
245,4,6,41,2024-04-10,7.18,True
246,4,6,38,2025-08-12,7.69,True
247,4,19,115,2024-05-27,2.12,True
248,4,16,92,2024-10-11,6.73,True
249,4,22,135,2026-03-12,5.64,False
250,4,13,73,2024-09-24,4.42,False
251,4,22,135,2025-11-11,1.22,True
252,4,20,125,2025-08-27,4.27,True
253,4,16,95,2025-09-04,6.71,False
254,4,14,81,2026-02-13,4.47,True
255,4,10,59,2025-04-23,2.43,True
256,4,24,148,2025-08-18,1.38,True
257,4,21,131,2025-04-23,3.22,True
258,4,22,135,2025-04-28,4.64,True
259,4,6,41,2025-07-09,2.4,True
260,4,12,71,2026-03-24,1.54,False
261,4,4,28,2026-05-11,5.74,True
262,4,18,103,2024-08-12,3.42,True
263,4,16,94,2024-05-30,0.98,True
264,4,3,19,2025-04-15,5.1,True
265,4,1,6,2026-06-02,4.39,True
266,4,26,157,2025-11-20,1.77,True
267,4,8,46,2024-05-28,7.98,False
268,4,12,71,2025-10-22,2.0,True
269,4,18,108,2025-02-19,7.72,True
270,4,20,122,2025-04-18,4.81,True
271,4,14,85,2024-05-14,4.27,True
272,4,4,25,2025-09-02,6.6,True
273,4,16,93,2026-05-04,3.94,True
274,4,19,118,2024-06-28,2.43,True
275,4,26,157,2026-05-29,2.87,False
276,4,17,102,2024-11-25,2.36,True
277,4,22,136,2024-05-17,4.66,True
278,4,11,66,2024-09-04,7.6,True
279,4,8,46,2025-11-24,3.17,False
280,4,4,28,2025-11-19,0.55,False
281,4,2,13,2025-11-26,2.87,False
282,4,29,173,2025-07-16,1.87,False
283,4,17,98,2026-04-08,4.82,True
284,4,26,156,2025-07-28,3.1,False
285,4,1,4,2025-10-16,1.26,True
286,4,28,170,2024-11-25,2.28,True
287,4,20,120,2025-07-24,3.68,True
288,4,25,154,2024-12-12,3.88,True
289,4,19,112,2026-03-09,2.52,True
290,4,26,,2025-05-06,4.25,False
291,4,11,66,2024-11-12,4.72,True
292,4,13,,2024-08-15,0.95,False
293,4,16,91,2025-06-04,6.08,True
294,4,20,123,2025-12-26,5.37,True
295,4,25,153,2026-01-19,4.33,False
296,4,15,90,2025-11-19,2.65,True
297,4,5,34,2025-05-06,5.23,True
298,4,28,166,2024-08-13,3.08,True
299,4,21,130,2025-11-10,5.33,True
300,4,19,118,2025-04-28,1.75,False
301,4,5,33,2026-04-01,5.76,True
302,4,30,179,2024-04-25,0.7,True
303,4,20,124,2025-04-04,2.82,True
304,4,17,97,2024-04-05,5.48,False
305,4,11,69,2025-09-05,7.51,True
306,4,5,31,2025-10-27,4.98,True
307,4,21,132,2025-08-19,5.3,True
308,4,26,,2025-01-10,3.24,True
309,4,10,,2025-08-18,6.62,False
310,4,23,141,2025-01-01,0.57,True
311,4,10,61,2024-03-08,4.61,True
312,4,29,173,2024-11-11,1.72,True
313,4,13,76,2024-11-25,1.09,True
314,4,17,101,2026-06-05,5.7,True
315,4,7,42,2024-07-18,2.67,True
316,4,20,124,2025-11-28,4.19,True
317,4,16,94,2025-01-14,6.39,True
318,4,9,50,2025-09-08,4.03,True
319,5,1,7,2024-11-21,3.39,False
320,5,15,87,2026-06-02,5.5,True
321,5,13,77,2025-04-22,1.69,True
322,5,24,148,2024-03-07,2.4,True
323,5,7,42,2024-09-19,7.8,True
324,5,14,82,2025-01-16,4.89,True
325,5,8,,2023-09-25,4.86,True
326,5,30,175,2023-10-31,3.17,True
327,5,18,105,2026-03-26,2.25,False
328,5,26,158,2025-12-15,6.0,True
329,5,13,75,2024-11-25,7.24,True
330,5,15,90,2024-07-23,4.75,True
331,5,11,66,2024-05-24,1.02,True
332,5,10,59,2025-07-21,3.91,False
333,5,17,98,2023-08-08,5.15,True
334,5,20,124,2023-11-07,5.44,True
335,5,4,,2023-11-14,0.83,False
336,5,6,38,2024-02-05,4.14,True
337,5,19,117,2026-03-30,4.44,True
338,5,9,,2024-09-25,5.04,True
339,5,30,178,2023-12-11,4.01,True
340,5,12,71,2025-07-25,6.46,True
341,5,20,119,2023-11-22,6.76,True
342,5,7,42,2024-01-24,5.94,True
343,5,7,44,2024-11-21,4.78,False
344,5,18,109,2024-02-02,6.25,True
345,5,22,137,2024-01-30,1.75,True
346,5,18,108,2025-07-31,3.59,True
347,5,27,164,2024-11-04,4.72,True
348,5,25,153,2025-07-07,7.71,True
349,5,10,59,2024-04-02,7.95,True
350,5,1,6,2025-01-16,7.39,True
351,5,19,113,2024-01-10,0.78,True
352,5,9,50,2025-09-26,4.77,True
353,5,3,19,2024-06-19,4.16,False
354,5,23,138,2025-03-07,0.78,False
355,5,13,,2023-10-23,7.41,True
356,5,28,171,2023-07-24,5.25,True
357,5,2,8,2025-04-14,4.55,True
358,5,17,98,2023-10-12,5.55,False
359,5,15,87,2024-09-27,3.74,False
360,5,19,117,2024-12-19,1.14,True
361,5,25,152,2026-03-11,4.69,True
362,5,21,129,2024-11-08,1.04,False
363,5,11,63,2024-02-16,5.54,True
364,5,25,153,2025-12-22,5.17,True
365,5,30,176,2025-08-04,1.67,True
366,5,1,7,2024-02-13,2.79,True
367,5,11,65,2024-08-21,4.6,False
368,5,18,105,2023-08-07,3.32,False
369,5,17,,2024-06-13,0.95,True
370,5,21,127,2025-09-03,5.45,True
371,5,30,175,2023-08-09,2.69,False
372,5,13,79,2026-05-07,7.82,True
373,5,11,63,2024-07-16,1.99,False
374,5,18,103,2023-09-20,2.36,True
375,5,11,64,2023-08-07,3.1,True
376,5,21,132,2023-08-30,7.58,False
377,5,3,20,2024-10-08,3.63,True
378,5,14,85,2025-05-05,3.87,True
379,5,21,129,2024-04-08,2.82,True
380,5,17,100,2024-04-23,5.42,True
381,5,6,41,2026-06-26,7.61,True
382,5,11,64,2023-08-30,6.24,False
383,5,14,83,2025-12-24,6.09,False
384,5,21,130,2024-05-07,6.34,True
385,5,20,120,2024-10-18,2.23,True
386,5,17,100,2025-08-04,1.88,True
387,5,2,8,2025-01-03,7.63,True
388,5,22,135,2023-11-13,1.83,False
389,5,13,79,2025-04-01,3.46,False
390,5,19,111,2026-06-01,1.32,True
391,5,29,,2024-11-15,4.39,True
392,5,24,,2025-09-01,4.37,True
393,5,2,15,2025-09-23,7.13,False
394,5,3,16,2024-07-03,6.34,False
395,5,23,141,2025-10-24,2.93,True
396,5,3,19,2026-05-13,5.09,True
397,5,19,113,2024-05-28,7.02,True
398,5,10,58,2025-02-11,5.2,True
399,5,1,7,2026-04-17,4.58,True
400,5,15,87,2023-07-14,2.34,True
401,5,20,125,2024-08-29,0.87,True
402,5,21,128,2023-09-05,5.5,False
403,5,10,55,2023-10-09,1.32,False
404,5,6,41,2024-06-28,7.75,True
405,5,12,70,2025-03-04,2.92,False
406,5,27,162,2026-02-19,1.51,True
407,5,9,53,2026-06-09,2.07,True
408,5,2,9,2026-03-17,5.93,True
409,5,26,158,2025-11-21,5.07,True
410,5,17,101,2025-06-24,7.45,True
411,5,16,96,2026-04-15,4.19,True
412,5,20,121,2024-07-31,0.51,True
413,5,21,129,2025-10-27,3.61,True
414,5,18,106,2023-07-24,5.3,True
415,5,9,52,2025-03-06,4.3,True
416,5,1,3,2025-05-30,3.47,True
417,5,1,2,2025-05-07,6.75,False
418,5,16,91,2024-04-04,4.11,True
419,5,29,173,2026-02-02,6.38,True
420,5,24,,2026-06-02,2.75,True
421,5,11,62,2024-08-30,4.83,True
422,5,30,177,2023-11-13,7.77,True
423,5,1,4,2026-06-29,6.82,True
424,5,9,53,2024-10-29,3.29,False
425,6,10,56,2024-01-18,6.67,False
426,6,22,135,2023-09-13,3.95,True
427,6,17,99,2023-09-29,5.65,True
428,6,17,102,2025-03-31,0.67,False
429,6,21,131,2024-08-14,1.94,True
430,6,11,63,2025-01-09,1.62,True
431,6,1,5,2026-05-18,1.27,True
432,6,18,105,2025-01-31,4.81,True
433,6,10,57,2025-12-25,0.88,True
434,6,2,,2025-09-10,1.84,True
435,6,3,19,2024-03-26,1.2,False
436,6,23,141,2025-03-27,5.63,True
437,6,28,168,2025-07-14,3.44,True
438,6,22,136,2026-01-14,4.16,True
439,6,4,28,2024-06-14,2.62,True
440,6,19,112,2025-10-08,6.63,False
441,6,11,63,2025-03-10,4.5,True
442,6,14,82,2024-05-21,7.8,True
443,6,11,68,2025-12-08,4.75,True
444,6,23,143,2023-12-07,6.05,True
445,6,27,164,2026-02-03,2.94,True
446,6,15,90,2023-11-20,4.99,True
447,6,20,122,2025-05-01,4.21,True
448,6,25,152,2026-01-13,4.48,True
449,6,19,114,2025-04-09,2.75,False
450,6,22,137,2025-06-05,7.93,True
451,6,20,122,2024-03-18,6.89,True
452,6,28,166,2024-10-24,3.74,True
453,6,21,132,2025-10-09,3.36,True
454,6,5,31,2024-04-01,0.59,True
455,6,5,36,2025-12-11,7.81,True
456,6,5,35,2026-01-19,7.2,True
457,6,30,176,2026-01-16,4.32,True
458,6,15,88,2024-07-15,3.69,True
459,6,16,92,2026-04-23,2.52,False
460,6,19,111,2026-03-16,5.79,True
461,6,16,91,2024-04-16,5.98,True
462,6,17,,2023-12-29,2.34,True
463,6,22,134,2025-03-31,5.1,False
464,6,18,110,2026-01-15,4.34,True
465,6,10,60,2025-03-14,5.95,True
466,6,22,134,2025-02-07,4.14,True
467,6,3,18,2024-11-28,1.49,True
468,6,28,171,2024-02-14,5.03,False
469,6,26,157,2026-03-20,1.86,True
470,6,2,9,2024-04-23,4.97,False
471,6,8,46,2024-09-04,4.83,False
472,6,2,9,2023-10-16,1.76,True
473,6,10,61,2026-06-25,2.25,True
474,6,28,168,2026-01-05,3.37,True
475,6,17,97,2024-01-16,7.38,True
476,6,28,171,2025-01-09,3.01,True
477,6,4,27,2026-01-30,6.3,True
478,6,17,102,2024-07-03,2.85,True
479,6,1,1,2025-10-20,1.23,True
480,6,15,89,2024-11-27,1.95,True
481,6,3,,2024-09-17,7.63,True
482,6,13,75,2024-02-13,5.72,True
483,6,15,87,2026-01-14,7.42,True
484,6,14,86,2025-04-23,2.43,False
485,6,9,53,2025-09-03,2.99,True
486,6,27,163,2023-11-20,4.19,False
487,6,20,124,2026-04-03,1.31,True
488,6,2,,2024-11-25,6.33,True
489,6,9,52,2025-09-09,4.81,True
490,6,4,26,2025-05-13,5.61,True
491,6,21,127,2025-07-18,4.51,False
492,6,3,18,2024-08-19,1.82,True
493,6,24,144,2024-07-30,0.69,False
494,6,16,94,2023-08-03,0.78,True
495,6,26,159,2024-02-28,2.09,True
496,6,17,102,2024-05-01,6.06,True
497,6,3,,2024-04-15,4.17,True
498,6,23,138,2024-06-17,5.24,False
499,6,27,163,2024-06-14,6.77,True
500,6,27,163,2024-09-24,0.97,True
501,6,11,68,2025-04-25,1.41,True
502,6,18,106,2023-10-02,4.95,True
503,6,23,139,2025-12-15,2.33,True
504,6,25,154,2023-12-13,0.55,True
505,6,20,122,2023-12-28,5.2,False
506,6,12,72,2024-10-25,1.94,False
507,6,4,24,2026-02-05,6.28,True
508,6,9,,2024-02-16,6.47,True
509,6,30,176,2024-05-23,5.53,True
510,6,9,53,2023-09-27,1.28,True
511,6,18,103,2026-03-20,4.36,True
512,6,8,49,2025-04-28,3.64,True
513,6,29,172,2025-04-28,2.21,True
514,6,14,84,2024-09-24,1.05,True
515,6,30,176,2025-09-01,3.3,True
516,6,14,83,2024-09-23,7.15,True
517,6,28,170,2026-02-24,6.78,True
518,6,29,172,2023-07-11,3.63,True
519,6,16,95,2023-09-07,3.69,True
520,6,26,156,2026-01-12,4.21,True
521,6,25,,2025-10-10,7.62,True
522,6,10,55,2023-08-02,4.1,True
523,6,15,88,2025-10-08,1.89,False
524,6,21,126,2023-11-22,3.39,True
525,6,17,,2025-11-19,6.15,True
526,7,20,125,2024-08-28,6.41,True
527,7,29,172,2026-05-20,7.59,True
528,7,12,70,2025-07-18,3.25,True
529,7,23,,2024-08-23,1.54,True
530,7,18,110,2024-09-02,6.15,False
531,7,11,66,2026-04-27,5.6,True
532,7,17,97,2026-02-17,5.82,True
533,7,18,110,2025-07-23,6.5,False
534,7,29,172,2023-12-12,3.43,True
535,7,3,18,2024-02-15,5.73,True
536,7,28,171,2023-08-16,2.7,False
537,7,18,110,2025-06-10,3.65,True
538,7,1,1,2023-08-15,7.04,True
539,7,17,100,2025-06-02,5.42,False
540,7,27,163,2025-03-14,4.75,False
541,7,10,57,2024-10-07,4.13,False
542,7,25,152,2025-06-23,2.63,False
543,7,20,124,2025-02-04,1.87,True
544,7,23,143,2024-05-10,1.71,True
545,7,10,55,2025-10-06,7.48,False
546,7,24,148,2025-05-09,5.35,True
547,7,23,141,2023-09-21,1.55,True
548,7,10,,2024-09-24,3.84,True
549,7,1,,2025-12-29,5.58,False
550,7,17,100,2025-04-11,5.02,True
551,7,2,13,2025-09-22,1.61,False
552,7,12,71,2023-12-27,2.12,False
553,7,24,150,2025-12-23,2.66,False
554,7,29,173,2024-04-11,6.77,True
555,7,5,36,2026-06-10,7.9,True
556,7,19,112,2023-07-14,3.57,False
557,7,7,43,2025-02-12,4.65,True
558,7,27,164,2025-03-14,4.21,True
559,7,8,,2023-07-06,1.66,True
560,7,21,133,2024-03-11,5.4,False
561,7,14,86,2024-11-13,0.71,False
562,7,16,91,2025-07-10,4.86,True
563,7,23,140,2026-05-15,6.0,True
564,7,9,50,2024-04-25,2.9,False
565,7,5,29,2025-01-09,3.21,True
566,7,12,,2025-02-17,4.47,False
567,7,17,102,2024-07-10,6.24,True
568,7,18,105,2023-07-27,1.53,True
569,7,25,153,2024-05-29,1.27,True
570,7,8,49,2026-06-11,6.85,True
571,7,15,87,2024-03-25,7.43,True
572,7,10,56,2025-12-22,7.17,True
573,7,5,31,2024-10-07,2.81,True
574,7,3,16,2023-12-07,0.64,True
575,7,14,,2024-02-06,0.75,True
576,7,19,,2024-02-29,7.31,True
577,7,26,157,2024-08-13,1.89,True
578,7,3,18,2025-06-12,3.14,False
579,7,25,152,2026-04-30,4.78,True
580,7,24,,2024-09-11,7.4,False
581,7,15,87,2024-07-05,6.76,False
582,7,25,153,2023-09-22,1.12,True
583,7,13,77,2025-12-26,2.19,True
584,7,22,134,2026-04-02,5.54,True
585,7,17,97,2024-03-01,1.58,True
586,7,19,113,2023-11-10,3.23,True
587,7,7,43,2024-03-08,2.25,True
588,7,16,96,2025-01-10,6.17,False
589,7,13,79,2026-03-19,4.34,True
590,7,16,92,2023-08-30,1.25,True
591,7,3,16,2024-07-01,3.37,True
592,7,5,30,2023-12-04,5.46,True
593,7,16,92,2025-02-21,5.47,True
594,7,25,,2025-11-28,7.1,True
595,7,15,90,2025-12-23,3.95,True
596,7,16,93,2025-09-04,4.16,True
597,7,18,103,2025-09-09,2.48,True
598,7,5,34,2023-08-25,6.24,True
599,7,13,,2025-06-06,7.94,True
600,7,2,11,2024-10-23,5.36,True
601,7,30,177,2024-02-20,3.03,True
602,7,11,,2025-11-12,4.76,False
603,7,9,,2026-02-16,4.91,False
604,7,13,78,2024-01-17,6.56,True
605,7,26,158,2024-06-06,5.11,True
606,7,9,,2025-10-01,6.53,True
607,7,3,20,2024-01-11,4.94,True
608,7,19,118,2025-11-21,2.07,False
609,7,21,130,2025-12-03,5.48,True
610,7,14,85,2026-05-21,3.9,False
611,7,6,41,2024-07-17,4.83,True
612,7,27,163,2024-12-30,7.53,True
613,7,20,122,2023-10-31,4.42,True
614,7,5,33,2025-12-08,3.58,False
615,7,30,,2024-08-20,6.84,True
616,7,1,7,2025-03-27,3.98,True
617,7,6,37,2024-12-11,6.42,True
618,7,26,,2023-12-19,2.85,True
619,7,3,19,2025-07-14,5.54,False
620,7,4,22,2026-06-03,5.48,True
621,7,29,,2024-03-07,6.3,True
622,7,6,39,2025-12-17,3.56,False
623,8,21,126,2023-10-20,5.68,False
624,8,8,48,2025-03-25,5.29,True
625,8,29,172,2026-06-30,7.0,False
626,8,13,,2025-09-12,7.46,False
627,8,10,,2024-10-25,2.73,False
628,8,6,39,2025-10-10,6.42,True
629,8,3,19,2026-02-19,6.03,False
630,8,11,63,2024-05-24,5.74,True
631,8,12,72,2025-04-30,3.9,True
632,8,2,10,2025-12-25,6.43,True
633,8,13,77,2025-04-03,4.82,True
634,8,26,159,2026-03-06,7.05,True
635,8,6,39,2025-01-28,1.99,True
636,8,6,40,2024-10-02,0.66,True
637,8,15,88,2023-10-10,3.51,True
638,8,9,52,2024-06-13,7.6,True
639,8,23,141,2026-04-08,1.39,True
640,8,28,167,2025-01-30,5.95,True
641,8,6,38,2023-08-28,2.68,True
642,8,1,7,2025-04-23,7.81,True
643,8,7,44,2025-11-13,6.02,True
644,8,4,21,2025-05-12,7.48,True
645,8,12,72,2023-10-02,0.54,True
646,8,13,79,2025-07-29,1.49,False
647,8,2,12,2024-06-12,4.28,False
648,8,29,172,2025-04-10,5.83,True
649,8,9,50,2024-03-18,4.24,False
650,8,9,53,2025-01-30,7.27,True
651,8,11,64,2025-04-07,6.03,True
652,8,5,36,2023-10-17,1.92,True
653,8,6,40,2024-02-23,7.96,False
654,8,2,15,2026-01-23,4.2,False
655,8,28,168,2024-01-08,2.03,True
656,8,27,164,2025-01-09,4.72,True
657,8,7,42,2026-06-12,6.25,True
658,8,30,,2026-04-16,5.58,False
659,8,1,6,2024-03-06,3.46,True
660,8,4,23,2023-08-29,1.11,False
661,8,22,136,2023-07-12,2.97,True
662,8,20,121,2024-03-21,2.09,True
663,8,21,126,2023-11-22,4.6,True
664,8,28,169,2025-10-02,2.64,False
665,8,21,130,2026-04-01,6.51,True
666,8,30,179,2024-03-25,3.19,True
667,8,12,71,2025-12-29,7.14,True
668,8,19,112,2025-11-12,6.58,True
669,8,14,81,2023-09-21,4.35,False
670,8,22,135,2026-04-10,4.45,True
671,8,30,177,2024-04-30,7.88,True
672,8,10,59,2023-12-04,7.38,True
673,8,17,97,2026-02-06,5.46,True
674,8,9,54,2023-12-15,6.26,True
675,8,24,145,2024-07-08,6.82,True
676,8,14,83,2025-04-03,4.9,True
677,8,22,136,2025-05-30,7.75,False
678,8,6,37,2024-12-13,7.04,True
679,8,18,,2025-09-16,1.38,True
680,8,16,94,2026-03-23,2.77,False
681,8,20,124,2025-09-16,6.53,True
682,8,5,,2024-02-15,6.62,True
683,8,7,42,2026-03-12,5.36,True
684,8,14,85,2024-07-25,1.15,False
685,8,6,40,2026-03-20,4.04,False
686,8,19,115,2025-09-10,0.88,True
687,8,21,132,2025-10-29,6.86,True
688,8,20,121,2023-09-14,4.16,True
689,8,19,118,2024-10-17,5.86,True
690,8,14,85,2023-11-08,2.51,True
691,8,29,173,2025-06-10,3.86,True
692,8,6,38,2026-02-16,3.08,True
693,8,5,35,2025-10-31,6.75,True
694,8,24,147,2024-05-27,5.16,True
695,8,5,31,2026-04-03,1.26,True
696,8,16,92,2023-10-05,7.99,True
697,8,27,164,2023-09-04,6.55,True
698,8,4,22,2024-10-01,4.15,False
699,8,29,174,2026-05-21,5.03,True
700,8,2,15,2026-01-22,7.72,False
701,8,17,102,2024-02-27,7.03,False
702,8,21,128,2024-03-08,6.86,True
703,8,14,81,2024-11-14,6.76,True
704,8,10,55,2024-12-26,3.29,False
705,8,12,70,2024-05-06,6.15,True
706,8,26,159,2025-10-24,7.39,False
707,8,28,171,2025-07-10,7.58,True
708,8,25,,2026-05-25,7.58,True
709,8,11,64,2025-12-05,0.96,False
710,8,22,135,2023-10-27,7.83,False
711,8,26,158,2025-11-05,3.52,True
712,8,18,108,2025-06-04,0.56,True
713,8,29,174,2025-10-06,6.32,False
714,8,3,,2025-05-16,3.42,True
715,8,7,,2025-03-31,4.41,False
716,8,6,,2024-12-11,2.31,False
717,8,24,148,2024-02-12,5.99,False
718,8,2,9,2026-01-05,2.73,True
719,8,28,168,2025-03-04,2.63,False
720,8,23,139,2025-08-12,4.4,True
721,8,11,65,2025-07-09,3.91,True
722,8,14,81,2024-01-05,0.97,False
723,8,19,117,2025-12-18,5.67,False
724,8,24,150,2024-05-29,1.58,True
725,8,30,179,2025-10-14,1.33,True
726,8,10,,2024-05-09,1.38,True
727,8,6,40,2023-07-05,1.42,True
728,8,28,,2026-03-12,4.8,True
729,8,27,164,2024-03-28,6.21,True
730,8,15,90,2024-05-01,7.0,True
731,8,26,159,2025-09-01,2.25,True
732,8,18,,2025-12-24,6.02,True
733,8,28,166,2025-03-24,4.71,True
734,8,18,,2023-10-17,7.68,True
735,9,22,135,2023-08-08,2.56,True
736,9,27,164,2025-12-26,1.13,True
737,9,11,62,2026-04-02,6.96,True
738,9,14,81,2026-06-16,2.88,True
739,9,4,23,2025-02-04,1.58,True
740,9,3,19,2024-06-11,0.94,False
741,9,10,57,2024-04-17,3.6,True
742,9,16,95,2025-08-27,7.62,True
743,9,16,,2024-10-21,7.35,True
744,9,19,112,2026-04-20,2.03,False
745,9,12,70,2024-11-14,4.53,True
746,9,30,175,2023-07-03,6.59,False
747,9,2,15,2025-01-10,4.98,False
748,9,13,76,2026-05-11,2.61,True
749,9,13,75,2025-01-23,7.09,True
750,9,21,133,2025-01-10,2.34,False
751,9,11,67,2023-08-02,7.36,True
752,9,30,,2026-03-02,0.53,True
753,9,6,40,2025-09-12,4.54,False
754,9,22,137,2025-07-03,3.4,False
755,9,26,156,2024-03-12,3.97,False
756,9,15,,2023-08-10,6.19,True
757,9,23,138,2025-03-12,6.56,True
758,9,1,7,2025-09-19,1.33,True
759,9,17,101,2024-07-31,5.45,True
760,9,24,145,2023-08-17,7.94,True
761,9,18,110,2023-07-05,7.53,True
762,9,21,,2025-04-22,3.74,False
763,9,9,54,2026-02-10,4.22,True
764,9,2,11,2023-10-05,2.58,True
765,9,15,90,2024-08-02,3.01,False
766,9,7,43,2023-11-06,5.19,True
767,9,16,91,2025-05-15,6.8,True
768,9,16,93,2023-10-20,6.66,True
769,9,8,49,2025-12-15,6.23,True
770,9,19,111,2023-09-07,3.33,False
771,9,23,,2024-03-18,0.97,False
772,9,15,90,2024-01-24,3.05,False
773,9,26,,2026-05-25,2.96,True
774,9,4,,2023-11-16,4.95,False
775,9,29,174,2026-05-08,2.42,True
776,9,5,29,2024-03-18,2.84,True
777,9,21,130,2024-04-24,1.61,True
778,9,11,62,2026-05-26,4.9,True
779,9,2,8,2025-11-11,3.08,False
780,9,21,127,2025-05-30,1.92,True
781,9,23,142,2025-05-09,6.89,True
782,9,8,46,2024-10-14,4.0,True
783,9,16,93,2025-08-08,2.04,True
784,9,1,1,2025-07-02,0.73,True
785,9,10,60,2025-07-07,0.83,True
786,9,7,42,2024-12-18,5.89,True
787,9,18,106,2023-08-14,1.82,True
788,9,17,101,2025-12-05,7.09,True
789,9,5,31,2024-07-23,1.94,True
790,9,12,71,2024-11-12,7.41,False
791,9,19,115,2024-04-30,2.96,True
792,9,26,157,2026-05-06,7.76,False
793,9,7,43,2023-11-10,1.76,True
794,9,29,174,2025-08-05,4.24,True
795,9,11,69,2026-04-09,4.05,True
796,9,21,126,2024-08-28,2.15,True
797,9,28,167,2025-03-18,3.69,True
798,9,6,39,2024-12-03,4.63,True
799,9,3,20,2025-06-20,2.23,True
800,9,17,100,2026-01-09,4.01,True
801,9,26,158,2025-08-22,0.69,True
802,9,10,59,2023-12-08,6.39,False
803,9,18,106,2025-05-05,2.38,True
804,9,25,153,2024-07-25,5.79,False
805,9,28,171,2024-12-16,0.56,True
806,9,27,163,2025-10-08,6.66,False
807,9,1,5,2024-05-01,6.99,True
808,9,24,147,2024-10-21,4.37,False
809,9,25,154,2025-05-28,6.44,True
810,9,7,44,2023-08-31,3.31,True
811,9,26,158,2025-05-26,2.19,True
812,9,25,155,2025-03-05,2.95,True
813,9,26,,2024-04-10,1.65,False
814,9,11,68,2025-08-19,2.03,True
815,9,18,110,2024-02-08,2.97,False
816,9,4,23,2023-09-04,6.7,True
817,9,1,1,2025-08-29,2.63,True
818,9,22,137,2023-10-26,3.26,True
819,9,11,68,2025-09-08,1.68,True
820,9,18,104,2025-09-04,7.66,False
821,9,5,33,2025-12-02,6.63,True
822,9,6,39,2024-08-19,4.27,True
823,9,9,51,2025-12-29,0.98,True
824,9,26,158,2026-04-01,3.95,True
825,9,24,,2026-01-20,3.1,False
826,9,26,157,2025-10-28,2.37,False
827,9,24,147,2024-07-10,5.74,True
828,9,9,54,2025-02-17,5.5,True
829,9,24,145,2026-04-06,3.58,False
830,9,4,22,2024-02-01,4.28,False
831,9,14,83,2024-08-28,4.3,True
832,9,3,19,2025-08-19,3.08,True
833,9,7,42,2024-11-25,1.36,False
834,9,11,69,2026-03-19,3.96,True
835,9,16,92,2024-06-14,6.79,True
836,9,6,41,2025-09-08,1.76,True
837,9,1,2,2025-12-19,3.19,True
838,9,2,11,2025-12-22,5.73,False
839,9,23,138,2023-07-10,0.86,True
840,9,7,43,2024-10-31,2.0,True
841,9,26,157,2024-06-07,0.83,True
842,9,27,164,2024-07-23,5.19,False
843,9,13,74,2024-10-18,2.1,True
844,10,6,,2025-04-08,0.59,True
845,10,8,,2025-01-21,5.37,True
846,10,9,54,2025-04-25,7.86,True
847,10,3,20,2026-01-05,3.37,True
848,10,1,1,2025-03-24,2.27,True
849,10,12,70,2024-05-06,3.32,True
850,10,8,49,2025-12-25,6.04,True
851,10,9,50,2026-06-01,6.44,True
852,10,28,168,2024-11-08,2.04,True
853,10,6,37,2023-11-10,7.02,True
854,10,7,,2024-04-15,7.54,True
855,10,17,,2026-02-11,2.84,True
856,10,8,49,2024-11-21,2.77,True
857,10,21,133,2023-12-11,7.63,True
858,10,13,80,2025-11-12,4.29,True
859,10,25,154,2023-08-10,6.21,True
860,10,3,18,2024-05-08,4.65,True
861,10,13,80,2025-01-31,3.31,True
862,10,5,29,2023-07-27,6.96,True
863,10,12,71,2025-09-16,7.78,True
864,10,16,95,2023-11-23,3.57,True
865,10,30,179,2024-05-28,1.96,True
866,10,23,143,2025-07-24,5.72,True
867,10,30,176,2024-11-08,4.08,False
868,10,23,139,2024-12-17,5.04,False
869,10,5,31,2023-07-26,1.38,True
870,10,23,141,2023-12-12,4.39,True
871,10,14,84,2024-11-29,5.69,True
872,10,4,26,2024-04-18,2.52,True
873,10,24,146,2023-07-14,7.9,False
874,10,6,38,2024-04-01,1.99,True
875,10,4,24,2024-07-15,2.01,True
876,10,26,158,2025-10-15,3.81,False
877,10,4,23,2023-12-11,2.7,True
878,10,9,,2023-08-30,4.89,True
879,10,22,134,2023-11-03,2.5,False
880,10,22,134,2024-01-15,2.08,False
881,10,16,95,2025-11-26,3.02,True
882,10,11,65,2025-07-09,5.49,True
883,10,2,13,2024-01-22,0.52,False
884,10,13,75,2023-08-22,5.01,False
885,10,9,51,2025-07-24,3.89,True
886,10,28,169,2024-07-19,0.52,True
887,10,27,165,2025-07-07,7.05,False
888,10,24,147,2024-10-21,5.05,True
889,10,30,178,2024-01-22,6.01,True
890,10,7,44,2026-04-29,0.74,True
891,10,3,20,2026-02-11,1.76,True
892,10,4,21,2024-05-24,7.47,True
893,10,13,76,2024-12-09,5.49,False
894,10,22,135,2026-06-29,5.25,True
895,10,26,157,2023-11-10,5.33,True
896,10,23,143,2025-08-20,5.4,False
897,10,28,167,2024-09-30,2.44,True
898,10,24,148,2025-07-23,1.46,True
899,10,13,73,2025-03-28,0.96,True
900,10,28,169,2025-04-15,6.28,False
901,10,30,179,2024-09-27,1.3,True
902,10,28,167,2025-02-27,6.78,True
903,10,15,89,2024-04-24,6.1,False
904,10,27,164,2025-04-16,2.82,False
905,10,26,157,2024-10-03,5.75,True
906,10,28,169,2025-09-10,2.74,False
907,10,30,175,2025-09-11,3.03,True
908,10,23,141,2024-01-16,1.48,False
909,10,19,111,2025-03-14,3.93,True
910,10,24,146,2024-01-25,5.59,False
911,10,16,91,2024-02-26,7.85,True
912,10,8,,2024-11-05,3.47,True
913,10,20,124,2025-08-07,6.32,False
914,10,22,137,2025-08-21,2.56,True
915,10,3,20,2024-10-03,0.67,True
916,10,19,112,2024-07-05,3.38,False
917,10,23,142,2024-03-13,1.25,True
918,10,18,110,2023-11-08,4.39,True
919,10,23,143,2024-03-11,6.15,True
920,10,22,135,2024-07-03,0.54,True
921,10,11,64,2024-08-26,5.39,True
922,10,9,50,2023-12-21,7.85,True
923,10,12,70,2025-11-13,7.83,True
924,10,8,49,2025-02-20,5.44,True
925,10,19,116,2026-06-05,7.33,False
926,10,20,120,2024-01-19,5.47,True
927,10,2,12,2024-09-13,7.68,True
928,10,7,43,2024-03-20,5.97,True
929,10,18,109,2024-05-30,3.5,True
930,10,9,51,2024-08-21,1.03,True
931,10,21,129,2025-08-01,4.73,True
932,10,17,100,2024-05-10,2.87,False
933,10,13,,2024-11-18,1.08,True
934,10,4,27,2023-11-13,2.97,True
935,10,30,177,2024-04-25,7.02,True
936,10,13,74,2024-06-24,4.45,False
937,10,19,118,2024-01-12,4.47,True
938,10,28,168,2024-01-19,7.22,True
939,10,25,153,2026-06-23,4.64,False
940,10,13,75,2024-12-12,0.57,True
941,10,5,31,2025-08-14,4.76,True
942,10,30,177,2024-11-22,5.59,True
943,10,17,100,2026-06-01,7.56,False
944,10,27,165,2023-12-26,7.61,True
945,10,11,63,2023-12-05,5.97,False
946,10,6,37,2025-02-05,4.66,True
947,10,22,135,2026-03-09,4.23,True
948,10,22,134,2025-10-08,0.6,True
949,10,27,165,2025-11-17,5.77,True
950,10,8,49,2023-09-25,5.06,False
951,10,3,17,2026-05-18,3.15,True
952,12,11,65,2024-02-27,2.68,True
953,12,7,44,2026-05-21,6.69,True
954,12,15,90,2023-10-26,3.17,True
955,12,11,63,2023-07-11,3.12,True
956,12,16,95,2026-05-19,7.24,True
957,12,8,47,2025-03-04,3.23,False
958,12,18,104,2025-12-15,5.42,True
959,12,5,35,2023-07-12,3.19,False
960,12,7,43,2023-09-21,1.5,True
961,12,16,93,2024-02-29,3.66,True
962,12,25,154,2026-04-23,5.94,True
963,12,27,160,2024-02-06,6.45,True
964,12,2,13,2025-11-26,7.82,True
965,12,3,17,2024-05-08,5.97,True
966,12,9,52,2024-11-18,5.5,True
967,12,16,91,2026-04-24,5.08,True
968,12,28,171,2024-04-30,2.22,True
969,12,2,11,2024-04-25,3.7,True
970,12,17,102,2024-10-16,2.16,True
971,12,4,25,2025-06-18,5.84,True
972,12,29,,2023-09-22,0.5,True
973,12,11,69,2025-01-24,7.31,True
974,12,6,40,2025-07-14,3.01,True
975,12,11,67,2026-06-18,5.04,True
976,12,9,53,2023-12-26,7.15,True
977,12,24,144,2024-07-25,1.95,True
978,12,4,,2025-06-02,2.76,True
979,12,25,152,2023-09-28,1.46,True
980,12,23,142,2025-06-11,7.21,True
981,12,23,141,2023-11-16,4.12,True
982,12,23,140,2023-10-02,7.67,True
983,12,23,141,2026-04-09,5.64,False
984,12,3,20,2025-08-25,4.72,True
985,12,6,41,2023-07-19,7.09,False
986,12,15,89,2025-03-13,6.89,True
987,12,9,51,2024-10-01,0.84,True
988,12,2,12,2024-03-29,2.53,False
989,12,21,129,2026-06-29,1.37,True
990,12,21,131,2025-04-25,1.12,True
991,12,18,105,2025-10-14,7.24,True
992,12,8,47,2024-06-26,2.42,True
993,12,22,134,2025-08-21,7.59,True
994,12,21,129,2025-12-22,2.15,True
995,12,19,117,2024-05-14,3.85,True
996,12,14,84,2024-01-08,4.22,True
997,12,27,161,2026-03-31,7.58,True
998,12,10,,2024-05-29,7.14,False
999,12,22,134,2024-04-19,1.04,True
1000,12,30,178,2024-01-22,5.93,True
1001,12,13,74,2023-07-28,6.23,True
1002,12,2,9,2024-12-30,1.57,True
1003,12,18,108,2023-12-22,2.02,True
1004,12,19,113,2025-03-21,2.99,True
1005,12,1,1,2025-02-27,1.27,False
1006,12,8,46,2025-06-23,5.42,True
1007,12,29,174,2024-02-16,4.19,False
1008,12,8,47,2025-07-01,1.07,True
1009,12,12,70,2023-09-27,5.03,True
1010,12,17,98,2025-11-17,1.63,True
1011,12,10,57,2025-06-13,7.07,True
1012,12,16,93,2023-12-04,6.42,False
1013,12,5,31,2025-04-16,1.61,True
1014,12,26,159,2023-11-15,1.35,True
1015,12,24,144,2025-04-22,7.96,True
1016,12,16,94,2025-05-13,1.54,False
1017,12,30,178,2026-04-14,4.54,True
1018,12,18,109,2023-12-19,4.86,True
1019,12,19,114,2023-12-26,2.26,True
1020,12,28,,2026-02-25,7.68,False
1021,12,2,13,2024-04-11,2.71,True
1022,12,28,169,2024-11-08,2.08,True
1023,12,24,149,2024-04-19,3.33,True
1024,12,8,,2025-10-30,1.62,True
1025,12,24,148,2025-03-05,4.03,True
1026,12,15,87,2025-02-07,1.33,True
1027,12,21,,2024-06-20,4.27,True
1028,12,27,163,2024-12-10,7.39,True
1029,12,23,139,2025-01-07,7.8,True
1030,12,5,35,2023-10-23,2.14,True
1031,12,24,148,2023-12-06,6.62,True
1032,12,11,68,2025-08-18,1.74,False
1033,12,21,130,2024-02-08,1.28,True
1034,12,7,43,2024-07-19,4.64,True
1035,12,19,118,2023-10-02,0.86,True
1036,12,10,,2025-06-30,6.14,False
1037,12,5,30,2025-05-09,3.55,True
1038,12,4,23,2023-08-18,4.9,True
1039,12,19,111,2025-02-14,1.71,True
1040,12,3,16,2024-10-17,7.13,False
1041,12,21,128,2026-04-23,4.37,True
1042,12,21,131,2026-01-02,6.39,True
1043,12,12,71,2023-09-20,7.18,False
1044,12,13,74,2024-05-08,4.75,False
1045,12,4,23,2025-03-25,4.6,False
1046,12,26,159,2024-01-09,3.91,True
1047,12,10,57,2025-07-14,3.15,True
1048,12,23,140,2026-02-24,7.84,False
1049,12,19,116,2025-02-07,3.51,False
1050,12,30,178,2025-07-21,4.34,True
1051,12,15,87,2023-10-25,6.06,True
1052,12,27,161,2024-02-01,2.68,True
1053,12,13,76,2025-09-03,7.06,True
1054,12,12,72,2026-06-30,7.25,True
1055,12,7,43,2024-02-20,2.59,True
1056,12,5,31,2024-09-10,2.9,True
1057,12,20,119,2025-07-10,6.42,False
1058,12,7,,2023-08-16,7.64,True
1059,12,9,51,2023-12-19,1.56,True
1060,12,3,19,2025-11-06,4.44,True
1061,12,29,173,2025-02-28,1.73,True
1062,12,23,143,2025-09-04,6.67,True
1063,12,29,172,2024-04-22,2.93,False
1064,12,24,149,2025-04-09,0.61,False
1065,12,26,159,2024-12-20,4.41,True
1066,13,15,88,2026-01-06,5.29,True
1067,13,2,11,2025-11-07,5.72,False
1068,13,20,121,2024-09-02,7.64,False
1069,13,19,116,2025-07-15,0.62,False
1070,13,12,72,2025-11-19,4.42,False
1071,13,4,28,2025-11-24,3.3,True
1072,13,6,40,2025-02-03,6.84,True
1073,13,21,,2025-10-20,1.28,True
1074,13,20,119,2025-12-26,4.28,False
1075,13,22,137,2024-09-06,2.17,True
1076,13,13,80,2024-03-11,3.13,False
1077,13,12,72,2025-01-31,2.51,True
1078,13,10,61,2025-10-27,5.55,True
1079,13,30,175,2023-08-23,1.65,True
1080,13,27,165,2025-04-11,3.01,False
1081,13,14,84,2024-07-29,5.12,True
1082,13,2,14,2024-03-20,7.55,True
1083,13,24,146,2026-05-25,1.69,True
1084,13,23,142,2024-02-28,5.24,False
1085,13,27,162,2024-05-21,7.62,True
1086,13,3,,2023-07-24,5.22,True
1087,13,19,113,2026-01-15,5.26,False
1088,13,6,38,2025-02-28,1.95,False
1089,13,24,150,2025-08-13,6.28,True
1090,13,4,22,2024-02-05,1.56,True
1091,13,6,,2026-04-08,6.83,False
1092,13,7,43,2023-08-14,3.6,True
1093,13,21,,2025-11-06,3.31,True
1094,13,30,176,2024-07-03,2.74,False
1095,13,22,134,2024-02-26,7.82,False
1096,13,16,95,2023-07-11,1.69,True
1097,13,30,179,2023-08-30,4.52,True
1098,13,25,153,2024-02-21,7.24,True
1099,13,5,31,2024-12-30,2.55,True
1100,13,15,90,2025-12-10,4.34,True
1101,13,13,77,2024-06-04,6.46,False
1102,13,16,94,2025-11-14,4.97,True
1103,13,11,68,2025-11-26,2.0,True
1104,13,29,172,2026-01-06,1.75,True
1105,13,17,100,2025-02-21,5.03,False
1106,13,17,97,2024-02-20,1.85,True
1107,13,7,43,2024-04-23,6.35,True
1108,13,11,67,2024-09-10,3.99,False
1109,13,29,172,2025-08-28,2.63,True
1110,13,7,43,2023-12-01,4.8,True
1111,13,22,136,2025-04-16,1.99,True
1112,13,4,23,2025-04-30,4.93,True
1113,13,1,6,2023-07-10,7.34,True
1114,13,30,177,2023-08-03,1.02,True
1115,13,26,158,2025-01-13,2.88,True
1116,13,3,18,2026-04-07,5.09,True
1117,13,23,141,2024-03-05,6.82,False
1118,13,4,,2023-10-06,6.69,True
1119,13,6,,2025-07-25,6.62,True
1120,13,1,7,2023-10-16,2.45,False
1121,13,9,51,2026-01-29,1.4,True
1122,13,5,35,2026-01-01,5.51,True
1123,13,23,,2026-04-08,0.95,True
1124,13,7,43,2024-07-19,4.16,True
1125,13,27,164,2026-05-18,6.94,False
1126,13,9,52,2024-01-26,1.6,False
1127,13,24,144,2026-01-29,1.9,True
1128,13,22,136,2024-12-25,1.39,True
1129,13,17,99,2023-10-17,3.81,True
1130,13,2,14,2024-08-01,2.71,True
1131,13,20,123,2026-04-06,4.39,True
1132,13,4,,2023-09-12,4.81,True
1133,13,18,106,2025-10-06,3.44,True
1134,13,24,149,2024-12-31,4.21,True
1135,13,17,101,2026-03-03,6.04,False
1136,13,23,140,2023-11-20,1.75,True
1137,13,15,87,2026-02-26,3.71,True
1138,13,9,51,2023-07-20,4.96,False
1139,13,19,,2024-11-18,4.04,True
1140,13,1,3,2024-10-10,4.44,True
1141,13,26,159,2026-03-31,6.01,False
1142,13,9,52,2025-07-16,3.94,False
1143,13,10,59,2026-03-18,1.35,True
1144,13,28,167,2025-07-01,4.23,True
1145,13,7,42,2025-08-12,5.29,False
1146,13,29,174,2026-01-06,7.9,False
1147,13,6,39,2025-05-09,3.43,True
1148,13,23,142,2024-03-08,3.75,True
1149,13,15,89,2024-05-29,2.78,True
1150,13,26,159,2023-09-22,2.13,False
1151,13,4,,2025-03-18,0.54,True
1152,13,27,,2024-11-26,1.53,False
1153,13,23,143,2024-08-06,3.74,False
1154,13,10,58,2025-06-26,2.37,True
1155,13,13,74,2024-12-17,7.4,True
1156,13,6,39,2024-04-11,5.62,True
1157,13,10,,2026-01-30,4.59,True
1158,13,29,172,2024-04-09,4.45,True
1159,13,17,102,2025-07-02,4.01,True
1160,13,30,178,2023-12-29,6.17,True
1161,13,10,59,2026-05-14,3.3,True
1162,13,29,173,2023-10-18,6.17,True
1163,13,13,80,2026-05-26,3.95,True
1164,13,2,9,2025-05-13,4.96,False
1165,13,19,116,2023-11-02,1.41,True
1166,13,17,97,2024-08-23,4.37,True
1167,13,10,60,2023-07-14,6.54,True
1168,13,7,42,2024-05-09,5.03,True
1169,13,4,22,2026-02-25,0.68,True
1170,13,13,,2024-03-06,2.75,True
1171,13,5,32,2024-06-14,4.34,True
1172,14,7,43,2026-04-07,5.51,False
1173,14,16,93,2026-04-20,3.39,False
1174,14,15,90,2026-03-19,0.71,True
1175,14,19,115,2026-03-05,5.34,False
1176,14,20,121,2026-03-18,4.01,True
1177,14,12,72,2026-03-27,3.12,True
1178,14,5,34,2026-04-28,5.86,False
1179,14,13,,2026-06-16,5.34,True
1180,14,16,92,2026-05-13,5.81,True
1181,14,22,135,2026-05-29,2.93,False
1182,14,12,71,2026-03-09,0.84,False
1183,14,29,174,2026-06-23,3.38,False
1184,14,30,,2026-05-18,2.38,True
1185,14,5,32,2026-03-26,2.39,True
1186,14,14,82,2026-03-12,4.87,True
1187,14,22,,2026-03-05,6.58,False
1188,14,28,,2026-03-24,5.62,False
1189,14,24,147,2026-03-25,6.74,True
1190,14,16,93,2026-05-19,7.25,False
1191,14,26,,2026-04-24,5.19,False
1192,14,19,,2026-06-09,4.38,True
1193,14,23,139,2026-04-06,1.06,True
1194,14,28,170,2026-05-04,2.84,True
1195,14,18,104,2026-05-14,4.03,False
1196,14,9,50,2026-04-13,3.66,True
1197,14,29,172,2026-03-27,4.6,True
1198,14,30,175,2026-03-31,4.2,False
1199,14,19,111,2026-04-14,7.86,False
1200,14,20,119,2026-06-22,4.64,False
1201,14,9,50,2026-03-05,4.22,True
1202,14,12,71,2026-06-09,6.87,False
1203,14,1,1,2026-06-08,6.36,True
1204,14,20,124,2026-05-27,6.03,True
1205,14,2,14,2026-05-29,1.44,True
1206,14,18,110,2026-03-16,7.23,False
1207,14,30,,2026-03-30,1.19,True
1208,14,14,85,2026-05-12,0.84,False
1209,14,28,166,2026-03-10,0.92,True
1210,14,10,,2026-04-14,5.02,False
1211,14,10,58,2026-05-01,5.43,True
1212,14,3,20,2026-03-27,4.21,True
1213,14,23,140,2026-06-08,4.64,False
1214,14,8,47,2026-04-10,5.73,True
1215,14,20,119,2026-03-27,7.34,False
1216,14,26,157,2026-05-29,3.8,False
1217,14,4,,2026-06-16,0.75,True
1218,14,2,14,2026-03-24,5.45,True
1219,14,1,7,2026-06-23,3.02,False
1220,14,25,,2026-06-01,6.72,True
1221,14,14,86,2026-06-05,0.93,True
1222,14,13,77,2026-06-18,7.93,True
1223,14,17,100,2026-04-29,6.09,False
1224,14,5,33,2026-06-11,5.62,True
1225,14,8,47,2026-04-13,4.78,True
1226,14,9,52,2026-06-09,5.4,False
1227,14,15,,2026-03-02,4.0,False
1228,14,14,,2026-06-29,1.1,False
1229,14,6,39,2026-04-03,7.02,True
1230,14,21,126,2026-03-30,1.36,True
1231,14,22,137,2026-05-14,2.88,True
1232,14,9,50,2026-05-26,6.84,False
1233,14,18,106,2026-04-14,1.32,True
1234,14,4,24,2026-03-27,2.94,True
1235,14,27,160,2026-05-22,3.7,True
1236,14,1,7,2026-04-16,3.01,True
1237,14,21,130,2026-05-19,0.73,True
1238,14,10,59,2026-03-04,1.3,True
1239,14,11,67,2026-06-29,2.11,False
1240,14,25,151,2026-03-10,7.69,False
1241,14,19,117,2026-05-08,6.0,False
1242,14,17,101,2026-04-30,5.44,True
1243,14,11,66,2026-06-25,2.33,True
1244,14,25,152,2026-04-28,2.86,False
1245,14,14,83,2026-05-11,4.29,False
1246,14,21,129,2026-04-27,6.4,True
1247,14,18,109,2026-05-26,4.89,True
1248,14,9,52,2026-04-10,1.38,True
1249,14,21,129,2026-06-24,1.85,True
1250,14,18,110,2026-06-04,1.26,False
1251,14,3,20,2026-06-26,3.41,True
1252,14,10,61,2026-06-23,3.02,True
1253,14,4,21,2026-03-10,6.04,True
1254,14,15,90,2026-06-03,6.76,True
1255,14,16,96,2026-03-24,5.93,True
1256,14,27,160,2026-03-20,7.22,True
1257,14,11,66,2026-06-29,6.3,True
1258,14,16,95,2026-05-06,7.23,True
1259,14,13,75,2026-03-19,0.81,False
1260,14,17,101,2026-04-10,1.25,True
1261,14,8,47,2026-06-29,7.38,False
1262,14,25,152,2026-05-25,2.59,True
1263,14,18,105,2026-03-04,4.99,True
1264,14,16,91,2026-04-17,2.02,False
1265,14,19,118,2026-05-06,1.45,True
1266,14,29,173,2026-03-12,6.98,False
1267,14,24,146,2026-06-11,1.09,False
1268,14,17,100,2026-05-20,6.02,True
1269,14,3,18,2026-06-23,7.44,True
1270,14,30,179,2026-04-10,1.93,True
1271,14,27,160,2026-06-30,5.26,True
1272,14,5,32,2026-05-26,1.97,True
1273,15,3,17,2023-07-07,3.76,True
1274,15,20,120,2023-09-18,3.64,True
1275,15,16,92,2025-03-06,6.81,False
1276,15,22,137,2025-07-01,4.58,True
1277,15,8,47,2025-11-06,7.77,True
1278,15,22,135,2026-02-06,7.67,True
1279,15,12,72,2024-03-19,6.3,True
1280,15,26,159,2024-10-23,0.72,True
1281,15,7,43,2023-11-02,4.72,True
1282,15,22,137,2025-12-22,3.69,True
1283,15,2,11,2025-05-26,5.27,True
1284,15,15,88,2024-08-26,6.35,True
1285,15,20,120,2023-08-10,7.63,True
1286,15,13,,2025-05-13,7.34,False
1287,15,18,,2023-10-09,4.39,True
1288,15,7,44,2025-09-18,6.95,True
1289,15,26,158,2025-05-09,3.6,True
1290,15,8,45,2023-08-11,6.16,True
1291,15,17,100,2023-09-25,1.68,True
1292,15,8,46,2023-09-08,2.54,True
1293,15,26,159,2024-03-25,6.64,False
1294,15,28,,2023-11-29,4.28,True
1295,15,24,144,2024-05-06,1.22,True
1296,15,13,77,2025-04-23,3.69,True
1297,15,9,54,2026-02-20,3.32,True
1298,15,8,49,2025-01-21,4.13,False
1299,15,16,93,2024-02-07,3.89,True
1300,15,1,2,2026-01-01,3.27,True
1301,15,21,128,2023-12-19,1.22,True
1302,15,3,20,2026-02-24,4.43,False
1303,15,25,154,2024-11-28,3.59,True
1304,15,27,162,2025-10-10,7.04,True
1305,15,15,87,2024-02-01,3.69,True
1306,15,16,95,2026-03-24,1.55,False
1307,15,14,83,2024-02-26,3.77,True
1308,15,30,177,2026-06-05,2.92,False
1309,15,19,113,2025-02-14,4.42,True
1310,15,20,121,2026-05-29,5.03,True
1311,15,7,44,2024-04-03,1.73,True
1312,15,16,,2025-10-30,1.84,True
1313,15,1,2,2024-08-12,5.71,True
1314,15,12,70,2025-01-13,2.63,False
1315,15,14,83,2025-07-22,5.18,True
1316,15,9,51,2023-12-06,4.94,True
1317,15,7,43,2024-01-26,1.45,True
1318,15,6,,2024-10-17,7.92,True
1319,15,16,93,2023-12-07,7.22,True
1320,15,11,63,2024-11-05,4.7,True
1321,15,27,164,2023-12-08,7.12,False
1322,15,6,39,2024-04-18,6.8,True
1323,15,1,7,2026-02-09,6.28,True
1324,15,14,85,2024-07-26,3.37,True
1325,15,24,145,2025-12-22,3.21,True
1326,15,19,112,2025-07-25,7.37,True
1327,15,1,1,2025-01-14,5.31,True
1328,15,23,140,2023-10-26,7.78,False
1329,15,28,169,2026-01-16,4.18,True
1330,15,28,170,2024-01-29,0.79,True
1331,15,29,174,2024-06-27,7.03,True
1332,15,14,81,2023-10-23,3.83,True
1333,15,28,170,2023-08-04,2.99,True
1334,15,29,174,2024-06-11,7.29,True
1335,15,12,72,2025-10-03,3.62,True
1336,15,2,,2026-04-23,1.61,True
1337,15,23,139,2023-07-07,2.83,True
1338,15,4,22,2026-02-03,1.16,False
1339,15,6,38,2025-04-11,4.93,False
1340,15,25,151,2024-09-18,5.28,True
1341,15,27,161,2024-03-28,2.83,True
1342,15,10,56,2025-04-07,3.6,False
1343,15,9,51,2025-02-24,2.45,True
1344,15,3,20,2025-07-14,3.12,True
1345,15,15,88,2023-09-14,7.62,True
1346,15,5,32,2025-12-05,3.1,False
1347,15,26,158,2026-04-27,4.64,True
1348,15,9,,2024-09-04,2.44,True
1349,15,5,34,2025-08-01,4.73,True
1350,15,29,,2024-01-31,5.22,False
1351,15,1,4,2025-05-16,3.03,False
1352,15,6,39,2024-05-29,4.0,True
1353,15,1,5,2026-01-20,4.95,True
1354,15,9,54,2025-05-22,4.12,True
1355,15,2,11,2026-05-04,1.31,True
1356,15,9,53,2023-08-28,1.73,True
1357,15,10,60,2026-06-08,1.99,False
1358,15,25,153,2023-10-19,7.78,True
1359,15,7,43,2025-03-21,1.1,True
1360,15,7,44,2024-11-13,1.66,True
1361,15,25,154,2024-05-22,3.09,True
1362,15,25,154,2024-03-20,2.89,False
1363,15,20,119,2025-06-10,4.16,True
1364,15,25,153,2025-05-27,4.26,True
1365,15,20,119,2024-10-14,1.54,True
1366,15,7,42,2025-05-26,3.38,True
1367,15,5,35,2026-03-11,0.76,False
1368,15,14,84,2026-05-25,6.76,True
1369,15,3,16,2025-10-06,6.53,True
1370,15,1,6,2025-09-30,3.67,True
1371,15,14,86,2024-02-23,5.03,False
1372,15,28,168,2024-02-14,6.39,False
1373,15,18,104,2024-05-03,0.55,False
1374,15,23,139,2026-05-20,6.6,True
1375,15,15,90,2025-01-27,0.8,False
1376,15,15,89,2024-11-28,3.69,True
1377,15,15,87,2024-02-14,3.18,True
1378,15,24,145,2023-12-20,4.51,True
1379,15,5,35,2025-01-13,3.09,True
1380,15,19,112,2025-04-29,3.3,True
1381,15,24,144,2025-08-21,4.34,True
1382,15,11,66,2025-11-12,3.51,True
1383,15,19,115,2026-05-18,4.54,False
1384,16,23,140,2026-06-01,4.05,False
1385,16,6,37,2026-06-05,3.49,True
1386,16,10,58,2026-04-15,0.64,True
1387,16,5,36,2026-06-04,6.43,True
1388,16,4,21,2026-06-18,2.93,True
1389,16,19,116,2026-05-28,3.42,False
1390,16,27,163,2026-06-23,4.24,True
1391,16,2,9,2026-06-08,4.15,False
1392,16,3,20,2026-05-06,2.78,False
1393,16,15,87,2026-04-08,5.19,True
1394,16,12,71,2026-06-25,0.68,False
1395,16,18,106,2026-05-07,7.41,True
1396,16,20,119,2026-04-01,3.47,True
1397,16,4,23,2026-04-09,6.25,False
1398,16,13,78,2026-06-24,2.13,False
1399,16,9,52,2026-06-08,1.29,False
1400,16,10,,2026-05-01,6.22,True
1401,16,22,137,2026-06-02,5.4,False
1402,16,21,127,2026-05-06,0.67,True
1403,16,26,157,2026-04-09,3.93,True
1404,16,8,46,2026-04-30,1.49,True
1405,16,21,131,2026-04-09,2.34,True
1406,16,3,,2026-03-24,5.62,True
1407,16,26,158,2026-06-19,4.53,True
1408,16,20,123,2026-06-19,0.68,True
1409,16,27,160,2026-05-05,3.5,False
1410,16,4,25,2026-06-25,6.69,False
1411,16,4,26,2026-05-11,5.42,True
1412,16,8,46,2026-04-22,1.23,True
1413,16,3,19,2026-06-24,2.34,True
1414,16,15,89,2026-06-04,0.77,True
1415,16,17,98,2026-05-06,4.73,True
1416,16,10,61,2026-06-16,1.46,True
1417,16,1,5,2026-04-27,1.61,True
1418,16,12,72,2026-05-25,3.54,True
1419,16,6,38,2026-06-03,6.89,True
1420,16,12,71,2026-06-10,1.77,True
1421,16,22,136,2026-04-17,2.82,True
1422,16,9,50,2026-06-11,1.98,True
1423,16,19,111,2026-06-23,6.84,False
1424,16,17,102,2026-04-14,3.23,True
1425,16,21,,2026-05-01,4.31,True
1426,16,18,104,2026-06-30,0.92,True
1427,16,8,46,2026-06-16,7.52,False
1428,16,2,12,2026-05-29,2.58,True
1429,16,8,49,2026-05-20,3.98,True
1430,16,26,,2026-06-29,5.25,True
1431,16,4,28,2026-04-14,1.25,True
1432,16,29,174,2026-04-13,4.92,True
1433,16,25,151,2026-04-21,6.16,True
1434,16,16,96,2026-04-27,2.48,True
1435,16,11,66,2026-06-08,3.8,False
1436,16,25,153,2026-04-01,7.44,True
1437,16,21,128,2026-04-13,6.34,False
1438,16,7,43,2026-04-29,6.25,True
1439,16,22,135,2026-06-01,5.54,True
1440,16,7,42,2026-04-09,5.08,True
1441,16,17,102,2026-06-04,6.42,False
1442,16,9,52,2026-05-19,7.51,False
1443,16,10,58,2026-06-25,3.63,False
1444,16,13,,2026-05-11,3.15,False
1445,16,15,87,2026-06-18,2.02,True
1446,16,9,52,2026-03-23,2.91,False
1447,16,11,65,2026-06-30,2.11,True
1448,16,28,166,2026-04-20,1.7,True
1449,16,22,137,2026-04-20,2.6,True
1450,16,13,,2026-03-27,5.3,True
1451,16,12,71,2026-04-03,4.04,False
1452,16,3,19,2026-04-08,7.05,True
1453,16,19,112,2026-05-15,2.34,True
1454,16,25,155,2026-05-26,6.63,True
1455,16,23,140,2026-05-05,7.29,True
1456,16,29,173,2026-05-18,2.21,True
1457,16,7,44,2026-04-22,2.42,True
1458,16,1,6,2026-05-11,3.7,False
1459,16,26,,2026-05-26,0.95,False
1460,16,12,,2026-05-14,7.97,False
1461,16,28,170,2026-05-21,2.62,True
1462,16,3,20,2026-03-31,7.81,False
1463,16,18,104,2026-06-01,7.42,True
1464,16,7,44,2026-05-14,6.63,True
1465,16,29,174,2026-04-08,5.38,True
1466,16,21,133,2026-05-26,6.36,True
1467,16,14,84,2026-06-01,2.7,True
1468,16,13,,2026-04-17,2.92,True
1469,16,28,171,2026-06-26,2.95,True
1470,16,22,136,2026-06-19,7.0,True
1471,16,4,,2026-06-05,7.58,True
1472,16,5,30,2026-04-30,7.03,False
1473,16,22,136,2026-04-09,3.68,True
1474,16,30,177,2026-03-23,1.53,False
1475,16,15,90,2026-03-23,3.83,True
1476,16,15,88,2026-06-26,3.35,False
1477,16,3,20,2026-06-02,5.93,True
1478,16,25,154,2026-06-22,5.04,True
1479,16,11,65,2026-03-31,6.5,True
1480,16,28,168,2026-04-28,6.77,True
1481,16,28,167,2026-06-17,1.13,True
1482,16,13,73,2026-04-24,5.97,False
1483,16,19,,2026-05-25,1.67,True
1484,16,25,,2026-06-04,6.52,False
1485,16,22,137,2026-04-09,3.64,True
1486,16,6,,2026-04-15,2.8,True
1487,16,30,179,2026-04-30,0.71,True
1488,16,1,1,2026-06-22,7.04,False
1489,17,3,16,2024-02-16,7.77,True
1490,17,14,85,2025-12-18,1.51,True
1491,17,21,,2026-03-02,4.02,False
1492,17,16,95,2024-08-05,1.44,True
1493,17,17,99,2024-03-26,2.96,True
1494,17,5,29,2025-08-27,5.24,False
1495,17,6,,2023-09-08,6.77,True
1496,17,13,80,2026-03-17,6.93,True
1497,17,28,170,2025-10-08,3.89,True
1498,17,20,122,2024-02-27,6.09,True
1499,17,17,99,2024-07-16,2.41,False
1500,17,22,136,2023-11-07,6.36,True
1501,17,1,2,2024-01-10,2.2,True
1502,17,4,25,2024-03-15,7.05,True
1503,17,14,81,2026-04-29,1.87,False
1504,17,29,172,2024-04-16,6.8,True
1505,17,1,6,2025-06-24,4.44,False
1506,17,19,111,2026-06-26,3.22,True
1507,17,17,98,2024-01-22,5.6,True
1508,17,28,171,2024-05-07,4.56,False
1509,17,14,83,2023-10-09,7.69,False
1510,17,29,173,2024-04-04,5.91,True
1511,17,7,44,2023-11-14,0.94,True
1512,17,5,31,2024-11-08,3.43,True
1513,17,14,82,2024-11-21,6.76,True
1514,17,24,149,2024-05-06,2.04,True
1515,17,9,50,2024-02-26,4.4,True
1516,17,25,154,2024-10-18,5.45,True
1517,17,4,28,2024-05-10,1.03,False
1518,17,30,177,2023-09-22,3.36,False
1519,17,8,48,2025-12-02,3.66,True
1520,17,28,171,2025-01-15,7.29,True
1521,17,11,66,2025-06-30,1.12,True
1522,17,26,159,2024-09-26,4.93,True
1523,17,4,28,2025-08-08,5.05,False
1524,17,22,134,2024-01-18,4.82,True
1525,17,25,155,2025-11-10,6.61,True
1526,17,2,15,2026-01-29,4.8,True
1527,17,13,79,2023-08-22,2.12,True
1528,17,21,127,2025-02-18,7.41,False
1529,17,24,146,2025-07-04,6.64,True
1530,17,8,45,2025-04-25,3.94,False
1531,17,18,108,2025-09-29,6.15,False
1532,17,6,37,2025-05-14,3.14,True
1533,17,26,157,2025-04-09,6.72,True
1534,17,24,,2025-10-09,2.85,True
1535,17,6,38,2024-12-24,6.92,True
1536,17,11,67,2024-05-22,7.69,True
1537,17,3,,2025-10-06,6.89,True
1538,17,11,68,2024-03-29,7.41,True
1539,17,24,150,2025-02-21,5.1,False
1540,17,11,69,2023-09-22,2.34,True
1541,17,9,,2024-10-02,6.75,False
1542,17,5,,2024-11-11,7.73,False
1543,17,14,85,2025-09-26,5.2,False
1544,17,14,82,2025-04-16,4.55,True
1545,17,18,106,2025-06-13,5.88,True
1546,17,9,50,2026-01-28,5.14,True
1547,17,1,5,2023-10-26,7.22,True
1548,17,23,143,2025-06-25,0.99,True
1549,17,19,111,2026-04-01,3.73,False
1550,17,28,,2023-10-17,5.84,True
1551,17,4,22,2023-11-08,4.47,True
1552,17,24,148,2024-07-02,6.77,True
1553,17,13,75,2025-06-03,1.87,True
1554,17,3,19,2024-08-14,2.2,False
1555,17,25,,2024-12-09,0.65,True
1556,17,4,21,2023-07-10,2.95,True
1557,17,26,158,2023-11-20,7.67,True
1558,17,20,123,2024-09-20,7.82,True
1559,17,22,136,2024-06-27,7.19,True
1560,17,29,174,2024-04-30,6.61,True
1561,17,26,158,2024-02-06,3.12,True
1562,17,17,97,2026-04-15,1.95,True
1563,17,20,122,2025-09-04,6.38,False
1564,17,30,178,2024-01-19,6.86,True
1565,17,21,132,2024-08-15,2.62,True
1566,17,14,84,2023-08-18,4.18,True
1567,17,16,93,2026-04-15,7.94,False
1568,17,25,151,2026-06-15,6.73,True
1569,17,3,20,2024-06-20,5.31,True
1570,17,18,,2025-03-12,3.39,True
1571,17,18,,2025-12-05,6.04,True
1572,17,6,37,2024-09-12,1.24,False
1573,17,29,173,2023-11-27,5.86,True
1574,17,30,175,2025-02-14,0.54,True
1575,17,27,162,2024-06-27,7.9,False
1576,17,5,32,2024-12-10,7.11,True
1577,17,19,115,2024-08-23,7.55,True
1578,17,30,175,2025-10-29,6.68,True
1579,17,20,,2025-09-17,0.81,False
1580,17,5,32,2023-11-22,5.28,True
1581,17,29,172,2024-07-10,4.53,True
1582,17,24,149,2025-09-23,2.64,True
1583,17,28,166,2024-03-01,3.46,False
1584,17,7,44,2026-04-15,2.01,True
1585,17,2,9,2024-02-14,2.21,False
1586,17,6,,2023-11-16,2.31,True
1587,17,22,135,2024-09-03,5.94,True
1588,17,1,3,2024-11-25,7.41,True
1589,17,7,42,2025-09-09,3.35,False
1590,18,17,,2024-07-11,5.2,True
1591,18,24,150,2025-12-19,1.02,True
1592,18,17,98,2024-04-19,4.6,True
1593,18,4,27,2026-05-26,4.51,True
1594,18,6,39,2025-07-28,0.79,False
1595,18,19,,2025-09-01,6.27,True
1596,18,8,45,2023-11-29,0.65,False
1597,18,16,96,2025-08-29,2.62,True
1598,18,15,88,2026-03-31,5.09,True
1599,18,21,128,2026-01-16,4.52,True
1600,18,5,31,2025-09-03,7.99,False
1601,18,12,71,2025-03-06,1.58,True
1602,18,23,139,2025-10-01,1.44,True
1603,18,15,90,2025-09-03,3.98,True
1604,18,22,135,2024-11-15,2.13,True
1605,18,7,44,2025-07-14,7.25,True
1606,18,25,153,2025-03-20,2.1,True
1607,18,4,28,2025-03-07,7.29,False
1608,18,28,166,2024-08-12,2.13,True
1609,18,6,41,2025-12-01,1.85,True
1610,18,23,142,2024-06-17,2.55,True
1611,18,19,117,2024-08-09,1.63,True
1612,18,8,46,2026-03-23,2.87,False
1613,18,20,124,2023-09-11,5.57,False
1614,18,3,,2023-10-17,2.99,True
1615,18,20,123,2025-12-31,4.06,True
1616,18,10,61,2024-05-23,7.26,True
1617,18,14,85,2025-10-17,1.69,True
1618,18,16,93,2024-11-22,7.82,True
1619,18,5,30,2023-09-19,1.52,True
1620,18,15,90,2025-06-04,7.14,False
1621,18,29,172,2024-04-02,5.18,True
1622,18,30,176,2025-04-17,2.69,False
1623,18,26,,2026-04-09,0.62,False
1624,18,14,83,2024-11-29,1.94,True
1625,18,11,62,2024-11-01,5.75,True
1626,18,5,29,2023-08-09,2.77,True
1627,18,23,140,2026-05-15,6.9,False
1628,18,14,82,2025-06-09,5.89,True
1629,18,16,91,2026-01-07,7.39,True
1630,18,22,134,2023-08-17,6.58,False
1631,18,3,17,2023-12-26,6.98,True
1632,18,1,3,2023-11-22,1.67,True
1633,18,28,171,2025-05-08,6.4,True
1634,18,4,,2024-04-10,2.0,True
1635,18,14,82,2024-09-03,0.87,True
1636,18,27,163,2024-07-16,4.02,True
1637,18,19,111,2025-12-23,1.89,True
1638,18,23,139,2024-07-18,6.86,False
1639,18,8,49,2025-02-27,5.01,True
1640,18,10,57,2025-06-06,6.02,True
1641,18,21,130,2025-01-27,6.16,True
1642,18,3,16,2025-11-27,1.1,False
1643,18,23,143,2023-12-28,2.89,False
1644,18,19,116,2026-01-09,3.19,False
1645,18,12,71,2025-04-02,4.59,True
1646,18,14,84,2025-04-25,7.43,False
1647,18,13,80,2026-01-12,1.65,True
1648,18,13,73,2024-04-11,6.41,True
1649,18,28,169,2025-07-18,0.6,False
1650,18,22,135,2024-07-11,2.13,True
1651,18,16,93,2024-08-09,0.66,True
1652,18,14,82,2026-03-25,7.77,True
1653,18,4,,2025-04-23,5.8,True
1654,18,5,36,2024-09-16,3.62,True
1655,18,10,57,2025-03-28,5.63,True
1656,18,4,25,2025-05-29,5.94,False
1657,18,28,170,2026-02-24,0.97,True
1658,18,14,83,2024-10-21,7.33,False
1659,18,18,108,2024-08-02,7.26,False
1660,18,26,157,2024-10-28,6.6,True
1661,18,19,111,2025-04-02,4.33,True
1662,18,25,153,2023-12-14,4.47,True
1663,18,29,174,2024-12-26,1.0,True
1664,18,7,43,2024-04-19,3.23,False
1665,18,16,96,2023-07-07,2.95,False
1666,18,16,93,2025-04-16,4.14,True
1667,18,30,175,2025-02-25,6.0,True
1668,18,7,44,2025-01-29,2.36,True
1669,18,9,52,2023-08-21,0.72,True
1670,18,25,152,2025-12-31,5.19,True
1671,18,20,121,2024-02-06,7.53,True
1672,18,7,43,2025-02-03,1.72,True
1673,18,1,7,2025-04-29,4.64,True
1674,18,11,68,2023-08-22,5.22,True
1675,18,13,73,2025-01-30,2.93,False
1676,18,2,8,2024-03-27,4.23,False
1677,18,5,31,2024-10-24,1.19,True
1678,18,12,71,2025-06-03,6.13,True
1679,18,18,,2025-10-30,5.31,True
1680,18,5,30,2024-08-28,3.86,True
1681,18,2,8,2023-10-16,5.32,True
1682,18,17,100,2025-09-18,0.64,False
1683,18,16,,2025-10-27,4.63,True
1684,18,19,116,2023-12-13,4.86,True
1685,18,5,33,2024-12-26,4.67,True
1686,18,6,41,2024-12-06,3.01,True
1687,18,1,6,2026-05-14,6.28,True
1688,18,24,145,2024-08-13,6.2,True
1689,18,10,60,2024-09-11,7.15,False
1690,18,19,115,2024-09-17,4.33,True
1691,18,7,43,2024-08-26,4.25,True
1692,18,24,147,2024-06-03,7.41,True
1693,18,20,124,2024-11-20,1.08,True
1694,18,1,5,2023-10-11,6.93,False
1695,18,13,75,2024-01-16,0.9,True
1696,18,10,58,2024-08-23,1.4,True
1697,18,1,6,2024-10-23,3.91,False
1698,18,23,140,2023-08-16,5.77,True
1699,18,13,73,2023-09-15,4.23,False
1700,19,14,81,2025-09-17,7.23,True
1701,19,25,153,2026-02-10,4.09,False
1702,19,1,7,2024-08-15,2.26,True
1703,19,1,1,2025-09-03,6.77,True
1704,19,23,139,2026-02-06,6.86,True
1705,19,15,88,2025-02-21,5.44,True
1706,19,18,108,2026-02-26,5.29,True
1707,19,18,109,2024-05-03,5.02,False
1708,19,25,152,2024-03-19,3.08,False
1709,19,21,131,2025-08-11,5.25,True
1710,19,28,167,2026-05-20,6.44,False
1711,19,13,,2025-04-09,7.11,False
1712,19,18,,2024-05-21,4.82,True
1713,19,18,105,2026-03-03,2.2,True
1714,19,11,67,2026-02-23,6.77,True
1715,19,30,178,2024-09-16,4.83,True
1716,19,23,138,2024-09-23,5.3,True
1717,19,1,5,2026-05-04,1.31,True
1718,19,3,18,2024-10-09,6.17,True
1719,19,7,42,2026-05-19,1.93,True
1720,19,10,56,2026-06-01,6.32,True
1721,19,12,70,2026-01-19,4.98,True
1722,19,12,71,2025-10-31,4.92,True
1723,19,2,13,2024-03-07,2.42,True
1724,19,23,140,2026-01-06,4.18,True
1725,19,2,9,2025-06-05,2.39,True
1726,19,8,45,2025-05-15,3.35,True
1727,19,20,119,2024-12-31,2.82,False
1728,19,28,170,2025-03-31,1.21,True
1729,19,19,111,2025-07-07,3.83,True
1730,19,15,90,2026-05-05,7.44,True
1731,19,2,9,2026-01-19,4.38,True
1732,19,10,58,2024-05-27,5.65,False
1733,19,3,19,2024-10-17,0.54,False
1734,19,26,157,2026-04-06,3.33,True
1735,19,8,49,2026-06-19,4.2,True
1736,19,6,41,2025-09-03,0.68,True
1737,19,26,156,2026-01-30,4.44,True
1738,19,21,132,2025-06-04,0.75,True
1739,19,9,52,2025-06-05,3.51,False
1740,19,30,176,2024-06-07,0.68,True
1741,19,6,40,2025-12-11,7.97,True
1742,19,9,51,2025-09-23,3.6,True
1743,19,8,47,2024-06-20,6.1,True
1744,19,12,,2026-04-22,0.59,True
1745,19,9,50,2024-12-11,7.1,True
1746,19,30,178,2026-05-05,2.1,True
1747,19,16,91,2024-07-30,3.41,True
1748,19,18,104,2024-07-03,5.5,False
1749,19,21,129,2026-06-01,2.47,True
1750,19,25,152,2025-12-23,5.95,True
1751,19,15,88,2026-03-12,7.31,True
1752,19,26,159,2025-11-27,7.04,True
1753,19,1,5,2024-05-01,5.78,False
1754,19,25,153,2024-11-15,3.45,True
1755,19,26,158,2024-12-11,6.77,True
1756,19,16,96,2025-09-30,5.71,False
1757,19,5,30,2026-01-13,4.17,True
1758,19,21,130,2024-11-26,4.96,True
1759,19,7,43,2024-08-19,6.69,True
1760,19,14,85,2025-04-14,5.52,True
1761,19,20,120,2026-05-06,6.27,True
1762,19,26,157,2024-06-04,5.93,False
1763,19,8,47,2025-09-08,3.94,True
1764,19,9,52,2024-06-11,7.75,False
1765,19,13,,2024-08-16,6.59,True
1766,19,16,95,2025-09-24,6.66,True
1767,19,14,81,2025-04-17,5.21,True
1768,19,25,151,2024-03-18,6.85,True
1769,19,18,105,2026-04-17,1.22,True
1770,19,2,,2025-01-15,7.83,True
1771,19,10,56,2024-09-17,5.14,True
1772,19,8,49,2025-09-25,2.88,True
1773,19,18,105,2024-05-08,4.78,True
1774,19,8,46,2024-10-09,3.95,True
1775,19,6,39,2024-05-24,0.52,True
1776,19,14,85,2026-06-23,3.4,True
1777,19,4,27,2026-02-03,3.83,True
1778,19,26,158,2024-12-30,0.66,True
1779,19,13,76,2025-02-20,1.58,True
1780,19,27,163,2024-07-26,6.41,True
1781,19,11,66,2024-10-16,5.86,False
1782,19,13,80,2024-02-29,5.65,True
1783,19,21,133,2026-02-04,6.5,True
1784,19,14,84,2024-05-06,3.78,True
1785,19,9,52,2025-06-09,1.69,True
1786,19,2,13,2024-03-25,6.21,True
1787,19,18,,2024-04-26,4.44,True
1788,19,28,,2024-03-29,4.79,False
1789,19,10,58,2024-07-25,2.27,False
1790,19,25,152,2025-08-04,1.43,True
1791,19,25,152,2024-07-10,4.5,True
1792,19,26,,2026-06-29,1.79,True
1793,19,28,170,2026-06-08,3.25,False
1794,19,4,23,2025-11-21,5.05,True
1795,19,13,77,2025-05-21,4.47,True
1796,19,25,155,2026-02-17,3.53,True
1797,19,21,131,2026-04-20,5.04,True
1798,19,24,146,2025-07-25,7.53,True
1799,19,28,166,2024-09-03,1.05,False
1800,19,27,164,2025-04-02,3.37,True
1801,20,15,88,2025-03-10,3.47,True
1802,20,29,173,2024-11-29,4.15,True
1803,20,15,88,2026-02-03,1.48,False
1804,20,8,45,2025-02-25,3.31,True
1805,20,30,178,2023-12-07,4.99,True
1806,20,3,17,2025-03-27,7.41,True
1807,20,4,25,2023-10-31,0.69,True
1808,20,11,69,2025-06-10,5.16,True
1809,20,25,155,2023-09-13,5.5,True
1810,20,24,144,2024-05-10,7.5,True
1811,20,20,122,2024-09-24,0.81,True
1812,20,26,157,2025-11-21,4.6,True
1813,20,30,175,2024-05-30,6.94,True
1814,20,30,178,2024-02-19,1.1,True
1815,20,29,174,2025-08-01,6.88,False
1816,20,9,54,2025-05-08,5.24,True
1817,20,5,33,2024-11-14,2.2,True
1818,20,16,95,2025-03-07,4.24,True
1819,20,13,,2025-03-07,6.51,True
1820,20,29,173,2024-05-09,7.45,True
1821,20,17,102,2025-09-26,3.64,True
1822,20,3,20,2026-03-12,7.61,True
1823,20,25,151,2025-12-09,3.54,True
1824,20,14,81,2025-05-14,7.53,True
1825,20,8,48,2025-09-19,4.91,True
1826,20,3,16,2024-05-03,4.55,True
1827,20,10,57,2025-07-01,5.5,True
1828,20,2,9,2023-09-19,5.11,False
1829,20,7,43,2026-03-31,1.31,True
1830,20,2,13,2024-05-29,5.71,False
1831,20,12,71,2025-02-21,5.4,False
1832,20,14,82,2025-03-25,5.5,True
1833,20,15,88,2023-09-14,1.1,True
1834,20,4,28,2024-03-15,1.62,True
1835,20,25,153,2024-11-01,5.89,True
1836,20,4,25,2024-09-02,7.22,True
1837,20,12,70,2025-06-06,1.0,True
1838,20,28,169,2024-07-17,6.59,True
1839,20,13,78,2026-01-06,1.5,True
1840,20,23,140,2024-07-11,0.56,False
1841,20,9,53,2025-05-16,1.61,False
1842,20,8,48,2025-01-20,7.3,True
1843,20,14,,2023-07-19,5.24,True
1844,20,26,158,2023-07-06,1.28,False
1845,20,22,136,2026-06-22,3.43,True
1846,20,24,146,2026-01-20,0.83,True
1847,20,14,81,2026-02-26,6.72,True
1848,20,27,163,2024-12-24,2.75,True
1849,20,2,12,2025-09-16,2.49,True
1850,20,2,15,2024-11-01,3.48,True
1851,20,3,18,2025-10-31,0.62,False
1852,20,24,149,2025-03-19,6.27,True
1853,20,22,134,2024-10-23,7.44,True
1854,20,24,148,2024-08-14,0.61,True
1855,20,4,25,2024-06-11,5.43,True
1856,20,14,84,2024-08-21,5.97,True
1857,20,3,16,2023-07-07,7.65,True
1858,20,25,153,2024-07-01,1.35,True
1859,20,4,28,2026-05-12,1.42,True
1860,20,9,52,2024-01-05,3.15,True
1861,20,7,43,2023-08-07,7.33,True
1862,20,26,156,2024-05-28,1.59,True
1863,20,30,177,2023-08-31,3.05,True
1864,20,25,155,2025-10-02,2.09,True
1865,20,21,127,2024-10-07,6.76,False
1866,20,25,154,2025-09-01,2.92,True
1867,20,29,,2026-01-13,1.91,True
1868,20,19,118,2025-05-28,1.4,False
1869,20,26,158,2024-11-15,2.84,False
1870,20,2,10,2024-12-10,6.62,False
1871,20,9,53,2023-11-30,7.81,True
1872,20,1,,2025-02-03,2.96,True
1873,20,28,170,2024-01-22,3.22,True
1874,20,27,164,2023-12-11,6.59,True
1875,20,30,175,2025-05-13,2.52,True
1876,20,26,156,2024-12-23,1.69,False
1877,20,29,172,2025-05-15,1.76,True
1878,20,19,112,2023-08-04,4.03,True
1879,20,5,32,2025-10-13,0.54,True
1880,20,18,109,2024-09-05,5.1,True
1881,20,27,162,2024-04-04,3.53,True
1882,20,30,177,2024-11-22,5.12,False
1883,20,23,143,2026-04-15,0.51,True
1884,20,19,115,2024-03-19,4.82,False
1885,20,19,114,2024-03-28,5.83,True
1886,20,8,45,2025-09-16,1.5,True
1887,20,4,24,2024-02-12,6.72,True
1888,20,5,30,2025-07-25,2.94,True
1889,20,22,136,2025-12-25,5.47,False
1890,20,16,93,2025-12-12,0.87,True
1891,20,17,100,2024-02-12,7.11,True
1892,20,9,50,2026-02-24,6.39,True
1893,20,19,115,2024-10-02,3.87,True
1894,20,9,53,2025-01-03,1.7,True
1895,20,9,54,2024-12-03,5.67,True
1896,20,1,,2024-02-05,2.31,True
1897,20,26,157,2026-04-13,7.83,True
1898,20,1,6,2025-11-06,4.76,True
1899,20,7,44,2025-03-19,5.91,True
1900,21,23,142,2025-08-12,5.22,True
1901,21,20,121,2025-04-28,3.35,True
1902,21,29,172,2025-12-30,3.18,False
1903,21,18,106,2026-04-06,7.68,True
1904,21,14,82,2026-05-13,3.59,False
1905,21,3,20,2026-04-16,5.89,True
1906,21,7,42,2025-02-26,2.42,False
1907,21,29,173,2025-09-19,5.09,True
1908,21,9,54,2025-09-23,0.83,True
1909,21,18,103,2026-06-05,6.63,True
1910,21,17,101,2025-10-31,0.5,True
1911,21,30,178,2025-07-07,0.7,True
1912,21,21,130,2025-08-05,1.79,True
1913,21,24,,2025-07-22,1.97,True
1914,21,8,45,2025-05-20,5.94,True
1915,21,12,71,2026-04-07,1.65,True
1916,21,29,173,2025-01-27,1.79,True
1917,21,3,17,2025-04-04,1.65,True
1918,21,23,142,2025-12-23,7.15,True
1919,21,20,123,2025-08-28,7.65,True
1920,21,7,43,2026-05-11,7.45,False
1921,21,8,49,2025-05-15,4.7,True
1922,21,17,98,2025-05-29,2.3,True
1923,21,28,166,2025-09-24,4.54,True
1924,21,17,99,2025-10-14,2.99,True
1925,21,28,167,2025-09-02,5.74,True
1926,21,24,144,2025-12-15,3.96,True
1927,21,28,166,2025-01-31,6.35,False
1928,21,23,,2025-02-20,1.13,True
1929,21,3,19,2025-04-30,3.79,False
1930,21,9,54,2025-06-20,5.0,True
1931,21,16,95,2025-04-08,1.63,False
1932,21,10,61,2025-03-04,2.86,True
1933,21,17,97,2025-03-06,4.99,True
1934,21,9,53,2026-01-08,5.28,True
1935,21,13,74,2025-09-18,3.6,False
1936,21,17,99,2026-02-02,5.46,True
1937,21,21,132,2025-08-20,2.3,True
1938,21,26,157,2025-05-28,0.98,True
1939,21,18,110,2025-10-01,4.37,True
1940,21,25,151,2026-03-05,2.51,True
1941,21,3,19,2025-11-18,5.94,True
1942,21,21,130,2026-03-13,2.73,True
1943,21,29,174,2025-06-02,3.26,True
1944,21,17,97,2025-12-03,7.71,True
1945,21,15,90,2025-11-14,7.59,True
1946,21,6,39,2025-11-13,7.0,True
1947,21,18,107,2025-08-04,7.69,False
1948,21,1,4,2026-02-10,2.81,False
1949,21,12,72,2026-06-16,4.39,False
1950,21,9,51,2026-05-11,5.08,True
1951,21,22,134,2025-11-12,5.65,True
1952,21,28,167,2025-08-29,2.07,False
1953,21,12,72,2025-10-10,4.9,False
1954,21,4,24,2025-06-13,6.54,True
1955,21,23,142,2026-05-12,5.91,False
1956,21,18,,2025-08-11,2.31,True
1957,21,22,135,2025-06-06,3.54,True
1958,21,8,,2026-03-12,6.91,True
1959,21,4,27,2025-01-28,0.58,True
1960,21,27,,2025-02-19,4.9,True
1961,21,8,47,2026-05-18,5.28,True
1962,21,24,148,2025-05-22,7.7,False
1963,21,30,,2025-08-26,3.44,True
1964,21,12,70,2025-04-08,2.83,True
1965,21,18,106,2026-03-02,4.47,True
1966,21,1,7,2026-03-13,1.96,False
1967,21,5,,2026-04-27,2.56,True
1968,21,3,,2025-02-26,5.72,False
1969,21,10,59,2026-03-13,7.56,True
1970,21,16,94,2026-04-10,7.75,True
1971,21,14,81,2025-03-04,7.58,False
1972,21,13,80,2025-04-04,2.9,True
1973,21,4,24,2025-10-07,7.23,True
1974,21,20,123,2025-10-17,2.68,False
1975,21,4,21,2026-04-23,6.35,True
1976,21,14,,2025-09-16,5.34,True
1977,21,4,,2026-02-03,3.89,True
1978,21,19,112,2025-11-12,2.64,True
1979,21,1,4,2025-10-08,4.87,True
1980,21,25,155,2026-03-26,6.25,True
1981,21,3,18,2025-06-17,4.51,True
1982,21,13,76,2025-06-19,2.98,True
1983,21,1,3,2025-08-07,7.65,False
1984,21,4,24,2025-11-17,6.35,False
1985,21,14,85,2025-03-17,3.56,True
1986,21,18,109,2025-05-20,3.93,True
1987,21,29,,2026-04-17,1.8,True
1988,21,18,106,2025-09-02,2.94,True
1989,21,30,176,2025-06-10,5.43,True
1990,21,1,3,2025-01-23,7.23,False
1991,21,29,172,2026-04-09,3.06,True
1992,21,28,169,2026-01-22,4.58,True
1993,21,22,137,2026-02-11,3.09,True
1994,21,30,175,2026-05-28,6.57,True
1995,21,26,158,2025-05-23,2.39,True
1996,21,9,51,2025-09-23,4.91,False
1997,21,28,,2025-07-07,4.09,True
1998,21,1,5,2026-04-09,5.0,False
1999,21,13,,2025-03-17,1.38,False
2000,21,2,14,2025-03-18,5.09,True
2001,21,10,55,2025-12-15,0.91,True
2002,22,6,41,2024-08-05,7.04,False
2003,22,21,128,2023-10-12,5.97,True
2004,22,9,53,2025-12-19,3.82,True
2005,22,6,,2026-01-05,7.14,True
2006,22,12,,2024-01-05,6.09,True
2007,22,21,132,2023-10-06,7.86,True
2008,22,30,177,2023-08-16,3.48,True
2009,22,7,42,2024-03-28,7.66,True
2010,22,23,139,2025-06-06,7.37,True
2011,22,15,87,2026-02-05,0.58,False
2012,22,29,174,2024-01-25,1.09,True
2013,22,13,79,2024-10-30,6.69,False
2014,22,11,69,2025-06-06,3.32,True
2015,22,15,,2025-02-27,2.8,True
2016,22,24,150,2025-04-22,0.86,False
2017,22,10,61,2024-01-10,3.73,True
2018,22,27,163,2026-06-29,1.31,True
2019,22,27,160,2026-04-02,7.21,True
2020,22,27,165,2024-07-31,2.46,False
2021,22,14,85,2025-05-27,6.01,True
2022,22,24,147,2024-10-21,6.18,False
2023,22,29,174,2024-06-27,4.58,False
2024,22,14,,2024-10-11,4.79,True
2025,22,24,,2025-11-24,3.52,False
2026,22,4,21,2025-10-02,6.96,True
2027,22,29,172,2023-08-01,3.24,True
2028,22,18,105,2024-07-04,2.18,True
2029,22,1,5,2026-01-02,7.53,True
2030,22,13,74,2026-06-05,5.38,False
2031,22,3,17,2025-05-01,4.76,False
2032,22,25,151,2026-06-29,6.29,True
2033,22,14,85,2025-02-11,6.38,False
2034,22,6,37,2025-05-08,6.49,False
2035,22,23,143,2025-12-04,7.81,True
2036,22,10,57,2026-05-14,4.65,True
2037,22,3,19,2026-05-05,3.93,False
2038,22,3,17,2024-10-24,7.21,True
2039,22,13,75,2023-08-23,7.5,True
2040,22,13,74,2026-01-30,4.21,True
2041,22,13,79,2026-05-01,4.23,False
2042,22,19,111,2026-06-24,2.89,True
2043,22,13,76,2025-07-25,0.89,True
2044,22,1,7,2025-07-08,6.17,True
2045,22,24,149,2026-01-21,4.77,True
2046,22,28,168,2024-07-08,7.51,True
2047,22,27,162,2024-07-15,5.29,True
2048,22,5,33,2025-09-09,6.73,True
2049,22,11,66,2023-12-11,5.63,False
2050,22,6,39,2026-03-16,1.83,False
2051,22,19,114,2025-06-03,4.47,False
2052,22,1,4,2026-05-28,2.47,True
2053,22,28,166,2025-04-17,6.17,False
2054,22,29,174,2023-11-30,7.45,True
2055,22,16,92,2023-10-05,1.99,False
2056,22,3,17,2025-09-15,2.81,True
2057,22,20,125,2025-11-06,4.07,False
2058,22,17,,2025-11-19,3.85,True
2059,22,1,3,2024-05-02,5.73,True
2060,22,4,22,2023-09-11,6.32,True
2061,22,16,95,2024-03-26,6.18,True
2062,22,18,108,2025-10-01,1.72,True
2063,22,11,68,2025-10-30,0.94,True
2064,22,25,154,2026-01-07,4.54,True
2065,22,28,169,2025-05-22,4.33,False
2066,22,29,174,2025-05-26,6.0,True
2067,22,6,39,2024-02-29,7.76,False
2068,22,14,81,2024-04-04,7.49,True
2069,22,2,,2025-03-20,3.29,True
2070,22,5,30,2025-04-28,7.01,True
2071,22,1,4,2023-09-08,4.41,True
2072,22,14,82,2024-01-22,2.63,True
2073,22,17,100,2025-08-29,4.9,False
2074,22,16,96,2024-09-27,3.67,False
2075,22,26,158,2025-10-24,1.62,True
2076,22,30,176,2023-11-20,4.44,False
2077,22,7,42,2024-08-13,5.05,False
2078,22,20,,2025-08-11,6.04,False
2079,22,6,41,2026-02-03,3.09,True
2080,22,25,155,2023-12-26,5.49,True
2081,22,6,40,2026-02-05,2.91,True
2082,22,12,71,2026-03-17,1.52,True
2083,22,19,116,2024-04-17,5.14,True
2084,22,25,154,2025-08-22,7.25,True
2085,22,6,,2024-09-13,1.99,False
2086,22,24,148,2024-07-16,7.68,False
2087,22,11,64,2024-09-11,6.06,False
2088,22,29,174,2025-07-14,5.77,True
2089,22,19,114,2025-04-16,4.67,True
2090,22,14,86,2026-02-03,6.03,False
2091,22,8,48,2025-02-13,2.35,True
2092,22,11,66,2026-04-16,5.08,True
2093,22,6,41,2025-12-15,0.52,True
2094,22,30,175,2024-09-11,4.18,False
2095,22,5,,2024-01-18,1.51,True
2096,22,24,150,2023-10-20,4.61,True
2097,22,12,72,2025-08-01,5.51,True
2098,22,8,48,2023-11-02,6.49,False
2099,22,30,175,2025-04-17,1.32,True
2100,22,27,161,2024-01-08,0.67,True
2101,22,21,129,2023-10-25,5.09,True
2102,22,20,120,2025-09-22,0.86,True
2103,22,5,31,2024-02-27,7.0,False
2104,23,15,88,2023-10-18,1.36,False
2105,23,22,,2024-02-16,3.37,True
2106,23,30,175,2023-09-04,3.85,True
2107,23,22,137,2024-11-21,1.98,True
2108,23,24,146,2024-07-29,3.74,True
2109,23,18,,2024-07-01,3.92,False
2110,23,26,156,2024-05-02,6.23,True
2111,23,4,,2023-08-16,6.42,True
2112,23,21,131,2023-07-18,4.82,True
2113,23,5,33,2025-08-08,1.47,False
2114,23,19,116,2025-06-16,5.91,False
2115,23,3,16,2024-09-12,5.87,True
2116,23,27,,2024-01-16,2.22,True
2117,23,18,108,2025-09-01,2.8,False
2118,23,7,43,2023-12-01,7.16,False
2119,23,1,4,2023-10-19,3.67,True
2120,23,6,41,2026-04-09,2.58,True
2121,23,20,,2023-12-22,3.73,False
2122,23,28,171,2024-02-05,3.07,True
2123,23,8,47,2023-09-05,2.37,True
2124,23,19,118,2025-07-24,3.67,False
2125,23,20,,2025-12-23,4.93,False
2126,23,12,71,2024-06-18,7.59,True
2127,23,14,,2023-09-29,4.66,False
2128,23,26,156,2023-09-18,2.05,False
2129,23,4,25,2024-01-01,4.17,True
2130,23,15,87,2024-02-07,7.81,True
2131,23,15,,2026-05-07,0.82,True
2132,23,11,,2023-10-06,6.6,True
2133,23,17,100,2025-03-06,2.0,True
2134,23,19,116,2026-06-23,6.95,True
2135,23,22,135,2025-10-02,1.67,False
2136,23,14,81,2025-06-23,4.89,True
2137,23,27,163,2023-08-08,0.74,False
2138,23,13,74,2025-03-28,7.74,True
2139,23,2,15,2026-02-12,1.43,True
2140,23,18,104,2025-01-03,4.81,True
2141,23,22,134,2025-04-09,6.38,True
2142,23,21,133,2025-09-16,6.37,True
2143,23,27,164,2025-02-19,1.27,False
2144,23,4,28,2025-02-07,7.64,True
2145,23,19,114,2024-06-21,6.22,True
2146,23,7,44,2025-02-12,4.87,False
2147,23,20,119,2023-11-15,5.84,False
2148,23,6,38,2023-08-23,2.11,True
2149,23,15,88,2024-02-02,1.17,True
2150,23,6,37,2024-12-13,1.21,False
2151,23,30,175,2024-10-24,3.27,True
2152,23,20,123,2026-04-29,7.14,False
2153,23,15,87,2023-12-19,7.82,False
2154,23,24,148,2025-02-13,7.46,True
2155,23,27,160,2025-09-25,7.21,True
2156,23,24,148,2025-12-18,7.79,True
2157,23,30,,2024-06-18,0.96,True
2158,23,18,,2026-02-26,2.9,True
2159,23,19,,2025-10-03,1.19,True
2160,23,22,136,2024-06-03,5.0,True
2161,23,29,173,2025-09-11,4.84,False
2162,23,2,11,2024-02-27,2.44,False
2163,23,26,156,2025-06-26,3.7,True
2164,23,18,105,2026-03-25,2.63,False
2165,23,23,139,2025-05-13,5.92,True
2166,23,25,155,2025-09-23,1.86,True
2167,23,29,173,2025-01-30,6.76,True
2168,23,18,107,2025-11-26,0.69,True
2169,23,10,58,2023-07-24,1.65,True
2170,23,27,162,2024-03-13,0.5,False
2171,23,26,158,2026-06-29,3.5,True
2172,23,15,87,2025-11-17,0.67,False
2173,23,19,114,2025-07-02,5.46,False
2174,23,29,,2024-07-17,7.86,True
2175,23,9,54,2024-01-10,3.5,False
2176,23,23,,2024-06-04,3.2,False
2177,23,25,152,2024-12-18,1.43,True
2178,23,11,65,2025-02-12,2.55,False
2179,23,14,81,2026-02-17,6.17,True
2180,23,30,175,2026-05-22,1.45,True
2181,23,18,103,2023-07-06,7.0,True
2182,23,18,107,2023-12-11,3.82,True
2183,23,28,167,2025-04-29,5.17,False
2184,23,21,130,2025-11-11,5.12,True
2185,23,26,159,2025-12-18,2.84,True
2186,23,19,112,2025-05-01,3.05,True
2187,23,11,62,2024-02-12,1.43,True
2188,23,20,119,2026-03-05,7.96,True
2189,23,30,175,2025-06-19,1.35,True
2190,23,14,81,2024-10-08,6.74,True
2191,23,25,154,2024-08-28,3.66,True
2192,23,23,138,2026-05-20,4.84,True
2193,23,26,158,2024-07-01,0.85,False
2194,23,14,81,2025-04-30,6.42,True
2195,23,14,84,2025-12-24,3.05,False
2196,23,19,115,2025-04-14,7.74,True
2197,23,17,97,2025-11-17,1.48,False
2198,23,12,71,2025-08-19,6.37,False
2199,23,6,39,2025-02-12,0.91,True
2200,23,11,67,2024-10-11,7.44,True
2201,23,30,176,2024-07-17,1.39,True
2202,23,29,174,2026-02-25,2.83,True
2203,23,23,138,2025-08-01,7.33,False
2204,23,21,126,2023-07-13,6.2,False
2205,23,13,80,2024-03-18,1.97,True
2206,23,19,116,2025-12-26,7.48,False
2207,23,30,178,2024-04-02,7.96,True
2208,23,5,31,2023-10-18,2.03,True
2209,23,8,49,2025-08-29,7.0,True
2210,24,15,88,2026-05-22,7.88,False
2211,24,6,37,2026-04-17,4.28,False
2212,24,2,14,2026-04-23,2.79,True
2213,24,21,128,2026-04-08,6.84,True
2214,24,5,31,2026-06-11,2.64,True
2215,24,25,154,2026-03-10,3.88,False
2216,24,21,128,2026-06-22,1.77,True
2217,24,27,163,2026-04-01,6.65,False
2218,24,12,72,2026-03-04,6.51,True
2219,24,26,157,2026-02-27,2.41,True
2220,24,7,,2026-04-16,2.94,True
2221,24,27,164,2026-04-16,2.98,True
2222,24,17,,2026-05-29,3.8,True
2223,24,6,39,2026-05-20,2.46,True
2224,24,27,164,2026-05-20,5.66,True
2225,24,20,124,2026-03-16,0.62,True
2226,24,17,99,2026-05-26,6.53,True
2227,24,25,155,2026-03-04,2.8,False
2228,24,16,92,2026-06-19,1.28,False
2229,24,22,137,2026-04-17,0.77,True
2230,24,24,148,2026-05-25,5.83,True
2231,24,5,32,2026-06-12,1.72,True
2232,24,19,113,2026-03-17,7.89,True
2233,24,29,172,2026-06-29,7.0,False
2234,24,23,139,2026-03-31,1.59,True
2235,24,4,,2026-04-16,1.82,True
2236,24,3,19,2026-06-15,3.75,True
2237,24,23,138,2026-03-10,6.63,True
2238,24,13,77,2026-03-04,7.38,True
2239,24,18,108,2026-04-20,5.31,True
2240,24,17,100,2026-04-28,3.66,False
2241,24,28,167,2026-04-07,2.86,True
2242,24,19,112,2026-02-25,0.53,True
2243,24,30,177,2026-04-29,7.58,False
2244,24,19,112,2026-05-12,0.65,True
2245,24,14,86,2026-05-27,3.67,True
2246,24,1,4,2026-05-22,2.74,True
2247,24,3,17,2026-04-30,0.51,True
2248,24,11,66,2026-06-17,0.81,True
2249,24,14,83,2026-03-25,3.33,True
2250,24,19,113,2026-05-27,5.05,False
2251,24,17,100,2026-06-30,7.23,True
2252,24,26,158,2026-02-24,3.28,True
2253,24,5,,2026-03-11,1.5,False
2254,24,25,154,2026-06-30,4.83,False
2255,24,6,39,2026-03-09,4.65,True
2256,24,16,96,2026-03-12,5.53,True
2257,24,4,23,2026-04-29,1.19,True
2258,24,6,41,2026-06-19,3.01,True
2259,24,14,82,2026-02-17,6.84,True
2260,24,28,169,2026-02-17,5.83,True
2261,24,8,47,2026-06-01,2.56,True
2262,24,6,38,2026-04-29,6.86,True
2263,24,6,41,2026-05-11,7.16,False
2264,24,9,,2026-03-11,4.14,True
2265,24,30,176,2026-03-30,5.67,True
2266,24,8,,2026-06-04,1.04,False
2267,24,18,108,2026-02-18,4.11,True
2268,24,12,72,2026-03-04,1.19,True
2269,24,1,7,2026-06-15,7.14,True
2270,24,24,150,2026-06-09,0.9,True
2271,24,7,,2026-06-15,1.03,True
2272,24,9,50,2026-06-26,4.81,True
2273,24,23,140,2026-04-16,6.58,True
2274,24,20,122,2026-03-18,3.6,True
2275,24,20,123,2026-03-25,7.83,True
2276,24,29,172,2026-02-26,2.43,True
2277,24,8,45,2026-06-16,7.19,True
2278,24,29,174,2026-05-20,3.78,True
2279,24,29,173,2026-03-27,3.66,True
2280,24,28,170,2026-06-08,0.79,True
2281,24,7,42,2026-04-22,7.18,False
2282,24,17,99,2026-04-03,2.88,True
2283,24,30,175,2026-05-12,3.0,True
2284,24,15,87,2026-05-28,3.2,True
2285,24,12,,2026-05-29,1.7,True
2286,24,24,148,2026-02-25,4.56,True
2287,24,25,151,2026-06-23,5.22,True
2288,24,15,90,2026-03-13,5.01,True
2289,24,5,33,2026-06-10,5.61,True
2290,24,23,143,2026-02-23,3.55,True
2291,24,30,177,2026-03-10,5.62,False
2292,24,29,,2026-03-23,1.87,False
2293,24,26,158,2026-03-04,0.58,False
2294,24,25,151,2026-03-09,2.9,True
2295,24,26,158,2026-06-09,5.25,True
2296,24,2,8,2026-06-23,1.25,True
2297,24,30,179,2026-05-21,5.33,False
2298,24,1,3,2026-04-13,7.77,False
2299,24,1,5,2026-03-19,0.52,True
2300,24,17,99,2026-03-05,1.04,True
2301,24,20,120,2026-05-14,7.1,True
2302,24,25,153,2026-05-15,1.6,True
2303,24,3,,2026-06-01,7.73,True
2304,24,18,110,2026-06-19,2.47,False
2305,24,29,173,2026-06-25,2.5,True
2306,24,23,139,2026-04-07,4.78,True
2307,24,19,116,2026-04-15,0.65,True
2308,24,15,88,2026-05-13,2.96,True
2309,24,16,94,2026-05-08,2.41,False
2310,24,6,40,2026-04-23,1.88,True
2311,24,6,41,2026-03-27,2.14,True
2312,24,11,63,2026-02-20,6.03,True
2313,24,12,72,2026-06-02,4.33,True
2314,25,5,30,2025-04-21,3.38,True
2315,25,26,156,2025-07-29,7.22,True
2316,25,29,174,2026-04-15,7.87,True
2317,25,8,46,2025-10-07,5.53,False
2318,25,26,,2026-02-25,1.56,True
2319,25,17,99,2025-10-29,7.87,False
2320,25,15,89,2026-05-12,1.72,True
2321,25,18,,2025-06-11,3.74,False
2322,25,4,23,2025-04-10,3.14,False
2323,25,26,159,2026-03-12,0.53,True
2324,25,4,22,2025-11-19,3.77,True
2325,25,19,118,2026-02-23,7.8,True
2326,25,23,,2025-12-16,4.38,True
2327,25,25,153,2026-06-19,2.27,True
2328,25,26,157,2025-04-10,4.61,True
2329,25,5,36,2026-06-10,1.79,True
2330,25,24,145,2025-03-07,0.9,True
2331,25,20,120,2026-01-21,7.45,False
2332,25,16,96,2025-06-23,5.98,False
2333,25,28,166,2025-04-09,3.66,False
2334,25,30,176,2025-06-27,6.89,True
2335,25,15,88,2026-02-26,7.07,True
2336,25,23,139,2025-11-19,1.2,True
2337,25,12,72,2025-07-03,7.51,True
2338,25,15,87,2026-01-13,4.53,True
2339,25,3,17,2026-01-07,1.17,True
2340,25,16,95,2025-03-27,6.95,True
2341,25,24,145,2025-05-07,7.58,True
2342,25,8,49,2026-05-01,2.57,True
2343,25,13,74,2026-04-21,7.01,False
2344,25,14,85,2025-04-04,3.25,True
2345,25,12,71,2026-05-11,7.77,True
2346,25,25,151,2025-09-19,2.25,True
2347,25,5,,2025-11-24,6.53,True
2348,25,2,12,2026-04-09,6.22,True
2349,25,21,,2025-10-13,3.44,True
2350,25,10,56,2026-03-09,2.19,True
2351,25,1,5,2025-09-15,1.75,True
2352,25,28,167,2025-10-15,7.12,True
2353,25,10,57,2025-06-25,6.39,True
2354,25,30,177,2026-02-05,4.66,True
2355,25,22,134,2025-12-05,6.01,False
2356,25,24,147,2025-05-21,5.3,True
2357,25,30,175,2026-02-06,5.01,True
2358,25,9,54,2025-08-27,6.54,False
2359,25,24,146,2025-10-28,7.81,True
2360,25,12,71,2025-12-04,2.27,True
2361,25,23,138,2026-03-03,6.76,False
2362,25,19,115,2026-03-11,6.29,False
2363,25,8,49,2025-11-03,7.93,True
2364,25,13,79,2026-04-24,0.98,True
2365,25,9,51,2025-08-29,2.64,True
2366,25,30,179,2026-06-19,7.55,True
2367,25,27,163,2026-01-06,1.57,False
2368,25,12,71,2025-08-08,6.83,True
2369,25,28,167,2025-07-07,3.26,True
2370,25,4,27,2025-05-08,7.5,True
2371,25,22,135,2025-07-11,6.44,True
2372,25,14,83,2026-04-08,2.88,True
2373,25,23,141,2025-12-22,3.59,True
2374,25,6,39,2026-03-20,7.22,True
2375,25,29,173,2025-07-17,2.5,True
2376,25,16,92,2026-05-26,5.36,False
2377,25,29,173,2025-05-13,4.83,True
2378,25,27,,2026-04-01,5.22,True
2379,25,5,30,2025-03-19,7.46,True
2380,25,21,126,2025-03-25,0.69,True
2381,25,3,18,2025-10-30,5.47,False
2382,25,4,25,2025-07-01,7.76,True
2383,25,4,24,2026-04-01,3.48,False
2384,25,23,,2025-05-30,7.31,True
2385,25,7,43,2025-09-02,5.82,True
2386,25,13,73,2026-01-08,5.34,True
2387,25,5,34,2026-05-04,7.2,True
2388,25,5,36,2025-07-01,5.74,True
2389,25,17,98,2025-03-07,2.65,False
2390,25,12,70,2025-10-09,3.7,True
2391,25,26,157,2026-05-05,6.9,True
2392,25,4,,2025-05-09,1.67,True
2393,25,18,105,2026-03-03,1.17,False
2394,25,22,137,2026-06-22,5.81,True
2395,25,28,169,2025-11-06,2.0,True
2396,25,9,51,2025-06-25,7.87,False
2397,25,4,25,2025-07-14,7.98,True
2398,25,22,135,2026-03-09,6.62,False
2399,25,21,128,2026-03-17,7.69,True
2400,25,13,78,2025-06-23,3.29,True
2401,25,26,156,2025-12-04,0.92,True
2402,25,26,156,2026-05-04,2.27,True
2403,25,11,66,2026-04-06,1.42,True
2404,25,3,19,2025-06-04,3.51,True
2405,25,26,159,2025-07-02,4.78,True
2406,25,22,134,2025-08-14,5.98,False
2407,25,2,12,2025-12-23,1.05,True
2408,25,3,18,2025-08-22,3.71,True
2409,25,30,179,2026-03-11,3.32,False
2410,25,26,159,2026-04-22,0.5,True
2411,26,9,51,2023-07-31,1.03,False
2412,26,15,90,2025-10-09,0.77,False
2413,26,16,92,2025-11-20,4.18,True
2414,26,3,17,2024-03-27,3.78,True
2415,26,23,142,2026-06-30,5.16,True
2416,26,14,86,2024-08-29,7.56,True
2417,26,29,174,2025-03-24,2.02,True
2418,26,21,131,2025-03-24,1.91,False
2419,26,8,45,2024-05-20,1.41,True
2420,26,16,93,2025-01-30,4.72,True
2421,26,30,175,2023-10-11,0.51,True
2422,26,18,107,2025-03-25,4.59,False
2423,26,14,84,2025-06-11,3.7,False
2424,26,9,50,2023-08-17,3.55,True
2425,26,19,115,2025-11-20,5.12,False
2426,26,15,,2025-07-03,1.53,True
2427,26,8,45,2025-07-29,4.95,True
2428,26,17,100,2024-08-26,3.7,True
2429,26,3,20,2025-02-13,7.37,True
2430,26,8,47,2024-12-18,7.06,False
2431,26,10,57,2024-12-09,6.39,False
2432,26,10,58,2024-11-12,6.15,True
2433,26,23,140,2025-01-15,4.84,True
2434,26,5,34,2026-04-21,3.65,True
2435,26,16,92,2026-06-26,5.32,False
2436,26,8,45,2025-12-29,1.47,True
2437,26,11,67,2024-07-29,2.65,True
2438,26,14,84,2024-03-27,6.94,True
2439,26,8,,2025-03-10,2.59,True
2440,26,10,55,2024-04-29,5.93,True
2441,26,4,22,2024-08-21,6.0,True
2442,26,28,168,2026-06-17,5.8,True
2443,26,11,69,2023-07-05,4.67,True
2444,26,26,,2024-09-20,7.58,True
2445,26,12,70,2024-12-13,5.72,True
2446,26,29,172,2024-07-25,6.72,True
2447,26,22,134,2024-11-21,1.96,True
2448,26,6,38,2024-02-06,0.64,True
2449,26,15,90,2026-04-29,6.06,True
2450,26,22,134,2023-09-05,4.64,False
2451,26,13,73,2024-05-09,7.15,True
2452,26,7,43,2024-08-29,6.81,True
2453,26,8,47,2023-10-05,1.73,False
2454,26,20,122,2025-09-08,3.04,True
2455,26,7,42,2024-10-21,0.57,True
2456,26,7,42,2023-08-14,2.15,True
2457,26,28,169,2025-06-11,6.13,True
2458,26,29,172,2025-01-20,5.31,True
2459,26,3,17,2024-10-15,6.01,True
2460,26,9,51,2024-10-24,0.72,True
2461,26,30,176,2023-10-04,1.45,True
2462,26,3,20,2023-08-03,1.18,True
2463,26,6,38,2025-02-19,0.89,True
2464,26,15,90,2024-12-12,5.45,True
2465,26,24,144,2026-03-02,5.32,True
2466,26,11,68,2024-02-02,5.17,False
2467,26,30,177,2023-10-11,3.4,True
2468,26,26,157,2025-05-26,4.29,False
2469,26,6,41,2023-09-21,6.52,True
2470,26,19,112,2024-07-16,1.25,True
2471,26,2,13,2025-10-29,6.56,True
2472,26,2,9,2026-01-16,6.91,False
2473,26,16,91,2024-10-04,4.99,True
2474,26,19,115,2025-06-26,1.84,True
2475,26,29,172,2026-04-07,1.27,True
2476,26,29,173,2024-12-03,2.37,True
2477,26,6,39,2025-02-12,1.62,True
2478,26,7,43,2025-03-10,3.82,False
2479,26,1,7,2026-05-28,4.24,True
2480,26,30,177,2026-02-06,0.66,True
2481,26,28,171,2025-08-12,6.24,True
2482,26,3,18,2024-07-23,6.41,True
2483,26,14,82,2024-05-23,7.61,True
2484,26,15,90,2025-04-14,6.46,True
2485,26,12,70,2025-11-03,1.1,True
2486,26,5,30,2023-11-24,2.92,False
2487,26,30,176,2023-09-25,1.64,True
2488,26,25,155,2025-10-01,2.24,True
2489,26,22,135,2025-10-14,1.79,True
2490,26,10,56,2023-09-26,3.74,True
2491,26,22,134,2025-05-26,1.23,True
2492,26,4,21,2023-09-28,2.54,True
2493,26,28,167,2023-11-09,6.64,True
2494,26,28,167,2023-12-04,3.29,True
2495,26,22,134,2025-08-01,4.54,False
2496,26,18,110,2025-09-30,2.73,True
2497,26,25,155,2025-04-30,2.47,True
2498,26,27,160,2023-09-26,6.46,True
2499,26,30,178,2025-12-22,5.29,True
2500,26,27,162,2025-09-02,5.28,True
2501,26,28,168,2024-02-29,4.97,True
2502,26,7,42,2024-02-14,5.08,True
2503,26,14,82,2023-12-01,1.95,True
2504,26,6,41,2024-09-17,6.47,True
2505,26,24,148,2024-02-15,1.18,False
2506,26,17,97,2023-08-10,0.93,False
2507,26,23,,2023-07-12,3.11,True
2508,26,6,38,2025-09-19,1.91,True
2509,26,11,67,2024-07-02,2.53,False
2510,26,29,174,2023-07-04,7.51,True
2511,26,22,134,2023-10-31,3.88,True
2512,26,14,84,2025-12-10,7.5,False
2513,26,6,38,2026-04-23,5.07,True
2514,27,26,157,2025-12-26,6.61,True
2515,27,24,,2026-02-27,5.26,False
2516,27,18,104,2025-09-08,7.8,True
2517,27,22,135,2025-12-19,7.25,True
2518,27,5,,2026-06-11,6.87,True
2519,27,24,150,2025-10-10,4.46,True
2520,27,25,151,2026-04-03,7.65,True
2521,27,13,,2025-09-30,3.67,True
2522,27,12,70,2025-09-11,5.26,False
2523,27,17,102,2026-01-22,2.36,True
2524,27,19,114,2026-06-12,5.7,True
2525,27,16,96,2025-09-16,7.93,False
2526,27,23,141,2026-06-08,3.38,True
2527,27,28,166,2025-11-17,2.93,True
2528,27,29,174,2025-09-19,3.84,True
2529,27,19,115,2025-10-10,6.23,True
2530,27,13,73,2026-06-18,6.36,True
2531,27,21,132,2026-06-09,6.56,True
2532,27,13,73,2026-01-21,2.68,True
2533,27,20,124,2026-05-29,6.55,False
2534,27,11,63,2025-09-24,1.73,True
2535,27,15,,2026-03-31,2.67,True
2536,27,6,39,2026-03-10,4.4,False
2537,27,18,103,2026-02-23,4.12,True
2538,27,18,110,2026-01-20,6.75,True
2539,27,4,27,2026-01-07,0.61,False
2540,27,15,87,2025-10-02,0.5,True
2541,27,12,72,2026-04-02,1.26,False
2542,27,25,152,2025-09-16,7.33,False
2543,27,13,77,2026-06-24,1.94,True
2544,27,18,107,2026-04-17,3.87,True
2545,27,25,151,2025-11-07,4.48,True
2546,27,29,172,2025-09-23,1.35,False
2547,27,2,12,2026-02-10,7.62,True
2548,27,18,109,2026-03-18,1.74,False
2549,27,13,75,2025-11-06,2.93,True
2550,27,20,122,2025-11-17,2.87,True
2551,27,6,38,2025-11-10,5.07,True
2552,27,7,44,2026-02-05,3.8,True
2553,27,16,94,2026-02-10,4.56,True
2554,27,11,65,2026-06-08,2.19,True
2555,27,27,,2025-11-17,2.66,True
2556,27,7,44,2025-10-06,0.52,True
2557,27,30,178,2026-01-07,7.42,True
2558,27,21,133,2025-11-27,3.69,True
2559,27,21,129,2026-03-04,4.67,True
2560,27,11,64,2025-12-09,4.88,True
2561,27,2,8,2026-06-05,6.89,True
2562,27,25,152,2026-03-09,6.29,True
2563,27,28,171,2026-02-06,1.34,False
2564,27,2,15,2026-05-27,4.51,True
2565,27,4,27,2025-10-20,7.05,True
2566,27,7,44,2026-06-01,7.39,False
2567,27,14,85,2026-05-08,4.3,False
2568,27,26,159,2025-12-17,0.57,False
2569,27,14,86,2025-10-10,2.85,True
2570,27,23,140,2025-12-25,7.45,True
2571,27,16,95,2025-10-03,1.26,True
2572,27,10,58,2026-05-20,1.16,True
2573,27,24,145,2026-03-30,4.92,True
2574,27,5,33,2026-03-19,5.22,True
2575,27,29,174,2026-06-29,4.89,True
2576,27,2,13,2026-05-11,2.21,True
2577,27,6,,2025-10-21,4.55,True
2578,27,17,99,2025-12-04,5.38,True
2579,27,10,61,2026-04-30,4.87,True
2580,27,11,67,2026-06-01,1.45,True
2581,27,4,21,2025-12-08,1.58,True
2582,27,19,112,2025-11-17,2.74,True
2583,27,15,,2026-02-23,6.13,True
2584,27,30,177,2025-10-28,6.42,False
2585,27,7,42,2026-06-02,7.96,False
2586,27,21,,2026-06-05,4.27,False
2587,27,28,166,2026-06-30,2.34,False
2588,27,16,91,2026-01-26,7.59,True
2589,27,21,127,2026-04-23,4.01,True
2590,27,19,116,2025-10-23,5.21,True
2591,27,24,150,2025-09-18,6.16,True
2592,27,24,,2026-02-18,1.96,True
2593,27,8,49,2025-11-11,6.9,False
2594,27,10,61,2026-02-16,3.12,True
2595,27,14,,2025-10-08,5.68,True
2596,27,18,104,2025-09-29,2.63,True
2597,27,5,36,2025-12-22,3.5,False
2598,27,30,179,2026-05-20,2.04,False
2599,27,23,143,2026-04-01,4.76,True
2600,27,8,45,2025-09-11,5.2,True
2601,27,28,169,2025-10-24,3.25,False
2602,27,15,87,2026-02-26,6.96,False
2603,27,8,49,2025-12-12,3.18,False
2604,27,4,25,2026-01-12,3.45,True
2605,27,2,11,2026-05-07,4.15,True
2606,27,25,154,2025-09-10,3.07,True
2607,27,6,40,2026-01-16,2.42,False
2608,27,22,134,2025-10-31,5.18,True
2609,27,11,65,2026-02-26,4.52,False
2610,27,30,177,2025-09-29,7.81,False
2611,27,16,91,2026-01-21,1.57,True
2612,27,14,85,2025-10-30,2.47,True
2613,27,19,114,2025-09-19,4.82,True
2614,27,2,14,2026-01-19,5.71,False
2615,27,22,134,2026-06-26,1.8,True
2616,29,25,155,2026-05-08,3.91,True
2617,29,11,67,2024-02-15,6.92,True
2618,29,27,164,2026-01-15,1.52,True
2619,29,21,127,2024-02-02,6.18,False
2620,29,7,42,2026-04-27,6.2,False
2621,29,17,101,2026-02-17,3.82,True
2622,29,17,98,2024-09-12,3.54,False
2623,29,15,,2024-11-26,1.21,True
2624,29,20,,2024-02-16,7.57,True
2625,29,17,100,2023-08-17,1.9,True
2626,29,5,31,2023-09-19,7.43,True
2627,29,28,167,2023-12-22,5.08,True
2628,29,9,50,2023-08-10,0.92,True
2629,29,23,143,2025-01-08,1.25,True
2630,29,2,12,2024-01-19,7.66,False
2631,29,7,43,2023-12-08,7.94,False
2632,29,9,51,2024-06-18,3.64,True
2633,29,27,160,2024-07-29,2.79,True
2634,29,4,24,2023-10-11,4.06,True
2635,29,13,75,2023-10-23,7.51,True
2636,29,24,148,2025-07-08,1.97,False
2637,29,15,89,2023-08-31,0.95,True
2638,29,5,29,2023-08-23,6.49,True
2639,29,21,128,2024-01-08,1.32,True
2640,29,21,128,2024-07-15,1.4,False
2641,29,26,159,2024-02-13,4.77,True
2642,29,9,53,2023-10-19,7.87,True
2643,29,8,47,2024-03-26,1.88,True
2644,29,6,41,2025-01-03,6.16,True
2645,29,24,149,2023-08-04,4.88,True
2646,29,27,163,2024-07-04,3.32,True
2647,29,22,136,2025-04-07,1.21,False
2648,29,19,112,2025-08-21,0.78,True
2649,29,19,116,2024-01-03,1.78,True
2650,29,29,174,2025-02-04,5.99,False
2651,29,7,42,2023-07-20,4.25,True
2652,29,19,,2025-02-17,5.15,True
2653,29,3,16,2023-10-12,3.53,True
2654,29,25,152,2025-09-12,5.06,True
2655,29,5,34,2024-10-14,2.59,True
2656,29,14,81,2026-04-28,1.68,True
2657,29,17,99,2025-12-01,1.91,True
2658,29,1,2,2024-08-12,6.08,True
2659,29,29,172,2024-09-19,0.51,True
2660,29,18,106,2025-02-17,6.08,False
2661,29,15,87,2023-07-10,0.53,True
2662,29,25,151,2024-03-05,2.39,True
2663,29,13,75,2024-10-24,1.54,True
2664,29,30,179,2026-06-24,7.59,True
2665,29,15,87,2025-09-03,0.57,False
2666,29,11,63,2025-11-17,4.1,True
2667,29,8,,2023-08-17,7.41,False
2668,29,19,114,2024-11-22,3.76,False
2669,29,30,,2023-12-22,2.89,True
2670,29,18,107,2025-05-06,4.26,False
2671,29,26,156,2024-07-22,5.27,False
2672,29,13,77,2025-01-31,4.87,True
2673,29,28,169,2024-04-29,5.87,True
2674,29,18,103,2024-04-11,5.8,True
2675,29,3,17,2024-04-08,5.39,True
2676,29,20,121,2023-07-03,1.62,False
2677,29,5,,2025-06-09,4.26,True
2678,29,9,51,2026-02-12,2.21,False
2679,29,6,38,2025-06-05,7.97,True
2680,29,10,,2024-01-10,7.94,True
2681,29,5,34,2024-02-05,4.62,True
2682,29,19,,2025-09-22,1.36,True
2683,29,9,50,2023-10-19,1.14,True
2684,29,17,97,2023-08-30,1.17,False
2685,29,30,176,2025-11-21,1.01,True
2686,29,1,3,2026-06-25,5.86,True
2687,29,8,47,2025-03-31,3.36,True
2688,29,15,88,2025-03-06,3.37,False
2689,29,1,6,2024-08-23,7.73,True
2690,29,28,167,2025-06-16,4.69,True
2691,29,16,95,2024-06-11,1.72,True
2692,29,22,137,2026-01-13,7.9,True
2693,29,28,169,2025-06-19,7.49,False
2694,29,5,33,2023-12-04,7.67,True
2695,29,15,90,2025-12-22,4.33,False
2696,29,26,159,2026-02-11,6.72,True
2697,29,19,,2024-08-29,3.21,True
2698,29,30,179,2025-03-13,4.25,True
2699,29,10,56,2024-10-24,2.85,True
2700,29,7,43,2025-11-05,7.09,False
2701,29,3,19,2024-11-29,5.03,False
2702,29,6,41,2024-06-17,0.63,True
2703,29,23,140,2023-12-28,6.25,True
2704,29,23,139,2023-12-12,4.48,True
2705,29,1,4,2024-10-21,2.8,True
2706,29,19,113,2023-11-10,4.46,True
2707,29,26,156,2025-10-07,3.54,False
2708,29,1,1,2024-01-23,7.95,True
2709,29,6,39,2025-03-28,1.97,True
2710,29,3,17,2024-11-18,6.97,True
2711,29,13,,2026-06-16,3.68,False
2712,29,8,45,2026-04-30,3.39,False
2713,29,7,44,2024-08-16,1.29,True
2714,29,27,164,2023-10-10,1.1,False
2715,29,30,175,2024-11-04,1.3,True
2716,29,24,,2026-02-10,6.21,True
2717,29,2,9,2025-09-02,7.13,True
2718,29,12,72,2023-10-13,5.91,True
2719,29,3,19,2025-05-28,2.18,True
2720,29,23,141,2024-06-05,4.69,True
2721,29,16,94,2023-10-24,5.86,True
2722,30,14,81,2026-06-09,5.68,True
2723,30,20,125,2025-11-18,1.47,True
2724,30,9,50,2026-06-01,1.98,True
2725,30,8,,2026-04-02,4.7,True
2726,30,18,,2026-06-08,3.25,True
2727,30,6,39,2025-12-08,6.49,True
2728,30,27,164,2025-09-19,6.42,True
2729,30,22,136,2026-04-21,2.45,True
2730,30,19,116,2025-11-11,1.17,True
2731,30,4,25,2025-11-13,3.41,True
2732,30,30,,2025-12-10,3.23,False
2733,30,27,162,2025-11-19,2.62,True
2734,30,24,148,2026-06-02,6.99,True
2735,30,10,57,2026-05-15,0.99,True
2736,30,11,62,2025-11-14,1.26,False
2737,30,13,78,2026-06-08,7.92,True
2738,30,10,55,2025-09-01,2.94,False
2739,30,29,173,2026-04-03,2.45,False
2740,30,28,168,2026-04-29,2.35,True
2741,30,5,30,2026-04-17,7.31,True
2742,30,4,26,2026-06-15,4.23,True
2743,30,12,71,2025-09-23,6.22,False
2744,30,15,90,2025-09-09,1.65,False
2745,30,14,83,2026-01-21,3.67,True
2746,30,5,,2025-10-03,3.81,True
2747,30,7,,2026-05-14,3.98,True
2748,30,21,133,2025-10-01,2.12,True
2749,30,10,59,2025-09-08,6.32,False
2750,30,17,102,2026-04-23,5.54,True
2751,30,25,155,2026-03-25,7.86,False
2752,30,6,39,2025-09-23,3.87,True
2753,30,5,,2026-03-12,5.62,True
2754,30,3,17,2026-02-20,2.06,True
2755,30,12,70,2026-05-28,3.73,True
2756,30,16,94,2025-09-15,6.48,True
2757,30,30,178,2026-06-29,5.6,True
2758,30,23,140,2025-12-29,2.45,True
2759,30,1,7,2025-11-13,4.06,True
2760,30,20,122,2026-01-09,6.32,True
2761,30,15,,2026-04-30,4.25,False
2762,30,16,93,2026-01-08,1.69,False
2763,30,19,111,2026-01-01,6.73,True
2764,30,5,36,2025-12-16,6.95,True
2765,30,5,32,2025-12-01,0.95,True
2766,30,21,127,2025-10-24,6.21,False
2767,30,27,163,2026-04-06,5.05,False
2768,30,4,21,2026-01-28,1.68,False
2769,30,12,71,2026-06-09,3.53,True
2770,30,19,,2026-06-26,6.92,True
2771,30,1,6,2026-03-30,7.96,False
2772,30,26,156,2026-01-14,1.88,True
2773,30,18,,2025-10-06,3.88,False
2774,30,25,,2025-12-19,6.55,True
2775,30,22,,2025-09-16,2.68,True
2776,30,6,40,2025-12-02,2.4,True
2777,30,19,112,2026-04-13,1.7,True
2778,30,15,88,2026-06-11,0.54,True
2779,30,25,153,2025-10-01,1.67,True
2780,30,24,148,2026-02-13,1.32,True
2781,30,24,145,2026-04-24,5.76,False
2782,30,16,91,2025-11-20,7.21,True
2783,30,13,73,2026-01-30,7.81,True
2784,30,14,,2026-04-08,5.89,True
2785,30,21,128,2026-04-20,6.97,True
2786,30,27,,2026-05-11,7.95,False
2787,30,28,167,2025-09-22,4.59,True
2788,30,30,176,2025-09-23,1.74,False
2789,30,29,173,2025-12-30,5.15,True
2790,30,18,103,2026-06-26,2.19,False
2791,30,6,,2025-11-24,2.34,True
2792,30,5,34,2026-02-23,6.9,True
2793,30,20,120,2026-02-19,2.63,False
2794,30,22,135,2026-03-26,4.86,False
2795,30,26,157,2025-12-08,6.16,True
2796,30,29,172,2026-03-20,7.39,True
2797,30,5,,2026-06-02,0.7,True
2798,30,4,25,2026-01-16,1.18,False
2799,30,2,13,2026-03-20,2.85,False
2800,30,20,119,2025-10-30,1.57,False
2801,30,13,80,2026-04-23,2.82,True
2802,30,13,77,2025-10-17,4.75,False
2803,30,5,36,2025-10-08,5.77,True
2804,30,12,71,2025-11-04,7.58,False
2805,30,9,51,2026-05-18,5.22,True
2806,30,29,172,2026-04-17,6.56,True
2807,30,29,172,2026-01-16,0.96,True
2808,30,4,,2025-12-26,6.95,True
2809,30,11,,2025-12-16,5.9,True
2810,30,19,115,2025-12-30,5.5,True
2811,30,28,170,2026-04-24,5.28,True
2812,30,20,121,2026-01-06,6.95,True
2813,30,3,17,2026-01-08,5.21,True
2814,30,23,138,2026-06-29,1.85,False
2815,30,1,5,2026-05-05,4.19,True
2816,30,21,129,2025-12-15,7.1,False
2817,30,11,66,2026-04-09,2.56,False
2818,30,11,67,2026-05-27,4.48,False
2819,30,23,139,2026-03-26,6.41,True
2820,30,17,100,2025-11-03,5.44,False
2821,30,12,70,2026-02-10,6.03,True
2822,30,19,113,2025-11-27,1.88,True
2823,30,25,152,2026-02-27,5.97,True
2824,30,21,130,2026-04-16,1.79,True
2825,30,20,122,2026-03-20,1.78,True
2826,30,9,52,2025-09-26,7.72,True
2827,30,7,43,2026-01-23,5.35,True
2828,30,8,45,2025-10-13,4.81,True
2829,31,25,155,2024-06-28,1.51,True
2830,31,13,73,2025-11-06,7.74,False
2831,31,5,29,2025-04-17,3.5,True
2832,31,16,92,2025-09-08,2.61,True
2833,31,23,138,2023-07-31,4.79,True
2834,31,6,40,2024-01-01,3.84,True
2835,31,28,169,2024-02-20,0.59,False
2836,31,14,82,2024-11-26,5.03,True
2837,31,2,14,2023-11-20,4.05,False
2838,31,4,28,2023-08-10,7.99,False
2839,31,15,89,2023-12-07,6.26,True
2840,31,9,52,2024-08-06,4.26,True
2841,31,9,50,2024-06-03,3.19,True
2842,31,18,106,2025-08-14,6.82,True
2843,31,18,107,2026-02-12,1.8,True
2844,31,24,144,2023-07-25,7.84,True
2845,31,11,67,2025-04-01,4.11,False
2846,31,6,,2025-01-21,2.26,False
2847,31,20,,2023-09-05,4.86,True
2848,31,2,14,2024-01-09,2.7,True
2849,31,15,,2025-08-07,1.12,False
2850,31,27,162,2025-10-29,2.42,True
2851,31,15,90,2024-10-21,3.53,False
2852,31,29,172,2025-07-23,5.44,False
2853,31,3,20,2023-09-07,7.54,True
2854,31,1,3,2025-05-16,0.81,True
2855,31,27,163,2023-08-11,2.68,True
2856,31,14,84,2023-09-07,3.03,True
2857,31,23,140,2025-11-17,4.94,True
2858,31,1,6,2025-12-18,5.49,True
2859,31,13,74,2024-04-03,1.87,True
2860,31,25,,2023-08-03,6.28,True
2861,31,21,131,2024-09-19,4.27,True
2862,31,20,119,2025-09-01,4.03,True
2863,31,14,86,2024-06-11,5.72,True
2864,31,28,169,2025-09-26,0.68,False
2865,31,26,158,2023-08-14,6.83,True
2866,31,2,14,2023-12-07,4.59,True
2867,31,24,147,2025-09-08,2.04,False
2868,31,25,,2024-05-29,4.83,False
2869,31,26,157,2026-05-08,6.79,True
2870,31,19,113,2026-03-31,1.4,True
2871,31,15,,2023-07-13,4.5,False
2872,31,10,56,2025-10-07,4.9,True
2873,31,7,44,2024-10-23,7.79,True
2874,31,25,153,2025-03-11,5.65,True
2875,31,23,,2025-01-29,3.19,True
2876,31,14,84,2024-07-02,0.98,True
2877,31,18,103,2025-07-23,2.44,True
2878,31,6,39,2024-10-18,4.71,True
2879,31,25,152,2023-10-20,5.73,False
2880,31,21,130,2024-09-27,5.58,True
2881,31,13,77,2024-04-16,7.26,True
2882,31,3,17,2026-01-05,6.31,True
2883,31,2,10,2025-10-22,5.23,True
2884,31,17,97,2026-05-26,5.3,False
2885,31,28,,2024-05-22,3.52,True
2886,31,20,123,2024-06-21,5.38,False
2887,31,27,164,2025-04-29,6.14,True
2888,31,19,118,2025-01-15,1.17,True
2889,31,1,5,2024-02-16,5.89,False
2890,31,13,73,2023-09-06,4.48,False
2891,31,8,48,2023-10-25,5.27,False
2892,31,9,54,2025-08-20,5.23,True
2893,31,9,54,2026-03-19,7.25,True
2894,31,1,3,2024-04-18,2.74,True
2895,31,12,72,2023-08-08,4.89,False
2896,31,5,36,2025-07-15,2.36,True
2897,31,30,178,2025-10-07,6.67,False
2898,31,2,14,2026-01-05,0.51,False
2899,31,10,57,2024-03-29,6.83,False
2900,31,10,,2025-06-26,2.17,False
2901,31,9,50,2026-06-26,6.61,False
2902,31,28,171,2025-01-08,6.8,False
2903,31,16,93,2025-01-17,7.54,True
2904,31,5,31,2024-10-15,3.71,True
2905,31,19,118,2024-06-21,1.51,True
2906,31,6,40,2024-03-20,0.58,True
2907,31,3,20,2025-10-13,1.83,False
2908,31,13,75,2024-11-19,2.12,False
2909,31,24,147,2026-05-20,3.98,True
2910,31,20,125,2025-12-05,0.59,True
2911,31,4,24,2023-12-21,1.66,True
2912,31,1,,2023-11-14,2.67,True
2913,31,22,137,2024-04-26,6.8,True
2914,31,3,18,2024-10-07,6.9,False
2915,31,24,144,2024-09-18,2.75,True
2916,31,5,36,2024-03-28,0.75,True
2917,31,10,61,2024-04-03,2.73,True
2918,31,2,11,2025-05-20,6.74,True
2919,31,20,119,2024-12-16,4.69,True
2920,31,13,73,2023-12-22,4.05,True
2921,31,21,133,2025-10-14,3.57,False
2922,31,14,84,2024-05-09,6.18,True
2923,31,24,150,2025-02-14,6.87,True
2924,31,8,47,2026-04-01,2.43,True
2925,31,11,63,2024-08-01,4.12,True
2926,31,16,92,2024-06-12,1.05,False
2927,31,12,,2025-11-05,1.15,True
2928,31,22,134,2024-04-26,5.71,False
2929,31,24,148,2023-11-23,4.93,True
2930,31,7,42,2024-07-23,2.74,True
2931,31,10,57,2025-01-14,6.85,True
2932,31,16,94,2026-06-29,3.62,True
2933,31,8,45,2023-07-11,5.69,True
2934,32,11,,2023-11-24,6.4,True
2935,32,16,96,2024-06-05,6.98,True
2936,32,3,19,2024-07-29,7.79,True
2937,32,27,,2025-06-25,4.32,True
2938,32,18,104,2025-04-18,7.21,True
2939,32,9,54,2025-09-11,5.52,True
2940,32,22,137,2023-10-05,5.35,False
2941,32,1,,2023-07-24,4.91,False
2942,32,11,63,2025-01-16,7.89,False
2943,32,8,49,2024-05-02,1.84,False
2944,32,1,5,2025-08-22,3.45,True
2945,32,24,145,2026-05-18,3.29,False
2946,32,22,134,2024-05-06,3.44,True
2947,32,23,141,2025-01-29,5.69,True
2948,32,11,64,2024-08-13,0.92,True
2949,32,30,175,2025-12-01,4.16,True
2950,32,3,,2024-04-23,6.58,True
2951,32,18,,2024-05-29,6.5,True
2952,32,22,137,2023-09-05,2.71,True
2953,32,22,135,2024-04-26,0.64,True
2954,32,16,93,2025-01-21,2.72,True
2955,32,26,,2026-06-24,5.59,True
2956,32,5,32,2023-12-11,3.83,True
2957,32,13,78,2024-11-11,4.82,True
2958,32,26,159,2025-10-13,1.49,True
2959,32,8,49,2025-08-08,7.42,True
2960,32,1,4,2023-11-28,6.05,True
2961,32,5,36,2023-07-13,2.12,True
2962,32,13,79,2025-09-18,2.29,False
2963,32,12,,2026-06-22,7.15,True
2964,32,21,126,2024-03-04,0.58,True
2965,32,26,156,2024-04-19,3.24,True
2966,32,9,51,2026-01-28,6.18,True
2967,32,23,139,2024-02-15,4.81,False
2968,32,14,,2026-02-04,3.12,False
2969,32,2,12,2025-02-04,7.44,True
2970,32,3,16,2024-03-04,5.89,True
2971,32,12,72,2024-09-05,2.63,False
2972,32,10,58,2025-10-09,1.68,True
2973,32,23,138,2024-10-23,7.77,True
2974,32,26,157,2025-03-26,4.56,True
2975,32,25,154,2023-08-02,1.48,True
2976,32,3,18,2023-08-25,1.03,False
2977,32,8,45,2025-11-13,4.23,True
2978,32,15,89,2024-03-21,1.84,True
2979,32,7,43,2025-03-21,3.82,True
2980,32,23,140,2025-07-18,2.1,True
2981,32,11,69,2023-10-20,2.89,True
2982,32,19,112,2026-06-09,5.28,True
2983,32,14,83,2025-10-06,4.86,True
2984,32,13,76,2024-08-02,7.11,True
2985,32,16,96,2026-01-28,3.47,False
2986,32,12,70,2024-07-15,7.78,False
2987,32,23,141,2023-12-29,4.57,True
2988,32,1,1,2024-07-15,1.73,True
2989,32,14,82,2024-07-23,6.88,True
2990,32,26,157,2025-10-07,2.67,True
2991,32,8,48,2026-01-28,3.32,False
2992,32,21,128,2025-12-16,4.05,True
2993,32,30,176,2026-06-30,7.01,True
2994,32,2,10,2023-08-14,4.81,True
2995,32,9,51,2025-02-28,4.21,True
2996,32,19,111,2026-03-16,2.99,True
2997,32,5,29,2025-12-23,2.93,True
2998,32,20,120,2024-09-25,1.43,True
2999,32,27,162,2024-11-15,2.1,True
3000,32,25,152,2024-03-19,4.2,True
3001,32,29,174,2023-09-08,7.66,True
3002,32,10,55,2025-12-24,0.53,True
3003,32,20,123,2026-04-27,6.47,True
3004,32,10,,2023-09-15,5.3,False
3005,32,6,40,2024-04-08,3.28,False
3006,32,27,,2025-10-07,1.93,True
3007,32,12,71,2024-12-19,7.59,True
3008,32,4,24,2026-03-19,6.11,False
3009,32,23,142,2023-12-06,2.43,False
3010,32,27,162,2024-08-29,1.57,True
3011,32,28,167,2024-03-18,1.49,True
3012,32,19,117,2024-01-24,1.48,True
3013,32,18,104,2024-01-30,2.97,True
3014,32,30,177,2023-08-03,0.53,True
3015,32,30,179,2026-06-22,5.77,True
3016,32,11,69,2026-04-28,5.72,True
3017,32,17,101,2024-04-15,7.32,True
3018,32,15,90,2023-10-27,2.97,True
3019,32,28,169,2026-06-04,0.87,True
3020,32,24,149,2024-12-05,4.82,True
3021,32,10,59,2025-01-06,3.44,False
3022,32,11,69,2025-01-02,4.76,False
3023,32,7,44,2024-11-06,7.78,False
3024,32,28,167,2024-08-16,3.46,True
3025,32,5,,2025-11-04,2.92,False
3026,32,24,148,2025-10-10,7.63,True
3027,32,22,137,2025-04-21,2.96,False
3028,32,29,172,2024-06-17,2.41,True
3029,32,17,101,2025-10-27,6.56,False
3030,32,10,57,2023-11-24,3.61,True
3031,32,28,166,2026-05-15,4.92,True
3032,32,7,44,2025-11-19,0.63,False
3033,32,24,,2023-08-10,7.69,True
3034,32,2,12,2024-12-30,1.65,True
3035,32,26,156,2026-06-30,2.18,False
3036,32,9,50,2025-12-04,5.28,False
3037,33,16,95,2026-03-24,1.51,True
3038,33,5,30,2024-09-02,3.22,True
3039,33,17,,2025-04-11,7.36,True
3040,33,12,71,2026-04-03,2.74,True
3041,33,19,111,2025-05-20,4.88,True
3042,33,18,,2025-12-02,0.51,True
3043,33,3,20,2024-04-12,2.99,True
3044,33,27,163,2024-07-26,6.83,True
3045,33,8,,2025-12-18,5.49,True
3046,33,18,108,2025-07-18,7.67,True
3047,33,10,,2025-11-18,6.03,False
3048,33,22,135,2024-08-16,0.53,True
3049,33,24,148,2025-04-16,6.4,True
3050,33,19,114,2024-09-23,1.76,False
3051,33,23,140,2024-06-04,3.94,False
3052,33,10,56,2024-01-19,6.87,True
3053,33,23,,2025-10-03,1.86,True
3054,33,22,134,2025-07-30,1.19,False
3055,33,18,107,2024-04-26,7.15,False
3056,33,20,125,2023-08-17,7.5,False
3057,33,8,46,2024-09-23,5.4,True
3058,33,20,123,2023-08-25,7.86,False
3059,33,8,49,2023-10-24,0.77,False
3060,33,25,153,2025-01-09,7.05,True
3061,33,26,159,2025-04-22,5.77,True
3062,33,26,159,2025-04-03,2.85,True
3063,33,3,20,2023-09-20,6.82,True
3064,33,15,89,2023-11-10,2.9,True
3065,33,6,41,2024-09-03,4.29,True
3066,33,15,87,2024-05-14,7.7,True
3067,33,13,,2024-10-30,4.95,True
3068,33,5,35,2024-01-18,4.33,True
3069,33,26,,2026-03-27,0.55,True
3070,33,23,142,2023-09-14,7.05,True
3071,33,19,118,2024-04-26,4.92,True
3072,33,18,106,2024-10-01,2.56,True
3073,33,22,137,2025-03-14,5.06,True
3074,33,2,13,2023-09-29,3.66,True
3075,33,17,101,2024-10-04,7.97,True
3076,33,12,70,2026-03-24,3.82,True
3077,33,25,152,2024-01-22,2.92,True
3078,33,2,13,2025-12-18,5.57,True
3079,33,2,11,2024-01-31,7.79,True
3080,33,10,55,2024-01-26,6.14,False
3081,33,13,80,2024-02-19,2.93,False
3082,33,27,164,2023-11-30,6.08,True
3083,33,15,90,2025-12-31,4.53,False
3084,33,14,85,2025-02-20,0.69,False
3085,33,10,55,2025-12-01,2.13,True
3086,33,22,134,2025-06-27,4.87,True
3087,33,22,134,2026-05-08,3.45,True
3088,33,24,144,2024-04-05,4.74,True
3089,33,18,107,2024-05-31,7.97,True
3090,33,3,18,2024-11-18,4.87,False
3091,33,1,2,2025-03-06,2.69,True
3092,33,16,94,2024-06-26,5.95,True
3093,33,30,177,2024-02-21,3.69,True
3094,33,29,174,2024-01-09,3.53,True
3095,33,21,130,2024-01-19,2.21,False
3096,33,23,143,2024-12-04,6.63,True
3097,33,16,93,2023-08-22,6.02,True
3098,33,26,157,2025-10-07,2.66,True
3099,33,8,45,2024-05-06,3.69,False
3100,33,12,72,2023-08-30,4.81,True
3101,33,18,109,2025-08-11,3.89,True
3102,33,14,81,2024-04-11,7.98,True
3103,33,30,176,2023-09-04,1.51,False
3104,33,5,32,2025-01-01,5.1,True
3105,33,14,84,2026-03-26,3.19,True
3106,33,11,66,2025-01-16,6.61,True
3107,33,7,43,2023-11-06,3.93,False
3108,33,30,177,2024-04-12,7.01,True
3109,33,16,94,2024-09-19,1.0,True
3110,33,25,154,2025-05-16,3.17,False
3111,33,21,133,2025-08-08,6.88,True
3112,33,3,16,2023-08-23,2.12,False
3113,33,26,158,2023-07-06,7.8,True
3114,33,11,65,2025-01-06,6.35,False
3115,33,9,53,2026-03-12,1.56,True
3116,33,18,103,2025-03-07,4.02,True
3117,33,8,,2025-07-09,2.57,True
3118,33,10,56,2024-04-30,3.18,True
3119,33,23,141,2026-06-12,4.38,True
3120,33,11,64,2023-07-17,2.67,True
3121,33,10,58,2025-12-08,3.69,True
3122,33,2,13,2026-04-24,0.89,True
3123,33,10,55,2025-04-25,1.19,True
3124,33,8,49,2025-10-22,1.78,True
3125,33,26,,2023-12-06,4.62,True
3126,33,20,124,2026-06-09,2.9,True
3127,33,11,62,2025-10-10,5.32,True
3128,33,1,4,2024-08-09,2.33,False
3129,33,3,18,2024-07-02,5.8,True
3130,33,7,,2026-04-24,3.74,True
3131,33,21,131,2023-08-08,5.56,False
3132,33,3,20,2024-04-16,0.64,False
3133,33,28,167,2024-03-20,1.52,True
3134,33,2,,2025-04-15,2.24,False
3135,33,5,31,2023-10-05,3.29,True
3136,33,1,,2023-10-03,6.88,True
3137,33,8,46,2024-10-09,5.31,True
3138,33,17,97,2024-09-12,1.69,True
3139,33,9,53,2025-01-31,3.0,True
3140,33,20,125,2023-07-11,1.8,True
3141,33,14,83,2024-06-21,6.09,True
3142,33,19,114,2025-12-12,6.13,True
3143,33,16,92,2025-01-17,5.46,True
3144,33,21,133,2024-10-18,3.17,False
3145,34,13,78,2025-07-11,6.85,True
3146,34,25,152,2024-12-25,6.41,False
3147,34,17,,2025-02-11,3.62,True
3148,34,16,93,2024-07-24,2.37,False
3149,34,15,89,2026-02-03,3.45,True
3150,34,22,135,2025-07-09,4.85,True
3151,34,4,22,2024-05-21,5.31,False
3152,34,23,139,2026-01-13,5.19,False
3153,34,11,66,2025-02-05,4.61,True
3154,34,14,85,2024-01-08,3.6,True
3155,34,24,146,2025-07-14,4.03,True
3156,34,20,125,2025-06-24,6.4,True
3157,34,29,174,2024-07-01,5.71,True
3158,34,8,,2026-03-17,2.06,True
3159,34,2,10,2026-02-13,6.73,True
3160,34,4,27,2026-03-26,4.11,True
3161,34,23,,2026-06-17,1.55,True
3162,34,19,113,2024-04-16,7.84,True
3163,34,25,152,2024-11-08,5.32,False
3164,34,6,39,2024-11-29,6.13,True
3165,34,27,160,2025-03-28,1.54,False
3166,34,10,,2025-01-20,6.65,True
3167,34,28,171,2024-04-03,1.86,True
3168,34,30,177,2025-07-15,3.95,True
3169,34,15,87,2025-02-06,5.61,True
3170,34,7,44,2024-04-04,0.75,False
3171,34,13,76,2025-07-16,5.01,True
3172,34,16,94,2026-04-14,4.12,False
3173,34,22,134,2024-09-26,0.84,True
3174,34,2,14,2025-05-01,5.0,True
3175,34,9,50,2024-03-28,3.5,False
3176,34,19,112,2026-02-10,0.69,False
3177,34,21,128,2026-06-15,7.34,True
3178,34,18,109,2026-05-04,3.63,True
3179,34,30,175,2026-01-16,7.74,False
3180,34,5,32,2024-09-02,4.26,True
3181,34,11,66,2026-06-09,1.67,True
3182,34,11,68,2024-02-13,5.72,True
3183,34,13,,2024-11-08,6.4,True
3184,34,23,141,2024-04-09,2.02,True
3185,34,23,,2025-11-10,2.82,False
3186,34,30,175,2024-10-04,1.19,True
3187,34,18,107,2024-11-01,1.53,True
3188,34,23,,2025-08-26,2.1,True
3189,34,30,177,2025-09-02,7.78,True
3190,34,13,77,2024-06-03,2.37,True
3191,34,12,70,2024-02-28,5.82,True
3192,34,11,62,2025-02-05,4.98,True
3193,34,18,108,2024-11-22,1.75,True
3194,34,12,72,2026-03-20,0.99,True
3195,34,19,115,2025-05-29,4.44,False
3196,34,14,83,2025-05-14,4.78,False
3197,34,8,45,2024-12-25,1.29,False
3198,34,23,141,2025-03-19,3.11,True
3199,34,13,78,2026-02-16,4.29,False
3200,34,28,169,2025-09-26,5.93,True
3201,34,13,78,2025-01-30,3.25,True
3202,34,28,,2024-01-05,5.48,True
3203,34,28,168,2024-04-04,6.79,True
3204,34,28,166,2026-02-26,5.75,True
3205,34,21,132,2025-02-03,4.56,True
3206,34,9,50,2025-04-23,1.52,True
3207,34,16,92,2025-05-09,5.9,True
3208,34,6,39,2023-12-26,4.52,True
3209,34,28,167,2024-12-13,8.0,True
3210,34,10,,2024-09-17,1.19,True
3211,34,18,104,2024-08-02,3.3,False
3212,34,23,139,2024-12-02,5.5,False
3213,34,25,153,2026-02-18,7.58,False
3214,34,5,29,2026-03-02,7.47,True
3215,34,8,,2025-06-18,0.63,True
3216,34,29,174,2024-10-02,7.33,True
3217,34,11,64,2026-02-25,6.22,False
3218,34,4,25,2024-10-02,4.02,True
3219,34,2,11,2024-01-05,3.39,False
3220,34,16,95,2025-09-30,5.83,True
3221,34,8,49,2026-02-11,1.37,True
3222,34,8,49,2025-12-24,7.29,True
3223,34,30,176,2026-04-02,5.9,True
3224,34,1,3,2025-06-30,2.92,True
3225,34,25,155,2026-06-16,6.02,False
3226,34,20,123,2025-09-25,0.87,True
3227,34,29,174,2026-03-12,4.57,True
3228,34,14,82,2025-03-20,6.17,True
3229,34,29,,2025-01-24,2.89,True
3230,34,3,19,2025-10-22,4.7,True
3231,34,29,172,2024-12-13,2.15,True
3232,34,9,53,2025-09-03,5.1,True
3233,34,28,168,2024-10-16,3.95,False
3234,34,28,168,2026-03-13,7.07,True
3235,34,10,56,2026-01-12,1.56,True
3236,34,7,42,2026-02-05,0.74,True
3237,34,23,138,2025-12-19,2.98,True
3238,34,28,166,2024-11-12,4.51,True
3239,34,10,59,2024-01-11,3.38,False
3240,34,19,111,2024-05-27,2.58,True
3241,34,2,11,2024-07-26,5.43,True
3242,34,6,37,2024-11-06,5.3,False
3243,34,5,32,2024-01-29,2.6,False
3244,34,5,35,2024-06-18,7.29,True
3245,34,20,,2024-05-22,1.24,True
3246,34,6,38,2024-01-09,2.77,True
3247,34,18,105,2026-06-26,1.39,True
3248,34,19,117,2025-01-07,5.03,True
3249,34,27,,2024-07-26,7.9,False
3250,34,4,23,2025-05-08,0.84,True
3251,34,27,161,2024-05-15,0.84,True
3252,34,19,,2025-07-25,2.3,True
3253,35,12,71,2025-07-09,4.15,True
3254,35,1,,2023-11-21,1.88,True
3255,35,11,68,2024-03-27,1.88,True
3256,35,23,140,2025-10-15,4.19,True
3257,35,12,72,2024-09-10,0.52,True
3258,35,20,120,2024-06-18,0.5,False
3259,35,24,147,2025-08-26,5.21,True
3260,35,26,156,2024-08-16,2.99,True
3261,35,10,57,2024-05-17,5.58,True
3262,35,14,86,2025-01-10,3.05,True
3263,35,5,,2025-06-10,1.7,True
3264,35,23,141,2025-05-12,0.91,True
3265,35,5,30,2024-12-03,4.09,True
3266,35,30,178,2025-08-04,6.69,True
3267,35,7,42,2024-04-01,1.99,True
3268,35,18,105,2024-01-11,7.02,True
3269,35,21,130,2025-08-22,4.34,True
3270,35,28,168,2024-05-14,0.66,True
3271,35,24,150,2024-10-08,6.3,True
3272,35,8,45,2024-05-29,1.57,True
3273,35,20,123,2026-03-19,3.35,True
3274,35,5,33,2024-02-12,4.18,True
3275,35,26,159,2024-10-14,4.78,False
3276,35,11,64,2023-12-11,1.21,False
3277,35,22,137,2026-01-30,3.15,True
3278,35,13,79,2025-01-27,6.99,False
3279,35,5,33,2024-09-17,7.57,True
3280,35,30,179,2025-02-21,7.83,True
3281,35,15,90,2024-04-10,1.74,False
3282,35,19,116,2026-02-26,1.4,True
3283,35,21,126,2024-12-26,4.84,False
3284,35,22,,2025-01-03,6.24,False
3285,35,29,173,2024-04-30,4.98,True
3286,35,11,69,2025-06-19,6.33,True
3287,35,29,172,2024-01-12,1.48,True
3288,35,14,86,2024-11-13,7.26,True
3289,35,26,159,2025-02-13,4.63,False
3290,35,19,113,2024-11-15,1.37,True
3291,35,23,141,2023-11-23,2.03,True
3292,35,17,99,2025-02-04,4.67,False
3293,35,5,32,2025-01-27,5.34,False
3294,35,23,,2025-06-02,5.74,True
3295,35,3,19,2025-03-12,3.5,True
3296,35,1,4,2025-08-05,2.15,True
3297,35,28,170,2025-01-08,2.0,True
3298,35,27,160,2026-04-29,7.16,True
3299,35,10,57,2024-03-07,3.41,True
3300,35,28,167,2025-12-08,2.09,False
3301,35,22,134,2026-06-25,6.42,True
3302,35,24,144,2025-10-13,2.05,True
3303,35,30,178,2026-04-14,7.37,True
3304,35,19,111,2024-02-23,7.0,True
3305,35,20,125,2024-02-02,7.31,False
3306,35,12,,2025-08-28,7.77,False
3307,35,3,18,2024-08-23,3.44,True
3308,35,26,156,2025-05-05,7.08,True
3309,35,17,101,2025-08-14,6.18,True
3310,35,10,,2024-07-03,0.98,True
3311,35,29,172,2025-10-02,2.1,True
3312,35,17,97,2024-08-06,4.36,True
3313,35,2,8,2024-02-12,7.42,True
3314,35,11,69,2024-02-19,4.15,False
3315,35,18,104,2026-06-05,5.06,True
3316,35,15,87,2024-12-17,7.23,True
3317,35,23,138,2024-02-16,3.24,False
3318,35,4,,2025-06-05,4.03,False
3319,35,15,88,2025-09-08,1.99,True
3320,35,28,,2025-05-01,2.06,True
3321,35,12,70,2025-06-23,3.11,True
3322,35,23,140,2024-07-08,3.24,True
3323,35,8,49,2025-12-26,6.21,True
3324,35,15,90,2024-10-07,4.7,True
3325,35,14,84,2025-07-10,7.02,True
3326,35,28,166,2024-04-02,6.42,True
3327,35,6,40,2024-04-30,4.09,True
3328,35,19,114,2024-07-17,2.87,True
3329,35,26,156,2024-04-15,2.9,False
3330,35,12,71,2024-02-16,7.76,True
3331,35,18,106,2026-06-19,7.36,True
3332,35,19,113,2026-04-24,5.92,True
3333,35,15,88,2025-05-20,6.99,False
3334,35,16,94,2025-02-07,7.4,False
3335,35,4,25,2024-03-21,2.89,True
3336,35,16,94,2024-05-20,0.51,True
3337,35,1,1,2024-03-27,1.05,False
3338,35,23,139,2024-05-15,2.71,True
3339,35,7,42,2024-10-21,6.04,True
3340,35,27,163,2025-02-21,1.2,True
3341,35,13,79,2024-10-22,6.29,True
3342,35,20,122,2025-04-18,6.91,True
3343,35,27,161,2025-09-19,3.35,True
3344,35,7,44,2024-05-22,7.68,True
3345,35,27,,2024-01-15,6.2,True
3346,35,20,122,2023-11-20,3.21,True
3347,35,22,134,2025-12-18,1.36,True
3348,35,11,,2025-10-17,1.22,True
3349,35,23,139,2025-01-01,0.57,True
3350,35,9,52,2025-07-03,3.92,True
3351,35,28,168,2024-08-20,4.31,True
3352,35,16,93,2024-11-26,2.32,False
3353,35,17,102,2024-11-29,6.9,True
3354,35,8,45,2026-04-14,2.06,False
3355,35,16,96,2024-12-20,3.67,True
3356,35,11,64,2025-11-05,4.24,True
3357,35,1,,2023-12-04,5.67,True
3358,35,22,137,2025-09-09,0.87,True
3359,35,3,20,2025-12-22,3.03,True
3360,35,5,30,2024-12-13,7.66,True
3361,35,2,11,2024-06-26,2.9,True
3362,35,21,132,2025-07-03,5.85,False
3363,36,7,42,2025-05-19,0.93,True
3364,36,2,11,2025-05-23,4.65,True
3365,36,24,,2025-09-25,6.9,True
3366,36,2,11,2025-10-08,5.74,True
3367,36,11,64,2026-03-05,5.62,True
3368,36,8,,2025-09-01,5.8,True
3369,36,14,82,2026-05-19,3.63,True
3370,36,30,179,2026-05-28,6.58,True
3371,36,3,20,2025-09-22,6.35,False
3372,36,9,50,2025-10-14,7.34,True
3373,36,27,160,2025-05-08,7.85,True
3374,36,1,4,2025-12-30,7.47,True
3375,36,18,104,2026-05-07,2.81,True
3376,36,20,122,2026-04-30,6.98,True
3377,36,25,154,2026-06-09,4.14,True
3378,36,28,,2025-12-29,4.09,False
3379,36,30,179,2026-01-14,7.3,True
3380,36,13,75,2025-12-11,7.43,True
3381,36,6,40,2025-11-28,3.83,False
3382,36,17,,2026-04-13,5.66,True
3383,36,27,161,2026-01-26,7.38,True
3384,36,27,162,2025-05-02,4.62,True
3385,36,18,103,2025-09-29,0.72,True
3386,36,16,92,2026-02-06,1.02,False
3387,36,15,,2025-06-17,6.81,True
3388,36,14,,2026-03-19,3.21,True
3389,36,23,140,2025-09-05,4.96,True
3390,36,2,8,2026-05-21,1.56,True
3391,36,17,102,2025-05-08,4.2,True
3392,36,25,154,2026-03-24,5.32,True
3393,36,6,38,2025-11-14,5.04,False
3394,36,21,132,2025-07-15,7.15,True
3395,36,26,157,2025-11-03,5.38,True
3396,36,12,72,2026-03-11,2.66,True
3397,36,21,130,2025-11-06,7.6,False
3398,36,12,72,2026-05-22,7.31,True
3399,36,24,147,2026-05-28,2.06,True
3400,36,9,51,2025-08-28,2.98,True
3401,36,30,176,2026-03-27,6.11,True
3402,36,7,44,2026-05-04,6.92,True
3403,36,30,179,2025-11-25,5.22,False
3404,36,27,163,2025-11-06,6.72,True
3405,36,8,48,2025-12-18,3.24,True
3406,36,30,179,2025-09-15,2.33,False
3407,36,27,162,2025-08-22,7.03,True
3408,36,20,125,2026-01-19,0.74,True
3409,36,24,146,2026-06-03,0.95,False
3410,36,2,12,2025-11-11,3.98,True
3411,36,1,,2025-07-29,2.6,False
3412,36,25,152,2026-02-04,0.84,True
3413,36,8,48,2025-07-01,6.83,True
3414,36,9,52,2026-03-27,5.22,True
3415,36,8,45,2025-05-22,3.66,True
3416,36,12,70,2026-04-01,1.49,True
3417,36,1,3,2025-05-01,5.43,False
3418,36,4,26,2025-08-14,7.14,True
3419,36,15,88,2026-06-16,2.18,True
3420,36,28,168,2025-07-25,1.09,True
3421,36,29,172,2025-08-20,5.43,True
3422,36,9,51,2025-11-11,3.18,False
3423,36,27,164,2025-11-28,6.8,True
3424,36,23,,2025-10-23,4.22,True
3425,36,18,108,2025-10-15,2.69,False
3426,36,26,156,2026-02-13,2.24,True
3427,36,16,93,2025-10-13,6.72,True
3428,36,16,91,2025-11-18,3.92,True
3429,36,3,19,2025-10-28,7.72,True
3430,36,25,152,2026-05-14,3.69,False
3431,36,6,37,2026-01-08,2.43,True
3432,36,26,159,2025-07-10,0.61,True
3433,36,20,120,2025-04-30,6.43,True
3434,36,24,144,2025-09-26,3.02,True
3435,36,24,148,2026-01-21,1.57,False
3436,36,30,178,2025-12-01,2.21,False
3437,36,6,38,2025-09-10,6.36,False
3438,36,17,101,2025-05-09,2.81,True
3439,36,30,,2025-09-16,5.38,True
3440,36,12,70,2025-11-11,2.73,True
3441,36,22,135,2026-05-27,5.92,True
3442,36,12,71,2025-07-23,5.05,True
3443,36,23,142,2025-05-02,6.11,True
3444,36,7,44,2026-06-29,5.8,True
3445,36,8,49,2025-10-27,2.19,False
3446,36,29,,2026-03-20,6.92,True
3447,36,19,112,2026-04-02,5.32,True
3448,36,14,85,2025-06-17,7.62,False
3449,36,20,125,2025-10-10,6.57,False
3450,36,7,44,2025-06-16,6.81,True
3451,36,20,119,2026-02-17,4.62,True
3452,36,29,,2025-10-01,3.82,True
3453,36,14,81,2026-05-20,0.7,True
3454,36,15,89,2026-06-29,4.96,True
3455,36,24,,2025-07-29,0.92,True
3456,36,1,6,2025-10-30,6.07,True
3457,36,18,103,2025-08-07,6.09,True
3458,36,12,70,2026-02-18,2.87,True
3459,36,25,152,2026-03-18,6.34,True
3460,36,9,53,2026-04-02,3.11,True
3461,36,18,105,2025-08-20,6.42,True
3462,36,4,,2025-08-22,6.73,True
3463,36,11,65,2025-09-10,3.31,True
3464,36,10,55,2025-06-09,2.26,True
3465,36,6,38,2025-07-17,0.74,True
3466,36,25,152,2025-11-18,6.81,True
3467,36,19,112,2026-03-18,7.54,True
3468,36,15,89,2026-03-17,4.15,True
3469,37,2,,2025-06-24,1.47,True
3470,37,23,,2023-10-12,7.75,False
3471,37,15,88,2025-01-01,4.7,False
3472,37,1,6,2026-06-26,6.78,True
3473,37,6,37,2026-06-18,3.28,False
3474,37,29,172,2024-12-24,6.49,True
3475,37,13,75,2026-01-14,3.71,True
3476,37,15,87,2026-04-22,4.25,False
3477,37,28,170,2025-06-25,3.51,True
3478,37,13,79,2025-12-19,4.58,False
3479,37,4,28,2025-02-06,6.67,True
3480,37,24,149,2025-02-11,5.5,False
3481,37,10,58,2025-08-19,1.82,True
3482,37,24,146,2024-02-12,1.04,True
3483,37,6,37,2025-08-06,1.89,True
3484,37,4,27,2024-08-28,7.15,True
3485,37,13,79,2026-05-11,7.27,False
3486,37,7,44,2024-10-16,0.52,True
3487,37,8,49,2024-10-09,3.51,True
3488,37,27,,2025-06-05,4.82,True
3489,37,16,94,2025-05-06,4.99,True
3490,37,2,8,2025-08-11,6.07,True
3491,37,16,92,2023-08-11,1.16,True
3492,37,23,141,2023-10-18,6.86,True
3493,37,22,136,2026-03-04,7.21,True
3494,37,15,87,2025-04-07,1.71,False
3495,37,4,22,2025-01-22,4.6,True
3496,37,24,,2026-06-29,5.47,False
3497,37,29,173,2023-12-05,4.19,True
3498,37,22,136,2025-10-10,6.96,True
3499,37,7,44,2026-05-04,1.03,True
3500,37,29,174,2023-10-18,3.44,False
3501,37,6,37,2024-08-28,5.32,True
3502,37,3,19,2025-06-12,1.91,True
3503,37,6,38,2024-08-02,3.66,True
3504,37,10,61,2023-10-24,2.32,True
3505,37,20,121,2025-07-30,4.37,True
3506,37,8,48,2024-10-23,5.6,False
3507,37,18,104,2024-05-09,4.11,True
3508,37,5,34,2024-02-02,3.78,True
3509,37,27,165,2024-07-12,2.92,False
3510,37,3,18,2026-04-06,7.01,False
3511,37,29,174,2024-07-08,5.8,True
3512,37,19,116,2024-12-10,1.23,True
3513,37,25,153,2024-10-21,1.2,True
3514,37,25,,2024-11-08,0.57,False
3515,37,16,95,2025-05-22,6.31,True
3516,37,29,174,2026-02-06,1.52,True
3517,37,24,,2024-06-25,5.77,True
3518,37,21,127,2025-11-04,3.5,True
3519,37,29,174,2026-02-18,1.94,True
3520,37,1,2,2024-03-04,4.09,True
3521,37,10,60,2024-07-04,2.79,True
3522,37,21,130,2024-01-09,5.66,True
3523,37,26,157,2023-11-03,3.59,False
3524,37,6,40,2025-04-01,2.81,True
3525,37,29,174,2025-03-26,2.68,True
3526,37,25,153,2024-05-14,5.52,True
3527,37,6,38,2025-07-23,0.55,True
3528,37,15,87,2024-02-27,5.51,True
3529,37,22,,2025-05-19,3.62,True
3530,37,29,172,2025-04-16,2.83,True
3531,37,10,55,2023-10-23,4.31,False
3532,37,13,74,2023-08-25,5.32,True
3533,37,11,64,2024-06-24,0.76,False
3534,37,8,48,2025-12-03,4.87,False
3535,37,14,82,2025-06-10,2.25,True
3536,37,21,129,2023-08-03,6.77,False
3537,37,1,6,2024-06-28,4.34,True
3538,37,14,83,2026-05-25,4.54,True
3539,37,8,48,2025-07-29,1.27,False
3540,37,17,101,2024-12-03,5.99,True
3541,37,25,153,2024-06-24,2.63,True
3542,37,18,103,2026-01-07,2.52,True
3543,37,27,,2025-06-11,1.72,False
3544,37,18,108,2025-01-08,7.09,False
3545,37,27,160,2024-11-21,4.77,False
3546,37,20,122,2025-01-31,2.95,True
3547,37,4,28,2025-10-07,2.96,True
3548,37,4,24,2023-07-10,0.78,True
3549,37,19,113,2026-05-07,7.62,True
3550,37,9,54,2025-10-01,5.5,True
3551,37,14,85,2024-12-10,3.93,True
3552,37,4,21,2025-12-04,4.88,True
3553,37,9,50,2023-12-13,0.7,False
3554,37,11,67,2025-11-04,3.74,True
3555,37,21,132,2023-08-10,5.65,True
3556,37,22,135,2024-08-22,2.63,True
3557,37,19,111,2025-01-20,2.93,False
3558,37,21,132,2025-10-14,6.93,True
3559,37,8,47,2023-10-02,1.52,True
3560,37,29,173,2024-03-11,2.75,True
3561,37,5,32,2025-04-23,7.03,False
3562,37,17,97,2025-10-20,6.2,True
3563,37,28,166,2025-08-28,1.97,True
3564,37,8,,2023-12-21,0.66,True
3565,37,25,155,2025-08-11,5.01,True
3566,37,26,157,2023-07-04,6.19,True
3567,37,15,90,2026-02-27,0.87,True
3568,37,11,62,2024-08-01,6.11,True
3569,37,10,56,2024-12-10,3.52,False
3570,37,4,23,2024-08-05,2.17,True
3571,37,14,,2023-10-06,3.86,True
3572,37,4,25,2025-01-24,7.0,True
3573,37,29,174,2025-10-24,7.18,True
3574,37,17,101,2026-03-27,6.6,True
3575,37,16,93,2025-01-09,5.63,True
3576,37,10,60,2025-05-15,1.54,True
3577,37,10,,2024-05-03,0.67,False
3578,38,20,120,2025-03-26,1.16,True
3579,38,2,8,2023-09-29,5.33,True
3580,38,12,72,2026-05-26,1.63,True
3581,38,21,131,2024-12-09,3.06,True
3582,38,7,42,2025-11-13,3.72,True
3583,38,9,54,2024-01-02,1.03,True
3584,38,19,117,2025-04-28,7.95,True
3585,38,4,26,2026-05-18,2.11,False
3586,38,15,87,2026-06-04,5.32,True
3587,38,17,97,2025-02-18,5.9,True
3588,38,14,86,2025-09-17,4.61,True
3589,38,20,,2025-08-26,5.84,True
3590,38,11,67,2023-08-28,4.45,True
3591,38,1,5,2024-08-08,4.22,False
3592,38,28,,2025-02-13,6.79,True
3593,38,20,120,2024-06-07,1.0,True
3594,38,10,56,2024-10-03,4.64,False
3595,38,9,54,2025-06-19,1.76,True
3596,38,7,43,2025-02-21,1.27,False
3597,38,24,145,2024-10-29,6.37,True
3598,38,8,45,2025-11-03,3.6,False
3599,38,28,168,2024-02-05,2.03,False
3600,38,30,179,2024-08-12,0.56,True
3601,38,12,71,2025-05-06,4.51,True
3602,38,21,127,2026-04-21,4.63,True
3603,38,29,174,2023-11-20,6.57,True
3604,38,23,138,2024-07-08,7.78,True
3605,38,13,74,2025-09-03,3.96,False
3606,38,6,38,2024-02-08,4.91,True
3607,38,25,151,2023-10-17,5.99,False
3608,38,18,,2025-01-03,7.0,True
3609,38,5,31,2025-04-23,7.36,True
3610,38,20,123,2026-02-27,6.08,True
3611,38,6,,2025-04-28,1.66,False
3612,38,10,,2024-01-19,2.72,True
3613,38,7,43,2025-07-23,3.22,False
3614,38,3,16,2024-08-16,0.94,True
3615,38,22,134,2025-11-05,3.2,True
3616,38,14,86,2025-12-26,2.28,False
3617,38,11,66,2024-03-26,6.37,True
3618,38,6,37,2024-05-09,3.55,True
3619,38,2,9,2024-02-20,0.67,False
3620,38,30,178,2025-09-11,5.68,True
3621,38,22,134,2025-10-30,4.52,True
3622,38,17,98,2024-01-12,5.25,True
3623,38,30,176,2025-09-12,6.77,True
3624,38,21,127,2023-08-01,0.58,True
3625,38,5,34,2026-04-28,1.47,True
3626,38,21,129,2024-06-12,1.59,True
3627,38,21,130,2025-06-19,5.12,True
3628,38,9,54,2026-02-27,7.54,True
3629,38,12,,2025-06-09,1.9,True
3630,38,2,8,2024-05-21,7.35,False
3631,38,13,,2025-09-10,0.83,True
3632,38,1,3,2025-03-31,7.15,True
3633,38,26,158,2023-10-18,5.89,True
3634,38,28,,2026-05-19,7.79,True
3635,38,11,67,2025-12-24,6.54,True
3636,38,18,110,2025-09-12,3.11,True
3637,38,30,179,2024-11-22,1.06,True
3638,38,2,10,2024-05-02,6.83,True
3639,38,1,4,2025-02-11,5.49,True
3640,38,29,,2023-08-25,2.11,True
3641,38,11,66,2026-06-26,4.9,False
3642,38,9,54,2023-10-30,7.68,True
3643,38,15,88,2025-07-28,7.12,False
3644,38,14,86,2023-11-17,6.65,True
3645,38,8,48,2026-04-30,0.56,True
3646,38,28,170,2025-10-29,6.61,True
3647,38,25,153,2025-09-10,5.67,True
3648,38,29,174,2024-08-08,7.04,True
3649,38,29,174,2023-07-28,6.2,True
3650,38,7,43,2024-09-26,0.81,False
3651,38,17,101,2025-03-26,5.61,False
3652,38,16,96,2026-05-04,4.27,True
3653,38,13,76,2026-04-02,7.8,True
3654,38,19,118,2025-06-09,1.6,True
3655,38,21,133,2025-05-15,7.23,True
3656,38,23,143,2024-06-13,7.43,True
3657,38,23,142,2025-09-22,5.63,False
3658,38,6,39,2024-03-27,6.79,True
3659,38,26,159,2025-12-10,2.43,True
3660,38,20,125,2025-05-06,1.04,True
3661,38,21,127,2025-10-27,3.8,True
3662,38,19,116,2026-05-22,6.64,True
3663,38,4,24,2023-10-10,1.14,True
3664,38,19,113,2024-07-12,7.41,True
3665,38,17,101,2024-10-07,2.79,True
3666,38,6,40,2023-11-01,4.76,True
3667,38,9,50,2024-01-10,6.53,False
3668,38,2,11,2024-08-30,7.32,True
3669,38,3,18,2024-10-15,3.79,True
3670,38,26,159,2025-10-21,7.9,True
3671,38,19,117,2023-10-16,5.11,True
3672,38,28,171,2025-10-27,5.25,True
3673,38,5,,2025-06-05,6.12,True
3674,38,23,140,2023-11-30,1.3,True
3675,38,12,70,2024-01-16,7.1,False
3676,38,11,65,2024-12-09,6.96,True
3677,38,3,19,2024-08-01,3.63,True
3678,38,27,165,2024-02-14,5.05,True
3679,38,19,115,2025-03-28,1.22,True
3680,38,25,152,2024-02-15,3.72,True
3681,38,18,106,2026-06-18,6.35,True
3682,38,19,118,2026-01-21,3.76,True
3683,38,1,3,2025-01-14,5.36,True
3684,38,21,129,2025-12-25,4.53,True
3685,38,4,27,2024-07-16,7.63,True
3686,39,16,96,2024-11-05,2.74,True
3687,39,7,43,2026-02-10,1.44,True
3688,39,2,13,2024-11-28,3.97,False
3689,39,25,153,2024-11-04,5.47,False
3690,39,17,99,2024-01-29,2.17,True
3691,39,24,146,2024-01-12,3.45,True
3692,39,21,129,2025-04-04,1.64,False
3693,39,18,,2025-06-04,4.14,True
3694,39,27,164,2024-01-17,5.4,True
3695,39,5,33,2024-02-26,6.33,True
3696,39,8,47,2025-12-26,0.51,True
3697,39,24,150,2024-11-14,7.81,True
3698,39,12,72,2025-05-27,7.96,True
3699,39,23,138,2024-03-08,3.96,True
3700,39,27,160,2023-12-07,3.95,True
3701,39,1,1,2024-01-31,3.79,True
3702,39,13,77,2023-09-07,4.17,True
3703,39,20,123,2025-04-01,2.85,True
3704,39,29,172,2025-07-17,4.84,False
3705,39,13,78,2024-08-09,6.43,True
3706,39,20,122,2023-10-27,3.91,True
3707,39,18,104,2024-09-10,2.23,True
3708,39,4,21,2023-11-30,2.54,True
3709,39,16,95,2024-10-07,3.74,False
3710,39,15,87,2024-12-30,4.4,True
3711,39,22,,2026-01-20,5.55,True
3712,39,12,71,2025-07-17,4.71,True
3713,39,27,,2024-06-21,7.81,True
3714,39,22,137,2024-12-23,5.81,False
3715,39,5,35,2025-11-25,7.54,True
3716,39,26,157,2024-08-05,6.48,True
3717,39,9,51,2025-04-21,7.0,False
3718,39,26,157,2025-05-13,6.58,False
3719,39,9,52,2025-08-12,7.36,True
3720,39,6,39,2025-01-24,2.65,True
3721,39,17,,2026-06-25,5.49,False
3722,39,23,139,2025-08-21,7.41,True
3723,39,1,2,2023-10-27,2.05,False
3724,39,10,59,2025-01-23,6.96,False
3725,39,9,51,2024-06-04,0.71,True
3726,39,11,62,2024-01-16,1.33,True
3727,39,18,109,2023-07-24,1.97,True
3728,39,14,84,2025-12-08,1.31,True
3729,39,23,143,2025-10-30,1.89,True
3730,39,28,170,2023-10-10,5.43,True
3731,39,9,53,2025-03-03,1.32,True
3732,39,13,,2024-10-15,5.07,True
3733,39,26,156,2026-03-23,5.34,True
3734,39,5,30,2026-01-08,5.62,True
3735,39,7,44,2024-04-17,4.85,True
3736,39,1,2,2024-02-27,7.71,False
3737,39,3,19,2024-04-09,6.36,True
3738,39,6,41,2023-08-21,4.63,True
3739,39,25,155,2024-10-15,6.17,False
3740,39,29,172,2026-03-10,2.84,False
3741,39,13,78,2024-03-07,0.69,True
3742,39,30,176,2023-12-25,4.79,True
3743,39,21,133,2023-07-25,7.49,True
3744,39,23,,2023-09-05,3.09,True
3745,39,30,,2025-03-13,1.05,True
3746,39,30,175,2025-05-06,1.2,True
3747,39,8,49,2024-12-12,1.36,True
3748,39,25,154,2026-02-06,6.99,True
3749,39,2,,2025-01-24,2.18,True
3750,39,28,166,2025-03-10,4.57,False
3751,39,28,,2025-03-13,5.76,False
3752,39,18,,2025-06-05,3.4,False
3753,39,15,89,2025-03-04,6.52,True
3754,39,4,21,2026-03-18,7.65,True
3755,39,13,80,2025-07-11,2.67,True
3756,39,14,82,2026-05-14,4.74,True
3757,39,6,41,2024-09-03,2.72,True
3758,39,22,,2024-08-20,4.85,True
3759,39,9,53,2026-06-17,6.94,True
3760,39,30,178,2023-11-16,2.14,True
3761,39,14,84,2023-09-08,5.19,False
3762,39,29,173,2025-12-16,4.97,True
3763,39,25,155,2025-10-10,1.58,True
3764,39,15,90,2023-11-20,5.53,True
3765,39,5,35,2024-06-18,1.91,False
3766,39,10,56,2024-07-29,5.63,False
3767,39,9,50,2025-09-29,6.61,False
3768,39,27,163,2024-12-11,5.81,True
3769,39,7,44,2025-09-10,2.92,True
3770,39,10,,2026-05-01,3.08,True
3771,39,27,,2025-08-22,6.96,True
3772,39,17,101,2025-05-19,2.65,True
3773,39,26,,2024-06-06,3.22,False
3774,39,29,172,2025-04-24,2.36,True
3775,39,25,152,2025-07-17,3.0,True
3776,39,6,37,2026-03-11,0.76,False
3777,39,20,121,2025-09-29,7.73,False
3778,39,19,118,2024-05-22,7.4,True
3779,39,7,44,2023-12-04,2.39,True
3780,39,10,61,2025-10-15,1.8,False
3781,39,16,95,2025-09-11,2.82,True
3782,40,1,7,2024-07-09,4.56,True
3783,40,16,,2025-04-24,1.09,True
3784,40,5,31,2024-05-22,5.98,True
3785,40,12,71,2023-11-14,3.49,True
3786,40,20,125,2023-11-17,0.92,False
3787,40,13,80,2025-04-15,5.38,True
3788,40,4,27,2026-01-02,2.4,True
3789,40,16,93,2025-02-18,6.01,False
3790,40,26,156,2025-08-01,4.31,True
3791,40,13,73,2025-11-19,0.87,True
3792,40,9,54,2024-05-10,2.22,True
3793,40,17,101,2026-01-28,0.55,True
3794,40,20,122,2024-03-27,0.71,True
3795,40,3,16,2024-03-01,6.86,True
3796,40,24,145,2024-10-30,2.2,True
3797,40,19,111,2025-01-01,4.82,False
3798,40,25,153,2026-05-01,1.71,False
3799,40,11,67,2025-04-21,6.58,True
3800,40,27,164,2025-12-25,1.12,True
3801,40,1,4,2025-05-15,6.73,True
3802,40,23,140,2024-07-10,2.74,False
3803,40,27,163,2024-05-20,3.39,True
3804,40,3,20,2024-10-29,5.7,True
3805,40,21,133,2026-01-06,2.27,False
3806,40,14,84,2026-03-10,1.79,False
3807,40,10,57,2024-08-08,5.22,True
3808,40,10,58,2026-05-28,4.22,True
3809,40,29,174,2023-09-27,6.76,True
3810,40,9,50,2025-02-27,1.44,True
3811,40,28,166,2023-09-01,5.91,True
3812,40,1,4,2025-06-25,4.12,True
3813,40,5,31,2025-10-08,3.36,False
3814,40,9,50,2024-09-25,3.59,True
3815,40,2,9,2024-12-31,7.42,True
3816,40,2,13,2024-04-29,4.0,True
3817,40,23,141,2024-07-12,6.65,True
3818,40,30,,2026-04-02,7.7,True
3819,40,19,111,2023-07-24,5.26,True
3820,40,5,32,2024-09-18,7.84,True
3821,40,24,150,2025-03-19,1.73,True
3822,40,22,137,2026-03-03,6.48,True
3823,40,12,72,2023-08-10,6.42,True
3824,40,24,147,2025-04-25,0.58,True
3825,40,23,138,2025-12-02,2.75,True
3826,40,5,36,2024-11-22,6.82,True
3827,40,20,120,2023-11-03,6.01,True
3828,40,12,71,2024-10-03,5.16,True
3829,40,8,48,2023-08-09,2.58,False
3830,40,24,148,2024-07-10,6.43,True
3831,40,11,65,2026-05-12,1.24,True
3832,40,11,65,2023-10-12,1.86,True
3833,40,10,56,2024-05-08,2.7,True
3834,40,9,,2025-08-05,1.93,False
3835,40,6,,2024-10-14,3.1,True
3836,40,3,17,2024-11-21,6.66,True
3837,40,12,71,2026-06-29,6.94,True
3838,40,19,115,2023-10-16,2.55,True
3839,40,21,130,2025-05-29,3.45,True
3840,40,19,116,2025-08-01,6.92,True
3841,40,25,155,2024-01-03,6.83,False
3842,40,12,70,2025-03-27,5.08,True
3843,40,25,155,2026-02-18,1.33,True
3844,40,4,27,2025-12-02,6.48,True
3845,40,24,150,2023-11-30,5.54,False
3846,40,22,137,2024-10-29,2.87,True
3847,40,25,,2025-12-09,7.55,True
3848,40,10,57,2025-08-28,4.26,True
3849,40,21,133,2026-01-29,7.08,True
3850,40,25,151,2023-10-11,6.0,True
3851,40,16,95,2026-04-21,4.68,True
3852,40,7,,2025-09-08,5.42,True
3853,40,30,177,2023-09-11,5.46,True
3854,40,16,91,2023-07-25,4.09,True
3855,40,16,91,2024-02-15,5.55,False
3856,40,10,60,2024-07-30,3.94,True
3857,40,10,,2026-05-22,2.17,True
3858,40,20,123,2025-07-30,1.27,True
3859,40,10,56,2025-10-21,3.96,True
3860,40,13,79,2026-01-06,3.29,False
3861,40,11,63,2023-12-20,3.69,True
3862,40,2,13,2025-10-01,2.05,True
3863,40,30,178,2024-09-02,4.91,True
3864,40,17,99,2025-11-24,2.98,False
3865,40,13,80,2024-02-07,4.94,True
3866,40,14,83,2026-03-11,5.55,True
3867,40,4,21,2024-04-09,7.65,False
3868,40,10,55,2023-10-27,7.98,True
3869,40,8,48,2024-04-02,2.82,True
3870,40,7,,2025-01-28,2.37,True
3871,40,22,,2023-08-31,4.85,True
3872,40,1,6,2025-01-20,1.3,False
3873,40,19,117,2025-04-04,7.93,True
3874,40,13,80,2024-08-02,3.19,True
3875,40,26,157,2025-05-20,1.66,False
3876,40,21,126,2024-06-04,1.46,True
3877,40,8,47,2023-09-18,3.29,True
3878,40,15,87,2024-07-12,3.2,True
3879,40,17,97,2024-12-19,1.27,True
3880,40,21,126,2025-05-20,1.02,True
3881,40,2,9,2024-07-03,2.13,True
3882,40,21,132,2024-07-31,3.62,True
3883,40,16,93,2025-01-28,2.77,True
3884,40,5,33,2024-05-01,2.38,True
3885,40,13,74,2024-11-12,7.01,True
3886,41,3,16,2026-06-26,0.74,True
3887,41,26,157,2025-10-15,0.55,True
3888,41,9,50,2026-04-22,4.76,True
3889,41,27,164,2024-03-13,6.0,False
3890,41,13,75,2025-03-14,5.95,True
3891,41,18,106,2025-02-12,0.98,True
3892,41,7,44,2024-01-29,1.33,False
3893,41,28,166,2025-03-31,0.57,False
3894,41,30,,2024-10-17,1.67,True
3895,41,15,87,2025-03-26,2.84,True
3896,41,12,72,2025-01-13,6.44,False
3897,41,29,172,2025-02-26,5.45,True
3898,41,17,97,2024-08-09,1.28,False
3899,41,12,71,2025-01-07,2.86,True
3900,41,24,145,2024-09-12,6.93,False
3901,41,9,54,2026-06-10,3.87,True
3902,41,8,45,2024-10-11,3.45,False
3903,41,20,120,2025-10-06,7.73,True
3904,41,14,84,2025-06-18,2.25,True
3905,41,30,176,2023-12-27,5.64,True
3906,41,1,5,2025-10-09,5.33,True
3907,41,8,48,2025-02-11,0.66,True
3908,41,10,58,2026-02-05,5.0,False
3909,41,13,77,2026-05-07,2.39,True
3910,41,1,2,2025-10-08,6.56,True
3911,41,25,154,2025-04-02,4.81,True
3912,41,7,42,2025-12-26,4.46,True
3913,41,2,8,2024-06-13,7.41,True
3914,41,10,,2025-06-30,3.01,True
3915,41,23,140,2024-05-27,2.22,False
3916,41,16,91,2024-09-05,5.95,True
3917,41,10,61,2024-07-03,3.39,True
3918,41,12,71,2024-02-14,7.68,True
3919,41,21,129,2024-01-29,7.96,True
3920,41,9,51,2024-08-05,6.45,False
3921,41,27,163,2025-09-02,4.65,True
3922,41,19,112,2026-03-13,7.38,True
3923,41,30,,2023-07-13,3.24,True
3924,41,4,24,2025-04-15,3.97,True
3925,41,29,173,2024-04-05,3.04,True
3926,41,26,157,2025-07-29,6.13,True
3927,41,13,80,2023-08-01,1.26,True
3928,41,1,2,2024-10-29,2.38,True
3929,41,23,138,2025-09-17,3.48,True
3930,41,11,,2024-06-20,3.42,True
3931,41,3,19,2023-11-29,3.61,False
3932,41,15,89,2024-11-28,7.76,True
3933,41,21,128,2023-12-27,6.92,True
3934,41,22,135,2024-07-30,4.48,True
3935,41,13,73,2025-10-07,4.09,True
3936,41,22,134,2026-04-07,5.57,False
3937,41,15,88,2025-10-23,6.92,False
3938,41,11,63,2024-04-09,1.45,True
3939,41,14,81,2026-06-12,5.95,True
3940,41,10,58,2023-11-07,5.29,True
3941,41,23,138,2024-05-14,1.92,True
3942,41,4,27,2024-10-31,3.68,True
3943,41,30,179,2023-11-13,3.6,True
3944,41,9,,2024-11-11,1.61,False
3945,41,22,,2024-10-10,5.44,False
3946,41,5,31,2025-10-01,6.54,False
3947,41,6,41,2024-11-04,3.96,True
3948,41,28,168,2024-06-03,7.52,True
3949,41,30,177,2024-12-10,2.76,True
3950,41,17,97,2023-11-30,2.82,False
3951,41,8,,2024-12-09,0.68,True
3952,41,3,18,2025-06-12,4.95,True
3953,41,23,,2025-09-03,5.74,True
3954,41,6,41,2024-01-17,5.66,True
3955,41,24,147,2024-10-25,4.01,True
3956,41,6,40,2025-09-17,5.94,True
3957,41,18,105,2025-04-15,3.09,True
3958,41,19,118,2024-10-08,5.91,False
3959,41,28,168,2023-11-16,4.73,True
3960,41,5,36,2025-01-02,5.62,True
3961,41,16,94,2026-01-19,0.59,True
3962,41,14,83,2025-09-12,7.68,True
3963,41,14,82,2025-07-17,7.61,True
3964,41,28,167,2023-09-01,6.47,True
3965,41,12,70,2023-09-04,6.07,True
3966,41,5,31,2024-11-29,7.96,True
3967,41,17,98,2024-02-12,0.79,True
3968,41,23,139,2023-12-18,1.79,True
3969,41,18,105,2023-07-06,4.04,True
3970,41,20,119,2025-02-24,1.53,True
3971,41,27,163,2024-05-24,4.18,True
3972,41,25,154,2025-04-29,1.0,True
3973,41,24,146,2024-01-04,5.63,True
3974,41,4,25,2024-03-20,1.47,False
3975,41,7,42,2024-09-02,3.64,False
3976,41,5,32,2023-07-06,5.79,True
3977,41,9,52,2024-08-08,7.97,True
3978,41,7,43,2024-04-15,6.87,True
3979,41,28,169,2025-09-19,2.16,True
3980,41,29,174,2025-08-28,6.77,True
3981,41,22,135,2024-08-26,6.94,True
3982,41,9,50,2023-08-08,3.42,True
3983,41,9,50,2023-09-01,5.64,True
3984,41,11,63,2026-03-30,3.55,True
3985,41,14,82,2026-05-22,0.53,True
3986,41,4,21,2025-04-11,6.64,True
3987,41,26,159,2024-01-19,5.98,False
3988,41,4,23,2025-05-09,3.29,True
3989,41,11,65,2026-01-19,5.36,True
3990,41,8,47,2023-10-26,7.66,False
3991,41,11,65,2025-07-15,0.85,True
3992,41,4,23,2025-04-25,2.9,True
3993,41,27,163,2024-06-27,3.51,True
3994,41,15,87,2024-10-30,0.65,False
3995,41,12,72,2026-05-05,0.55,False
3996,41,16,95,2025-12-01,1.01,False
3997,41,20,120,2025-07-23,7.68,True
3998,42,20,119,2026-03-25,6.02,True
3999,42,14,84,2026-05-07,5.0,False
4000,42,19,114,2026-01-05,5.81,False
4001,42,15,88,2026-04-24,7.06,True
4002,42,28,166,2026-04-10,0.5,True
4003,42,29,174,2026-05-27,3.99,False
4004,42,26,158,2026-06-18,7.46,True
4005,42,4,24,2026-04-08,5.82,True
4006,42,13,,2026-05-12,1.97,True
4007,42,20,119,2026-06-25,7.91,True
4008,42,13,74,2026-03-05,5.98,True
4009,42,25,155,2026-06-02,1.45,True
4010,42,30,178,2026-01-13,7.34,False
4011,42,8,48,2026-05-19,7.11,True
4012,42,17,102,2026-01-27,4.6,False
4013,42,25,155,2026-04-30,3.47,True
4014,42,21,,2026-03-02,4.22,True
4015,42,19,115,2026-03-12,2.84,True
4016,42,21,130,2026-03-12,1.33,False
4017,42,15,88,2026-04-20,1.52,True
4018,42,30,176,2026-03-18,6.26,False
4019,42,19,117,2026-01-08,7.53,True
4020,42,8,49,2026-02-23,7.41,True
4021,42,21,126,2026-04-29,6.59,True
4022,42,28,170,2026-02-27,7.41,True
4023,42,14,85,2026-01-19,3.34,True
4024,42,27,162,2026-06-23,0.79,False
4025,42,23,141,2026-06-16,5.52,False
4026,42,29,174,2026-02-19,2.87,True
4027,42,21,,2026-05-11,4.51,True
4028,42,11,65,2026-02-18,3.57,True
4029,42,11,67,2026-06-24,6.24,True
4030,42,8,,2026-02-05,7.47,True
4031,42,13,75,2026-04-28,2.28,True
4032,42,20,121,2026-06-02,5.67,True
4033,42,5,36,2026-05-05,1.06,True
4034,42,2,,2026-01-30,4.03,True
4035,42,14,83,2026-04-03,4.73,False
4036,42,26,157,2026-01-28,4.63,True
4037,42,11,,2026-04-14,1.28,True
4038,42,28,170,2026-06-16,2.28,True
4039,42,14,83,2026-03-05,5.53,False
4040,42,12,71,2026-05-29,3.0,True
4041,42,14,83,2026-04-20,0.55,True
4042,42,25,153,2026-02-25,2.24,True
4043,42,14,82,2026-05-28,5.92,True
4044,42,22,134,2026-01-08,4.4,True
4045,42,27,164,2026-04-07,5.91,False
4046,42,27,163,2026-05-25,0.63,False
4047,42,6,41,2026-04-24,3.31,True
4048,42,1,4,2026-06-05,0.78,True
4049,42,22,134,2026-01-15,2.05,False
4050,42,9,50,2026-04-28,3.77,True
4051,42,6,40,2026-02-16,5.96,True
4052,42,19,112,2026-06-02,1.68,False
4053,42,26,157,2026-01-29,0.52,True
4054,42,5,32,2026-06-17,3.97,True
4055,42,10,57,2026-05-06,6.02,True
4056,42,15,88,2026-01-16,3.5,True
4057,42,23,143,2026-01-07,7.7,False
4058,42,6,41,2026-05-22,0.9,True
4059,42,19,115,2026-05-06,3.56,False
4060,42,14,81,2026-06-15,3.7,False
4061,42,18,107,2026-05-01,4.21,False
4062,42,9,,2026-01-01,6.58,True
4063,42,9,53,2026-04-30,3.94,False
4064,42,17,100,2026-02-09,4.59,True
4065,42,17,,2026-06-03,1.52,False
4066,42,25,151,2026-04-23,0.7,True
4067,42,28,171,2026-05-13,7.56,True
4068,42,13,79,2026-05-19,4.36,False
4069,42,3,19,2026-04-07,2.79,True
4070,42,28,168,2026-06-12,0.98,True
4071,42,25,153,2026-02-04,4.67,True
4072,42,12,71,2026-01-22,6.79,False
4073,42,18,103,2026-05-14,3.8,False
4074,42,4,27,2026-05-05,7.04,True
4075,42,6,,2026-04-30,5.37,True
4076,42,2,12,2026-01-15,2.64,True
4077,42,18,110,2026-06-02,3.34,True
4078,42,21,132,2026-01-22,5.52,True
4079,42,3,,2026-05-27,7.44,True
4080,42,16,,2026-01-28,4.22,True
4081,42,1,1,2026-04-06,0.86,True
4082,42,10,56,2026-06-25,6.22,True
4083,42,23,139,2026-01-09,1.11,False
4084,42,8,48,2026-03-24,4.96,True
4085,42,15,89,2026-02-12,3.1,True
4086,42,21,130,2026-01-22,3.53,True
4087,42,25,154,2026-03-16,0.8,False
4088,42,22,134,2026-02-18,2.29,False
4089,42,20,125,2026-04-24,6.42,False
4090,42,13,80,2026-04-08,4.5,True
4091,42,11,63,2026-04-28,2.76,True
4092,42,24,148,2026-01-21,2.56,True
4093,42,17,99,2026-01-12,5.55,True
4094,42,9,54,2026-06-08,4.83,True
4095,42,6,38,2026-03-23,1.59,True
4096,42,23,143,2026-05-13,3.29,True
4097,42,3,18,2026-04-16,5.58,False
4098,42,20,124,2026-03-24,4.97,False
4099,42,3,20,2026-04-16,1.38,True
4100,42,1,1,2026-02-09,1.61,False
4101,42,9,54,2026-05-07,5.47,True
4102,42,11,66,2026-05-20,6.7,False
4103,42,17,100,2026-05-21,6.98,True
4104,42,5,33,2026-05-01,7.79,True
4105,42,24,147,2026-03-20,3.4,True
4106,43,19,118,2025-03-11,4.11,True
4107,43,16,91,2025-08-29,3.08,True
4108,43,27,163,2026-02-24,6.98,False
4109,43,20,123,2026-03-05,4.92,True
4110,43,9,52,2026-03-02,6.19,False
4111,43,24,149,2025-07-01,3.62,False
4112,43,1,5,2026-02-13,1.86,True
4113,43,13,73,2025-03-18,1.65,True
4114,43,17,99,2026-03-30,5.03,True
4115,43,26,159,2025-03-26,7.41,True
4116,43,23,139,2025-01-27,7.75,False
4117,43,17,,2025-10-14,7.76,True
4118,43,21,129,2025-08-06,0.9,False
4119,43,18,105,2025-09-12,2.74,False
4120,43,12,70,2025-03-12,1.48,True
4121,43,18,110,2026-06-05,6.86,True
4122,43,14,,2025-09-26,3.1,False
4123,43,12,72,2025-09-24,1.1,False
4124,43,6,41,2026-05-13,1.82,True
4125,43,6,41,2026-06-01,3.36,True
4126,43,13,77,2025-05-23,4.53,False
4127,43,23,140,2026-02-27,7.13,True
4128,43,2,11,2025-05-15,6.61,True
4129,43,28,166,2025-05-15,2.07,True
4130,43,17,99,2025-04-03,6.41,False
4131,43,14,86,2025-11-06,1.9,True
4132,43,15,87,2025-08-01,1.62,True
4133,43,30,179,2025-07-14,6.73,True
4134,43,3,16,2026-01-15,1.86,True
4135,43,16,94,2025-05-21,1.95,True
4136,43,28,169,2026-04-20,5.33,False
4137,43,2,11,2025-11-07,4.48,True
4138,43,16,92,2026-03-13,2.15,True
4139,43,27,164,2025-11-12,6.62,False
4140,43,26,157,2025-10-30,3.07,True
4141,43,14,86,2025-07-11,7.86,False
4142,43,29,173,2025-01-03,2.7,True
4143,43,16,95,2025-02-03,3.2,True
4144,43,21,130,2026-01-08,7.02,True
4145,43,17,99,2025-12-19,5.07,True
4146,43,9,52,2026-02-09,4.25,True
4147,43,6,41,2025-02-05,7.74,True
4148,43,18,108,2026-05-26,3.99,True
4149,43,29,174,2025-08-20,7.55,True
4150,43,19,115,2025-05-07,3.66,True
4151,43,14,,2026-06-16,4.96,True
4152,43,5,32,2025-11-24,3.68,True
4153,43,11,63,2025-01-03,4.56,True
4154,43,4,24,2025-06-24,3.93,False
4155,43,7,43,2024-12-16,1.47,True
4156,43,16,94,2025-02-05,7.98,False
4157,43,15,89,2025-11-21,7.71,True
4158,43,1,3,2025-07-28,5.66,True
4159,43,26,159,2026-05-21,5.34,True
4160,43,4,23,2025-02-27,2.75,False
4161,43,2,10,2026-03-24,5.23,False
4162,43,17,101,2025-04-18,2.75,True
4163,43,27,165,2025-07-30,1.79,False
4164,43,1,2,2025-06-18,7.99,True
4165,43,10,61,2024-12-17,4.82,True
4166,43,16,95,2026-06-29,0.96,True
4167,43,3,17,2025-05-01,2.94,True
4168,43,26,158,2025-07-21,2.46,True
4169,43,12,70,2025-07-02,5.01,True
4170,43,14,84,2026-02-05,4.6,True
4171,43,25,151,2025-05-13,5.14,False
4172,43,2,,2025-10-03,4.7,True
4173,43,17,97,2026-06-17,4.59,True
4174,43,3,19,2025-09-30,6.57,True
4175,43,4,22,2024-12-31,4.35,True
4176,43,7,43,2026-06-23,5.95,True
4177,43,4,23,2025-07-22,6.2,False
4178,43,23,142,2025-02-27,5.14,False
4179,43,26,158,2024-12-31,2.91,False
4180,43,4,24,2025-05-06,0.67,False
4181,43,14,,2026-04-13,1.07,False
4182,43,16,93,2025-01-23,6.7,True
4183,43,12,70,2025-11-26,5.81,True
4184,43,5,35,2025-06-26,1.38,True
4185,43,7,44,2026-04-24,5.96,True
4186,43,28,166,2025-10-14,6.28,True
4187,43,15,87,2025-06-05,6.2,True
4188,43,14,84,2024-12-18,0.6,True
4189,43,9,54,2026-01-05,3.48,True
4190,43,23,138,2026-04-13,1.31,True
4191,43,17,97,2026-04-16,7.0,True
4192,43,21,,2026-01-29,1.98,True
4193,43,10,55,2026-01-14,3.03,True
4194,43,16,96,2026-06-02,5.7,True
4195,43,20,120,2025-08-01,4.01,True
4196,43,1,4,2025-06-03,1.57,False
4197,43,11,64,2025-12-12,4.63,True
4198,43,20,123,2026-01-29,6.36,False
4199,43,30,176,2025-07-23,3.71,True
4200,43,30,178,2025-06-13,3.47,True
4201,43,1,,2025-07-24,3.58,True
4202,43,17,100,2025-09-01,4.38,True
4203,43,16,92,2025-01-03,3.5,True
4204,44,11,64,2025-12-22,4.11,True
4205,44,9,52,2023-07-10,4.35,True
4206,44,3,19,2024-02-28,1.26,True
4207,44,3,17,2025-09-26,6.11,True
4208,44,11,66,2025-08-15,7.79,False
4209,44,13,77,2024-10-17,4.25,True
4210,44,9,51,2025-02-14,7.08,True
4211,44,21,130,2025-05-23,6.86,True
4212,44,14,81,2023-07-19,2.23,True
4213,44,25,152,2026-06-05,3.32,True
4214,44,30,176,2024-01-19,5.39,True
4215,44,26,158,2023-08-30,6.36,True
4216,44,3,18,2023-09-06,4.58,True
4217,44,14,83,2023-08-09,2.3,False
4218,44,28,169,2026-02-04,0.75,True
4219,44,6,41,2025-05-08,5.84,True
4220,44,20,121,2025-02-03,5.1,True
4221,44,19,113,2023-12-21,7.86,False
4222,44,16,96,2025-06-24,6.84,True
4223,44,11,62,2023-07-25,1.34,False
4224,44,24,149,2023-11-14,5.36,True
4225,44,23,142,2024-07-12,2.26,True
4226,44,27,161,2024-10-09,6.67,True
4227,44,30,179,2026-03-23,5.89,True
4228,44,22,134,2024-01-02,3.84,True
4229,44,4,25,2025-05-22,3.86,False
4230,44,18,107,2024-06-20,5.19,False
4231,44,28,167,2025-04-02,5.85,False
4232,44,26,157,2024-09-09,4.13,True
4233,44,26,158,2025-10-08,5.44,True
4234,44,30,177,2025-08-13,2.55,True
4235,44,23,138,2025-05-30,4.38,True
4236,44,24,144,2026-06-09,6.99,False
4237,44,2,12,2023-11-27,7.49,False
4238,44,16,91,2024-02-23,7.92,True
4239,44,10,57,2024-12-03,3.36,True
4240,44,4,24,2023-11-01,6.19,True
4241,44,8,48,2025-02-18,4.7,False
4242,44,24,144,2023-10-24,4.02,True
4243,44,4,26,2024-11-08,1.79,False
4244,44,18,105,2025-10-09,4.12,False
4245,44,2,14,2025-10-21,5.96,True
4246,44,14,86,2024-08-20,4.62,True
4247,44,19,116,2026-01-26,0.97,True
4248,44,15,,2024-11-15,4.16,False
4249,44,17,102,2025-10-31,7.39,True
4250,44,14,85,2024-10-03,1.73,True
4251,44,19,114,2025-01-10,4.28,True
4252,44,22,137,2026-04-03,5.92,True
4253,44,28,171,2024-06-25,5.12,True
4254,44,28,168,2025-01-01,6.59,True
4255,44,15,90,2025-09-17,3.2,True
4256,44,25,152,2026-04-24,1.27,False
4257,44,9,54,2025-06-16,0.53,False
4258,44,2,13,2024-03-28,6.16,True
4259,44,2,14,2024-12-05,3.09,False
4260,44,12,70,2024-11-06,0.58,False
4261,44,25,153,2023-09-19,5.99,True
4262,44,3,18,2024-04-26,5.35,True
4263,44,13,78,2024-03-07,1.44,True
4264,44,2,13,2024-09-02,3.5,False
4265,44,14,82,2024-08-01,1.52,True
4266,44,7,42,2024-05-02,4.5,True
4267,44,5,32,2026-04-14,5.56,True
4268,44,25,151,2023-09-11,2.25,True
4269,44,16,96,2023-10-17,0.55,True
4270,44,10,56,2024-11-26,7.52,True
4271,44,24,146,2024-08-08,1.93,False
4272,44,7,44,2026-05-19,2.08,True
4273,44,13,74,2024-03-18,3.2,True
4274,44,18,103,2025-01-02,3.99,True
4275,44,16,95,2025-08-28,4.55,False
4276,44,28,168,2025-03-11,5.96,True
4277,44,4,24,2026-02-04,5.16,True
4278,44,10,,2024-08-26,5.85,True
4279,44,15,90,2026-06-04,4.47,True
4280,44,9,51,2026-06-12,7.94,True
4281,44,26,157,2026-01-21,5.1,True
4282,44,30,179,2024-09-18,5.58,True
4283,44,12,70,2023-08-31,1.46,True
4284,44,14,86,2026-06-08,3.54,True
4285,44,2,15,2024-09-30,7.93,True
4286,44,27,165,2026-06-24,3.71,True
4287,44,8,46,2025-03-27,1.6,True
4288,44,10,60,2025-10-27,2.21,True
4289,44,20,123,2025-02-11,0.55,True
4290,44,12,72,2025-02-05,3.61,True
4291,44,22,135,2023-11-30,4.02,True
4292,44,7,,2024-05-02,6.04,True
4293,44,22,137,2024-08-21,3.35,True
4294,44,22,135,2025-06-18,6.02,True
4295,44,15,88,2024-06-13,7.6,True
4296,44,30,177,2024-09-10,4.99,True
4297,44,2,12,2026-05-29,3.73,True
4298,44,24,,2025-12-22,2.06,False
4299,44,5,33,2026-01-02,6.3,True
4300,44,17,99,2025-01-23,1.19,False
4301,44,26,,2023-08-17,5.0,True
4302,44,30,177,2024-02-06,0.61,True
4303,44,16,96,2025-01-07,3.64,False
4304,44,27,163,2024-09-10,5.66,False
4305,44,13,74,2024-07-26,3.82,False
4306,44,10,58,2024-01-02,4.95,False
4307,44,8,47,2023-09-27,5.05,True
4308,44,11,62,2025-09-17,1.68,True
4309,45,13,75,2024-12-25,7.48,True
4310,45,28,168,2026-06-17,3.54,True
4311,45,13,,2024-10-24,4.28,True
4312,45,17,98,2025-05-07,7.01,True
4313,45,10,55,2025-03-05,4.91,True
4314,45,16,94,2025-01-16,3.95,True
4315,45,19,112,2025-11-19,1.11,True
4316,45,26,157,2025-10-07,5.74,False
4317,45,18,104,2023-09-29,0.82,False
4318,45,4,24,2024-09-13,2.13,True
4319,45,18,109,2023-07-03,1.25,True
4320,45,11,62,2023-08-23,1.76,True
4321,45,28,170,2023-07-24,1.29,False
4322,45,26,159,2024-01-10,7.72,True
4323,45,12,71,2024-01-02,4.98,True
4324,45,25,152,2025-09-29,5.19,True
4325,45,2,13,2024-03-04,4.82,True
4326,45,24,145,2025-10-21,4.49,True
4327,45,14,84,2023-12-05,4.12,True
4328,45,21,128,2024-08-21,5.8,False
4329,45,28,171,2025-07-18,0.63,False
4330,45,23,141,2023-12-19,1.65,True
4331,45,7,42,2024-08-02,2.6,True
4332,45,5,,2024-12-25,0.81,True
4333,45,27,165,2023-11-27,7.52,True
4334,45,12,71,2025-08-28,1.66,True
4335,45,18,,2025-09-26,1.3,True
4336,45,26,157,2023-09-06,5.37,False
4337,45,13,78,2023-11-28,3.72,True
4338,45,2,9,2023-12-15,7.24,True
4339,45,5,32,2024-09-26,1.97,True
4340,45,12,72,2026-05-06,6.27,True
4341,45,8,47,2025-05-29,5.0,True
4342,45,23,142,2024-02-01,6.84,False
4343,45,23,138,2025-10-06,6.95,True
4344,45,10,57,2024-05-30,1.17,True
4345,45,2,14,2023-07-13,4.39,True
4346,45,9,54,2023-07-28,2.4,True
4347,45,2,11,2025-01-10,3.69,True
4348,45,9,52,2023-08-31,6.65,True
4349,45,22,136,2026-04-23,0.76,False
4350,45,23,140,2025-05-28,3.49,True
4351,45,8,49,2025-06-13,4.79,True
4352,45,9,52,2023-12-08,2.79,True
4353,45,7,,2025-09-08,7.54,False
4354,45,4,25,2025-08-07,7.18,True
4355,45,30,,2025-09-01,1.47,False
4356,45,13,79,2025-12-08,0.56,True
4357,45,29,174,2025-10-23,4.12,True
4358,45,13,75,2026-04-15,6.1,False
4359,45,10,,2023-11-06,7.23,False
4360,45,16,92,2023-12-25,5.88,True
4361,45,5,32,2025-05-27,1.64,False
4362,45,13,73,2026-06-02,2.91,False
4363,45,29,,2024-07-03,1.31,False
4364,45,2,10,2023-07-17,5.19,False
4365,45,29,172,2023-12-27,1.91,True
4366,45,9,53,2023-08-04,2.97,False
4367,45,20,124,2024-05-01,2.32,True
4368,45,23,138,2023-12-22,7.12,False
4369,45,17,102,2024-08-07,5.61,True
4370,45,23,138,2024-04-30,1.23,True
4371,45,3,16,2023-09-26,6.53,True
4372,45,5,31,2025-10-14,3.08,True
4373,45,25,154,2024-09-17,5.59,True
4374,45,16,93,2025-06-10,7.0,True
4375,45,25,155,2026-06-05,7.63,True
4376,45,24,147,2024-05-01,2.86,True
4377,45,22,135,2023-08-21,2.98,False
4378,45,6,40,2024-05-21,0.55,True
4379,45,13,79,2025-08-14,5.81,True
4380,45,18,110,2025-03-04,2.91,True
4381,45,17,102,2024-03-21,0.92,True
4382,45,7,,2024-09-13,5.88,True
4383,45,12,70,2025-07-30,6.33,True
4384,45,13,73,2026-03-11,6.81,True
4385,45,3,18,2024-09-23,0.53,False
4386,45,30,176,2025-08-21,7.49,True
4387,45,15,88,2024-09-10,1.02,False
4388,45,8,46,2025-01-17,6.39,False
4389,45,6,41,2026-02-12,0.71,True
4390,45,2,10,2024-02-22,3.25,True
4391,45,16,92,2026-01-20,3.78,False
4392,45,30,175,2024-05-24,1.76,True
4393,45,20,123,2023-09-22,7.47,True
4394,45,10,60,2024-02-26,7.85,True
4395,45,29,174,2024-09-20,6.48,True
4396,45,8,48,2025-06-23,3.52,True
4397,45,15,88,2024-05-27,6.91,True
4398,45,4,24,2026-04-27,3.62,False
4399,45,6,39,2025-12-18,1.5,True
4400,45,26,157,2024-08-08,6.88,False
4401,45,19,111,2025-10-01,3.51,False
4402,45,2,13,2024-10-17,1.21,True
4403,45,21,129,2025-05-27,4.41,True
4404,45,19,112,2024-02-16,7.75,True
4405,45,28,168,2024-01-17,1.66,True
4406,45,4,,2025-09-04,6.12,True
4407,45,22,,2023-08-08,2.8,True
4408,45,8,47,2026-06-18,1.21,True
4409,45,24,146,2025-07-10,6.04,False
4410,45,26,158,2024-12-10,1.75,True
4411,45,16,92,2024-01-30,2.06,False
4412,45,7,43,2025-05-20,4.82,True
4413,45,13,80,2026-03-02,4.16,True
4414,46,16,95,2023-11-27,4.89,True
4415,46,7,44,2023-07-27,5.6,True
4416,46,13,73,2023-09-06,1.2,True
4417,46,20,121,2026-06-11,7.75,True
4418,46,6,40,2024-11-26,4.25,True
4419,46,3,20,2023-07-27,1.15,False
4420,46,17,97,2025-08-26,6.33,False
4421,46,9,54,2023-08-07,2.84,True
4422,46,29,174,2023-08-24,3.36,True
4423,46,15,87,2025-09-15,1.39,False
4424,46,25,152,2025-12-02,2.79,True
4425,46,2,14,2025-12-15,7.86,False
4426,46,30,178,2024-01-29,5.48,False
4427,46,12,72,2025-12-26,5.14,True
4428,46,29,172,2024-02-28,1.37,True
4429,46,17,101,2025-11-07,6.16,True
4430,46,25,155,2026-02-26,2.0,True
4431,46,13,80,2025-02-20,6.72,False
4432,46,13,80,2025-09-18,6.8,True
4433,46,26,158,2025-05-16,4.39,True
4434,46,13,77,2024-12-24,7.79,True
4435,46,12,72,2024-10-31,2.56,True
4436,46,9,50,2024-03-22,2.4,False
4437,46,8,46,2023-07-12,4.69,True
4438,46,27,164,2025-09-23,2.86,True
4439,46,20,119,2024-10-28,3.81,False
4440,46,18,108,2025-10-03,4.85,True
4441,46,10,59,2023-09-26,5.72,True
4442,46,25,,2024-09-26,3.94,True
4443,46,26,156,2025-06-20,0.51,False
4444,46,7,44,2024-12-09,6.79,True
4445,46,29,173,2026-02-11,2.61,True
4446,46,23,141,2025-12-01,6.09,True
4447,46,7,44,2026-02-26,2.48,True
4448,46,5,33,2023-11-20,0.9,True
4449,46,16,91,2025-05-02,1.36,True
4450,46,19,114,2026-05-27,1.97,True
4451,46,27,,2023-12-26,2.48,True
4452,46,11,67,2025-01-03,5.79,True
4453,46,19,116,2023-08-16,7.59,False
4454,46,22,135,2025-10-17,0.74,False
4455,46,1,7,2026-06-16,4.03,True
4456,46,16,,2023-12-22,5.27,False
4457,46,18,104,2024-05-23,5.0,True
4458,46,24,144,2024-09-20,4.77,True
4459,46,16,93,2026-06-01,7.74,False
4460,46,4,24,2024-11-20,4.24,False
4461,46,15,,2026-04-30,6.34,True
4462,46,21,132,2025-07-14,1.39,True
4463,46,14,84,2023-09-12,7.74,True
4464,46,17,101,2024-08-05,6.54,True
4465,46,17,99,2026-02-02,2.1,False
4466,46,6,41,2023-07-21,1.92,False
4467,46,9,50,2025-04-07,7.97,True
4468,46,1,2,2023-09-07,3.96,False
4469,46,5,29,2024-03-11,6.07,True
4470,46,20,124,2025-10-01,3.36,True
4471,46,20,120,2024-11-15,3.19,False
4472,46,12,70,2024-11-13,0.72,True
4473,46,19,116,2025-01-14,6.54,False
4474,46,26,159,2024-08-30,7.43,True
4475,46,5,34,2024-09-13,1.2,False
4476,46,11,,2025-02-18,1.46,True
4477,46,18,103,2025-08-26,7.5,True
4478,46,30,,2026-06-17,7.06,False
4479,46,2,8,2025-06-09,2.73,True
4480,46,15,89,2025-12-25,6.17,True
4481,46,27,165,2025-05-01,2.28,False
4482,46,12,72,2024-05-17,4.15,False
4483,46,7,42,2025-12-11,7.49,False
4484,46,19,112,2026-04-29,3.07,False
4485,46,12,72,2025-11-04,6.31,False
4486,46,19,,2023-10-18,7.53,True
4487,46,28,171,2026-04-23,3.9,True
4488,46,26,158,2026-05-15,4.66,True
4489,46,4,26,2023-09-01,4.33,True
4490,46,8,45,2025-12-25,7.5,True
4491,46,30,177,2024-09-03,3.26,True
4492,46,17,98,2024-05-08,3.85,False
4493,46,21,133,2025-01-07,3.29,False
4494,46,12,72,2024-02-26,1.45,True
4495,46,20,119,2023-08-04,4.2,True
4496,46,29,174,2024-02-02,3.77,True
4497,46,22,137,2026-03-27,1.38,True
4498,46,19,111,2024-06-10,6.32,True
4499,46,9,50,2025-08-08,2.76,False
4500,46,30,176,2026-04-01,1.61,True
4501,46,12,70,2025-01-30,6.63,False
4502,46,16,96,2023-10-10,0.92,True
4503,46,12,70,2025-02-13,3.15,True
4504,46,11,67,2025-12-08,6.51,False
4505,46,14,86,2024-09-12,2.03,False
4506,46,30,178,2025-10-27,4.32,True
4507,46,26,156,2023-08-31,4.27,False
4508,46,2,9,2026-02-25,1.17,False
4509,46,22,136,2024-05-20,1.2,True
4510,46,15,88,2025-09-08,4.67,False
4511,46,3,,2025-07-31,6.43,True
4512,46,20,,2024-02-07,3.27,True
4513,46,2,11,2024-10-29,5.81,False
4514,46,14,85,2023-09-26,1.89,True
4515,46,22,137,2026-05-28,1.77,True
4516,46,3,20,2024-09-05,4.46,True
4517,47,15,90,2026-01-13,3.74,True
4518,47,29,172,2023-07-17,4.58,True
4519,47,10,56,2025-10-23,2.8,False
4520,47,9,54,2024-08-01,6.25,False
4521,47,25,154,2025-10-10,2.3,True
4522,47,21,127,2026-02-26,3.83,False
4523,47,13,74,2025-03-18,7.49,True
4524,47,27,164,2025-05-16,2.37,False
4525,47,11,68,2025-03-28,5.4,True
4526,47,9,,2024-05-08,5.2,False
4527,47,19,117,2024-12-31,6.24,True
4528,47,13,74,2024-03-06,5.46,True
4529,47,22,135,2024-12-27,3.38,True
4530,47,6,38,2026-02-12,2.06,True
4531,47,22,135,2026-05-20,3.6,False
4532,47,23,142,2025-04-30,4.22,True
4533,47,30,177,2025-05-02,4.88,True
4534,47,30,178,2025-09-25,5.39,True
4535,47,26,159,2026-04-24,3.39,True
4536,47,2,13,2023-11-15,6.87,True
4537,47,7,42,2024-06-04,4.0,True
4538,47,4,27,2025-06-27,1.95,True
4539,47,9,50,2025-02-17,1.63,False
4540,47,17,99,2026-01-19,5.87,False
4541,47,5,,2025-04-28,1.12,True
4542,47,19,116,2023-08-14,6.53,True
4543,47,21,129,2025-04-09,7.09,True
4544,47,2,12,2024-07-19,7.34,False
4545,47,23,141,2025-11-13,3.58,False
4546,47,6,41,2023-10-06,6.35,True
4547,47,7,42,2025-10-01,0.8,False
4548,47,26,156,2026-04-01,0.82,True
4549,47,15,89,2025-10-10,3.21,True
4550,47,11,69,2023-08-08,5.77,True
4551,47,20,119,2025-02-13,2.12,False
4552,47,17,97,2025-03-31,7.57,True
4553,47,4,27,2023-12-05,0.58,False
4554,47,29,172,2024-02-08,3.51,True
4555,47,10,56,2026-01-27,1.33,False
4556,47,8,46,2023-09-28,2.63,True
4557,47,5,32,2023-12-26,1.85,True
4558,47,12,70,2024-06-24,2.16,True
4559,47,29,173,2025-05-26,4.33,True
4560,47,11,69,2024-04-10,7.21,True
4561,47,13,80,2023-10-26,1.58,True
4562,47,29,174,2025-12-11,4.62,True
4563,47,3,17,2023-12-18,5.73,True
4564,47,13,76,2024-07-04,7.79,True
4565,47,26,157,2024-10-16,0.63,False
4566,47,9,54,2025-04-15,7.76,False
4567,47,14,81,2025-12-22,4.86,True
4568,47,28,170,2024-10-08,0.74,True
4569,47,13,79,2026-06-17,6.38,True
4570,47,28,166,2025-04-22,5.83,True
4571,47,2,9,2023-10-11,5.05,True
4572,47,13,76,2024-10-02,7.85,True
4573,47,23,143,2025-03-11,1.95,True
4574,47,2,,2025-01-28,1.4,False
4575,47,9,53,2023-09-06,5.3,True
4576,47,26,158,2025-12-19,0.96,False
4577,47,11,64,2024-10-01,6.97,False
4578,47,15,89,2025-08-18,4.47,True
4579,47,20,119,2025-06-26,5.03,True
4580,47,24,149,2024-11-01,0.73,True
4581,47,2,13,2023-12-19,6.31,True
4582,47,18,104,2026-03-26,4.92,False
4583,47,17,99,2025-03-06,0.82,True
4584,47,23,140,2025-06-26,6.71,False
4585,47,11,67,2026-02-11,0.66,True
4586,47,13,73,2024-12-16,3.44,False
4587,47,16,96,2025-04-17,3.69,True
4588,47,24,144,2024-05-23,3.58,False
4589,47,30,178,2023-11-10,1.41,True
4590,47,28,171,2024-02-26,0.7,True
4591,47,26,156,2023-11-17,4.92,False
4592,47,1,1,2026-02-12,0.87,False
4593,47,22,135,2025-08-28,4.3,False
4594,47,4,26,2025-11-21,5.36,False
4595,47,20,121,2025-12-05,0.71,True
4596,47,7,44,2025-07-11,3.43,False
4597,47,22,135,2024-05-01,0.78,False
4598,47,29,172,2025-07-24,3.51,False
4599,47,24,149,2026-01-27,6.48,True
4600,47,26,157,2025-06-20,0.84,True
4601,47,4,25,2026-06-10,3.62,True
4602,47,24,149,2026-04-13,2.47,True
4603,47,10,59,2024-10-31,3.3,False
4604,47,30,177,2025-03-20,2.12,True
4605,47,13,80,2024-03-11,1.83,True
4606,47,23,140,2025-11-19,5.3,True
4607,47,19,114,2024-09-04,3.27,True
4608,47,7,42,2026-03-06,4.68,True
4609,47,21,128,2026-05-21,6.48,True
4610,47,16,92,2025-05-05,6.82,True
4611,47,23,139,2025-01-17,6.32,False
4612,47,6,40,2024-08-07,2.68,True
4613,47,15,88,2024-03-18,1.53,True
4614,47,11,69,2026-04-09,5.94,False
4615,47,19,,2025-03-07,2.03,False
4616,47,22,136,2025-04-14,2.05,True
4617,47,30,175,2025-05-07,4.21,True
4618,47,13,78,2026-01-09,5.33,False
4619,47,6,39,2024-08-07,2.0,True
4620,47,18,110,2023-07-10,6.55,True
4621,47,11,,2025-01-08,2.21,False
4622,47,2,9,2023-08-02,2.75,False
4623,47,20,121,2024-05-03,1.36,False
4624,47,4,22,2026-04-30,4.59,True
4625,47,7,44,2024-11-14,3.27,False
4626,47,10,58,2023-10-17,5.32,False
4627,48,13,78,2025-04-23,2.63,False
4628,48,1,1,2024-10-15,3.06,True
4629,48,8,46,2025-01-16,3.39,False
4630,48,30,179,2025-05-28,6.75,True
4631,48,22,,2023-10-12,3.63,False
4632,48,8,49,2023-12-05,0.89,True
4633,48,25,154,2024-07-23,3.03,True
4634,48,21,127,2024-06-28,0.5,True
4635,48,10,58,2025-05-23,3.5,True
4636,48,2,13,2025-12-10,2.4,False
4637,48,17,99,2025-01-03,1.41,True
4638,48,7,43,2023-07-26,1.55,True
4639,48,24,145,2023-10-30,5.78,True
4640,48,26,157,2024-06-13,1.14,True
4641,48,4,22,2025-01-30,1.7,True
4642,48,20,119,2025-02-14,1.33,True
4643,48,3,20,2025-07-11,5.7,True
4644,48,1,7,2024-05-28,6.66,True
4645,48,15,87,2024-05-07,0.89,False
4646,48,21,130,2025-12-09,5.14,True
4647,48,17,99,2025-02-28,4.58,True
4648,48,5,30,2024-11-18,5.47,True
4649,48,22,134,2025-10-30,2.84,True
4650,48,21,131,2024-07-26,6.47,True
4651,48,18,104,2024-01-18,1.93,True
4652,48,13,75,2024-10-25,2.67,True
4653,48,30,175,2024-03-13,1.61,True
4654,48,24,147,2024-06-21,7.57,True
4655,48,3,17,2023-07-21,7.96,True
4656,48,30,177,2024-05-21,2.31,True
4657,48,16,93,2024-04-01,5.14,True
4658,48,21,133,2025-11-20,5.81,False
4659,48,16,91,2023-09-20,3.87,True
4660,48,26,156,2023-08-11,2.31,True
4661,48,2,13,2023-11-27,0.64,True
4662,48,26,159,2024-04-22,2.63,True
4663,48,5,31,2025-12-02,3.1,False
4664,48,14,86,2026-06-24,4.94,True
4665,48,6,40,2024-10-22,4.86,True
4666,48,6,37,2024-06-11,6.46,True
4667,48,22,137,2025-11-20,4.37,True
4668,48,24,146,2024-07-04,5.38,True
4669,48,29,174,2024-10-16,1.09,True
4670,48,12,70,2023-12-13,5.94,True
4671,48,19,112,2024-07-26,2.89,True
4672,48,27,165,2023-07-07,4.22,True
4673,48,19,117,2024-08-09,6.37,True
4674,48,17,100,2024-03-13,6.27,True
4675,48,18,108,2025-01-20,6.11,True
4676,48,12,71,2024-01-23,1.97,False
4677,48,7,44,2025-05-01,5.09,True
4678,48,4,24,2025-06-25,1.32,True
4679,48,16,91,2024-10-14,7.83,False
4680,48,14,83,2023-07-21,7.57,True
4681,48,1,4,2024-10-29,4.22,False
4682,48,5,33,2024-04-01,3.65,True
4683,48,27,163,2023-09-19,7.95,True
4684,48,27,161,2024-02-15,1.55,True
4685,48,3,20,2024-10-14,3.15,False
4686,48,22,136,2024-04-10,7.66,True
4687,48,29,174,2025-04-10,7.61,True
4688,48,25,152,2023-11-22,1.16,True
4689,48,7,42,2023-08-03,7.97,True
4690,48,6,37,2025-12-01,5.99,True
4691,48,19,111,2023-08-24,2.26,False
4692,48,23,142,2025-08-01,5.86,True
4693,48,30,,2023-11-16,4.26,True
4694,48,23,142,2023-12-26,3.86,True
4695,48,6,39,2026-03-06,6.96,False
4696,48,7,42,2025-01-24,1.91,True
4697,48,16,96,2024-08-23,2.8,True
4698,48,26,,2025-09-17,0.51,True
4699,48,10,55,2024-10-23,3.02,True
4700,48,24,146,2024-03-29,0.85,True
4701,48,5,31,2024-10-18,4.98,True
4702,48,22,,2025-08-12,6.46,True
4703,48,17,101,2026-04-13,5.86,False
4704,48,27,163,2026-03-02,6.02,False
4705,48,28,,2026-04-20,4.1,True
4706,48,5,30,2026-06-26,7.78,True
4707,48,9,51,2023-09-18,2.56,True
4708,48,9,54,2025-10-17,7.47,False
4709,48,3,19,2024-09-30,2.6,True
4710,48,29,173,2025-10-02,6.34,True
4711,48,2,9,2025-06-12,7.07,False
4712,48,25,153,2024-10-31,5.46,True
4713,48,2,12,2025-03-18,5.01,False
4714,48,19,112,2025-04-08,2.39,False
4715,48,8,48,2026-01-20,0.56,False
4716,48,24,149,2023-11-30,6.26,True
4717,48,22,136,2025-06-13,5.89,False
4718,48,22,136,2023-09-12,3.88,False
4719,48,17,102,2025-10-24,3.92,True
4720,48,21,128,2024-02-02,6.22,True
4721,48,2,10,2023-07-19,7.44,True
4722,48,25,154,2023-11-17,7.9,False
4723,48,10,60,2025-12-25,3.25,True
4724,48,23,,2025-01-23,1.21,False
4725,48,14,85,2025-11-03,2.43,True
4726,48,14,83,2025-03-07,6.68,False
4727,48,2,14,2026-02-17,1.12,False
4728,48,8,47,2026-02-03,6.32,True
4729,48,22,134,2026-02-04,2.33,True
4730,48,20,124,2023-10-31,6.16,True
4731,48,4,28,2026-04-20,7.5,True
4732,48,10,57,2026-06-15,1.41,False
4733,48,22,134,2026-05-13,3.7,False
4734,48,8,45,2024-12-23,7.42,True
4735,48,27,164,2024-03-12,1.75,True
4736,48,3,19,2023-10-25,0.66,True
4737,48,29,173,2024-08-09,5.97,True
4738,48,10,,2025-05-08,2.07,True
4739,48,4,,2025-05-20,2.43,True
4740,49,4,21,2026-06-19,1.53,True
4741,49,12,70,2024-11-18,7.83,True
4742,49,6,40,2025-11-24,5.4,False
4743,49,24,150,2025-03-25,4.7,True
4744,49,11,63,2025-01-06,6.74,True
4745,49,22,136,2025-06-05,6.01,True
4746,49,23,,2025-06-10,6.88,True
4747,49,7,43,2026-03-04,7.78,True
4748,49,18,107,2024-10-04,1.87,True
4749,49,8,49,2024-10-29,5.7,False
4750,49,24,146,2026-06-24,1.79,True
4751,49,11,,2026-01-22,2.87,False
4752,49,23,138,2026-04-24,5.65,False
4753,49,9,52,2025-01-14,3.19,True
4754,49,23,141,2026-01-09,2.4,False
4755,49,8,,2025-11-13,2.62,True
4756,49,14,,2026-04-06,4.49,True
4757,49,5,35,2025-01-08,7.7,True
4758,49,12,70,2026-01-23,3.97,True
4759,49,29,174,2025-08-28,7.27,False
4760,49,21,126,2026-04-21,1.26,True
4761,49,29,172,2025-12-25,1.68,True
4762,49,26,157,2026-05-12,3.76,True
4763,49,28,167,2025-01-24,6.82,True
4764,49,15,,2026-04-02,1.57,False
4765,49,10,60,2025-10-10,6.3,True
4766,49,24,149,2026-04-23,2.73,True
4767,49,9,53,2026-03-26,4.8,True
4768,49,30,175,2026-01-26,4.94,True
4769,49,20,121,2026-06-02,3.16,True
4770,49,17,98,2025-12-05,5.94,True
4771,49,16,93,2025-01-27,3.8,True
4772,49,29,,2025-04-08,5.0,True
4773,49,28,167,2026-01-02,3.41,True
4774,49,30,175,2025-06-12,7.84,True
4775,49,30,177,2024-12-12,1.11,True
4776,49,8,45,2024-09-18,3.13,False
4777,49,16,92,2025-04-01,5.19,True
4778,49,9,51,2026-06-18,7.96,True
4779,49,24,149,2025-11-27,4.4,True
4780,49,14,85,2025-03-12,1.1,False
4781,49,4,,2025-01-21,3.35,True
4782,49,25,153,2025-03-19,7.21,True
4783,49,26,158,2025-04-11,7.06,True
4784,49,29,172,2024-12-25,7.77,True
4785,49,1,5,2025-03-20,0.99,True
4786,49,2,11,2025-04-28,4.0,False
4787,49,29,172,2026-05-21,4.07,True
4788,49,9,52,2026-02-13,3.05,False
4789,49,25,154,2025-09-19,5.05,False
4790,49,14,81,2024-09-02,5.06,True
4791,49,12,72,2026-06-22,5.75,True
4792,49,25,,2025-04-30,2.07,False
4793,49,26,159,2025-08-27,1.36,True
4794,49,26,157,2025-02-20,1.97,False
4795,49,18,103,2025-11-20,6.98,False
4796,49,10,58,2025-08-12,0.59,False
4797,49,24,145,2024-09-26,0.85,True
4798,49,18,108,2026-02-12,5.76,True
4799,49,19,112,2025-07-09,3.01,True
4800,49,27,161,2025-05-14,3.43,True
4801,49,22,137,2025-03-03,4.26,False
4802,49,4,22,2025-06-23,6.25,True
4803,49,10,56,2026-06-30,4.65,False
4804,49,11,66,2025-10-17,1.6,True
4805,49,13,76,2025-07-01,5.04,True
4806,49,19,112,2025-11-11,6.38,False
4807,49,23,141,2025-12-05,2.42,True
4808,49,18,109,2026-04-02,4.33,False
4809,49,11,63,2024-11-29,0.91,True
4810,49,10,59,2025-12-04,5.19,True
4811,49,15,89,2025-04-11,3.91,True
4812,49,6,38,2024-12-23,3.73,True
4813,49,12,,2026-02-05,6.79,True
4814,49,26,159,2026-04-28,1.55,True
4815,49,25,152,2025-02-11,4.02,True
4816,49,11,63,2025-01-24,3.23,False
4817,49,6,38,2025-05-15,0.54,True
4818,49,4,23,2025-07-11,1.86,False
4819,49,30,179,2025-04-07,3.55,True
4820,49,23,138,2025-03-28,7.26,True
4821,49,27,161,2026-06-16,3.54,True
4822,49,5,34,2025-11-20,5.99,True
4823,49,28,169,2024-09-30,6.02,False
4824,49,9,50,2025-06-13,6.4,True
4825,49,15,,2024-10-24,6.38,True
4826,49,3,19,2025-07-15,7.19,True
4827,49,13,74,2026-06-16,6.69,False
4828,49,24,146,2026-01-28,3.78,True
4829,49,3,19,2026-02-02,3.21,True
4830,49,3,20,2026-01-30,4.25,True
4831,49,7,44,2026-04-10,1.79,True
4832,49,5,32,2026-04-15,7.02,False
4833,49,11,62,2024-09-16,3.96,False
4834,49,30,178,2025-12-10,7.43,True
4835,49,4,28,2026-06-29,5.72,True
4836,49,10,59,2026-04-28,6.78,True
4837,49,29,,2025-07-16,3.28,True
4838,49,25,153,2025-12-31,5.9,True
4839,49,18,103,2026-01-27,5.53,False
4840,49,10,57,2025-03-10,1.03,True
4841,50,10,59,2026-05-29,4.21,True
4842,50,18,105,2026-02-13,3.2,True
4843,50,5,35,2023-12-05,5.65,True
4844,50,23,,2024-06-13,4.96,True
4845,50,26,159,2025-01-15,0.76,True
4846,50,16,94,2025-12-01,2.02,True
4847,50,18,106,2024-11-07,6.66,False
4848,50,13,78,2025-06-02,4.42,True
4849,50,5,34,2024-05-10,4.77,True
4850,50,3,19,2026-01-22,7.52,True
4851,50,23,139,2025-04-10,1.05,True
4852,50,19,114,2026-04-23,3.92,False
4853,50,14,84,2024-11-18,5.43,True
4854,50,27,164,2025-06-27,5.83,True
4855,50,14,81,2026-02-05,5.4,False
4856,50,11,68,2023-10-03,5.69,True
4857,50,24,144,2025-12-02,1.47,False
4858,50,23,142,2024-08-05,3.45,False
4859,50,17,97,2026-03-20,7.75,True
4860,50,3,16,2024-03-25,5.41,False
4861,50,27,,2026-01-16,1.69,False
4862,50,14,82,2023-09-12,1.2,True
4863,50,7,43,2024-03-19,2.92,True
4864,50,3,16,2024-10-24,0.9,True
4865,50,22,135,2023-11-03,1.56,True
4866,50,10,57,2023-10-09,4.16,True
4867,50,24,145,2026-05-21,0.91,True
4868,50,5,29,2025-03-11,7.46,True
4869,50,1,1,2026-02-13,4.13,True
4870,50,6,39,2024-11-06,7.54,True
4871,50,28,171,2024-09-24,4.17,True
4872,50,5,36,2024-10-04,3.03,True
4873,50,30,178,2024-01-16,1.85,True
4874,50,19,113,2024-12-27,1.84,True
4875,50,2,9,2024-08-29,7.14,False
4876,50,8,49,2023-10-12,3.77,True
4877,50,28,170,2025-05-07,4.28,False
4878,50,26,157,2024-09-13,5.79,False
4879,50,3,20,2023-09-27,2.16,False
4880,50,26,156,2025-11-10,7.55,True
4881,50,6,,2025-09-09,6.92,True
4882,50,23,140,2024-07-23,3.45,False
4883,50,13,77,2024-09-03,6.68,True
4884,50,9,50,2023-10-24,3.98,True
4885,50,30,178,2025-09-23,5.88,True
4886,50,6,37,2026-05-04,7.27,False
4887,50,18,106,2023-09-19,0.61,True
4888,50,29,,2025-11-13,2.09,False
4889,50,30,177,2025-01-31,3.52,True
4890,50,4,25,2026-02-02,5.41,True
4891,50,9,51,2024-09-24,1.88,True
4892,50,13,79,2026-06-17,2.64,False
4893,50,3,19,2024-08-15,3.0,True
4894,50,16,91,2026-05-20,3.25,False
4895,50,12,72,2025-07-09,7.35,True
4896,50,26,156,2024-10-11,5.79,True
4897,50,11,68,2025-01-08,4.37,True
4898,50,3,,2024-05-23,1.88,False
4899,50,11,,2024-12-25,3.04,True
4900,50,19,114,2026-01-14,5.31,True
4901,50,13,77,2023-11-21,2.64,False
4902,50,2,11,2026-03-23,1.66,True
4903,50,5,32,2025-07-10,5.29,True
4904,50,29,172,2024-05-08,1.75,True
4905,50,2,,2025-03-17,4.76,False
4906,50,18,110,2025-12-02,5.58,True
4907,50,26,156,2026-02-13,4.54,True
4908,50,22,137,2025-10-03,3.93,True
4909,50,2,15,2026-05-01,1.67,True
4910,50,14,84,2025-03-24,5.66,True
4911,50,30,175,2025-03-25,2.08,True
4912,50,6,39,2023-08-03,4.47,True
4913,50,6,40,2024-06-03,4.78,False
4914,50,13,75,2024-09-04,6.55,False
4915,50,11,64,2026-03-26,2.34,False
4916,50,23,141,2024-06-04,4.05,True
4917,50,22,135,2024-07-29,6.36,True
4918,50,9,53,2025-10-30,3.48,True
4919,50,23,141,2024-06-11,2.54,True
4920,50,29,172,2024-11-15,5.6,False
4921,50,21,131,2023-12-18,4.4,True
4922,50,22,134,2024-10-09,5.72,True
4923,50,4,21,2024-03-05,3.46,True
4924,50,9,54,2023-11-17,6.53,True
4925,50,26,159,2026-04-07,5.02,False
4926,50,21,126,2024-01-03,6.32,False
4927,50,6,37,2023-12-05,3.39,True
4928,50,25,151,2023-07-13,5.2,True
4929,50,4,24,2023-11-27,7.46,True
4930,50,27,165,2024-09-17,5.59,True
4931,50,6,38,2024-11-12,1.42,True
4932,50,14,81,2024-02-16,1.87,True
4933,50,1,2,2024-01-17,5.47,True
4934,50,23,,2024-02-01,5.42,True
4935,50,28,167,2024-06-21,7.54,False
4936,50,17,98,2026-05-11,7.32,True
4937,50,12,71,2025-02-03,5.89,True
4938,50,29,174,2026-01-12,0.58,True
4939,50,18,103,2024-12-03,0.9,True
4940,50,10,59,2024-02-19,1.84,True
4941,50,4,21,2023-08-21,3.31,True
4942,50,18,108,2024-07-17,5.84,True
4943,50,12,70,2024-05-31,1.16,True
4944,50,14,83,2025-02-14,1.74,False
4945,50,24,147,2026-04-07,5.6,True
4946,50,25,,2025-12-30,4.29,True
4947,51,14,84,2025-10-20,6.03,False
4948,51,1,1,2025-05-13,1.92,True
4949,51,9,53,2025-12-23,2.25,True
4950,51,6,,2025-03-04,1.13,True
4951,51,30,176,2023-08-17,2.62,True
4952,51,12,70,2026-06-03,2.61,True
4953,51,22,137,2025-04-21,6.47,True
4954,51,8,49,2024-11-25,3.77,True
4955,51,2,11,2023-08-18,5.38,True
4956,51,22,134,2025-05-26,7.5,True
4957,51,11,62,2023-12-20,4.23,True
4958,51,6,41,2025-12-23,2.32,True
4959,51,18,103,2024-02-27,6.85,True
4960,51,8,47,2024-02-07,1.17,True
4961,51,27,160,2025-11-21,7.22,False
4962,51,18,,2023-09-19,3.23,True
4963,51,2,9,2023-11-13,5.56,True
4964,51,27,163,2023-12-07,5.89,True
4965,51,22,136,2025-12-17,4.75,False
4966,51,6,39,2023-10-23,3.86,True
4967,51,1,3,2023-12-12,7.55,True
4968,51,22,134,2024-03-11,1.25,False
4969,51,16,94,2026-02-06,3.79,False
4970,51,19,113,2024-12-30,4.73,True
4971,51,4,23,2024-01-10,3.87,True
4972,51,3,19,2026-02-10,6.19,True
4973,51,9,52,2024-10-14,2.79,True
4974,51,6,38,2025-04-21,6.97,True
4975,51,2,13,2024-07-08,4.49,True
4976,51,18,106,2025-07-08,5.82,True
4977,51,15,88,2024-09-13,5.21,True
4978,51,16,96,2023-08-02,1.73,False
4979,51,25,155,2025-02-05,2.5,True
4980,51,8,46,2025-04-14,5.92,True
4981,51,22,135,2023-12-06,4.65,True
4982,51,22,135,2024-05-14,4.05,True
4983,51,14,83,2023-10-30,1.38,True
4984,51,5,,2025-09-23,5.67,True
4985,51,23,139,2025-10-29,2.09,True
4986,51,29,173,2026-01-26,0.74,True
4987,51,12,72,2024-02-26,6.05,False
4988,51,10,61,2025-02-14,7.51,True
4989,51,4,25,2024-12-24,2.7,True
4990,51,16,92,2023-12-13,5.24,True
4991,51,10,60,2025-03-06,3.34,True
4992,51,29,172,2024-02-13,1.42,False
4993,51,9,54,2024-06-20,7.27,True
4994,51,10,59,2026-04-22,7.93,True
4995,51,15,89,2024-09-12,5.39,True
4996,51,17,99,2024-02-28,3.2,False
4997,51,2,9,2024-12-16,3.26,False
4998,51,3,17,2025-01-20,4.1,True
4999,51,11,63,2023-08-22,5.93,True
5000,51,9,52,2024-10-31,6.07,True
5001,51,10,55,2023-11-23,7.41,True
5002,51,1,6,2025-09-05,1.36,True
5003,51,26,159,2024-11-08,6.12,False
5004,51,26,156,2026-05-28,7.35,True
5005,51,23,141,2025-05-23,0.57,True
5006,51,25,151,2025-06-16,4.86,True
5007,51,29,172,2024-04-10,5.95,True
5008,51,14,,2024-12-02,6.21,True
5009,51,16,95,2025-10-29,6.42,False
5010,51,4,21,2025-09-08,7.16,True
5011,51,20,122,2026-01-13,4.29,True
5012,51,2,9,2025-02-05,1.14,False
5013,51,23,141,2023-11-16,5.89,True
5014,51,24,150,2025-01-10,3.93,True
5015,51,16,92,2026-03-30,5.77,True
5016,51,6,37,2025-05-27,2.86,True
5017,51,16,95,2026-06-29,6.86,True
5018,51,24,144,2025-07-25,4.9,True
5019,51,24,144,2025-04-09,0.53,True
5020,51,11,68,2023-08-22,7.06,True
5021,51,14,85,2025-11-05,2.09,True
5022,51,3,,2026-04-20,2.68,True
5023,51,22,136,2025-02-05,7.36,True
5024,51,19,116,2024-10-22,2.91,True
5025,51,11,66,2024-11-12,4.03,True
5026,51,25,154,2024-09-30,4.14,False
5027,51,11,,2024-06-14,7.57,False
5028,51,24,146,2025-11-05,3.93,True
5029,51,21,,2026-04-03,6.54,False
5030,51,16,95,2023-10-17,1.57,False
5031,51,15,,2024-12-19,6.2,True
5032,51,23,,2024-03-20,2.62,True
5033,51,24,146,2024-09-26,6.78,True
5034,51,20,119,2025-03-31,1.48,True
5035,51,6,,2023-10-30,4.33,True
5036,51,15,88,2025-08-22,7.26,False
5037,51,29,174,2024-09-20,5.69,True
5038,51,4,22,2026-03-12,1.14,False
5039,51,13,,2024-11-14,2.02,False
5040,51,26,156,2026-04-29,6.61,True
5041,51,14,84,2023-10-20,5.49,True
5042,51,21,129,2023-12-26,2.17,False
5043,51,18,,2024-05-20,5.63,True
5044,51,24,147,2026-04-17,7.55,False
5045,51,7,44,2024-02-12,5.1,False
5046,51,23,140,2024-02-13,1.31,True
5047,51,13,78,2025-07-30,2.04,False
5048,52,7,44,2023-11-21,2.83,True
5049,52,11,62,2026-02-06,0.67,True
5050,52,1,7,2025-11-12,0.61,True
5051,52,24,146,2026-05-04,4.08,True
5052,52,30,178,2025-02-05,4.72,True
5053,52,9,53,2026-01-14,2.37,True
5054,52,10,,2025-05-01,6.69,False
5055,52,8,47,2026-05-04,5.15,True
5056,52,25,153,2024-07-05,4.53,True
5057,52,25,151,2025-03-06,6.73,True
5058,52,3,18,2023-11-15,6.12,True
5059,52,9,53,2025-02-20,7.99,True
5060,52,25,152,2023-07-13,0.73,True
5061,52,12,70,2026-06-12,3.32,True
5062,52,17,100,2025-06-09,6.23,True
5063,52,22,137,2023-09-28,6.11,True
5064,52,25,154,2024-04-19,6.19,False
5065,52,29,,2024-03-19,7.31,True
5066,52,2,12,2023-12-05,3.96,False
5067,52,2,15,2024-11-06,2.52,False
5068,52,4,25,2023-07-26,6.1,True
5069,52,5,30,2025-08-28,7.14,True
5070,52,23,139,2024-03-14,6.2,False
5071,52,30,,2025-06-27,5.6,True
5072,52,29,174,2023-11-21,3.11,True
5073,52,4,26,2025-10-29,5.58,True
5074,52,2,14,2024-11-01,3.41,True
5075,52,1,3,2025-04-03,1.4,True
5076,52,28,167,2024-08-28,4.9,True
5077,52,7,43,2025-07-30,7.48,True
5078,52,12,71,2023-11-15,4.95,True
5079,52,5,35,2026-01-09,6.84,False
5080,52,18,110,2026-05-05,5.21,False
5081,52,24,148,2025-11-17,7.47,True
5082,52,23,142,2024-07-10,1.85,True
5083,52,16,95,2023-07-21,1.33,True
5084,52,4,22,2026-04-24,6.97,True
5085,52,8,45,2025-11-07,6.41,True
5086,52,16,94,2025-02-12,1.75,True
5087,52,29,,2023-09-11,2.13,True
5088,52,16,92,2024-03-18,2.81,True
5089,52,23,143,2025-08-19,2.05,False
5090,52,5,32,2025-05-30,6.79,True
5091,52,18,105,2023-07-27,7.74,False
5092,52,18,,2025-11-26,6.93,True
5093,52,24,148,2025-10-23,7.75,True
5094,52,25,,2026-03-19,6.46,True
5095,52,7,43,2025-08-27,3.45,True
5096,52,24,146,2026-03-10,1.81,True
5097,52,8,47,2026-05-21,2.6,True
5098,52,7,43,2023-10-09,5.88,True
5099,52,20,119,2024-10-03,4.18,True
5100,52,21,127,2024-08-15,1.66,True
5101,52,11,69,2025-05-06,3.61,False
5102,52,15,88,2025-09-23,2.97,True
5103,52,17,102,2026-04-30,2.28,True
5104,52,6,37,2025-05-02,1.41,True
5105,52,8,45,2025-10-14,6.93,True
5106,52,27,164,2024-06-06,7.69,True
5107,52,26,156,2025-05-02,5.42,True
5108,52,19,111,2024-03-25,4.72,True
5109,52,9,52,2024-07-23,5.53,True
5110,52,16,94,2025-09-17,1.08,False
5111,52,30,178,2025-06-02,5.19,True
5112,52,24,144,2024-01-02,5.73,True
5113,52,24,147,2026-05-21,1.91,False
5114,52,13,74,2025-02-03,1.15,True
5115,52,1,1,2025-05-01,5.54,True
5116,52,30,175,2024-04-12,0.72,False
5117,52,8,46,2024-01-22,7.58,True
5118,52,25,155,2025-11-21,3.47,True
5119,52,8,45,2024-08-12,5.35,True
5120,52,25,152,2025-08-07,3.21,True
5121,52,15,87,2025-06-11,3.54,False
5122,52,16,92,2025-10-13,4.17,True
5123,52,9,53,2024-08-16,5.01,True
5124,52,9,50,2025-05-30,2.53,True
5125,52,18,110,2024-11-05,5.89,True
5126,52,12,72,2025-11-25,4.5,True
5127,52,6,37,2024-04-05,7.76,False
5128,52,14,84,2024-03-18,2.87,False
5129,52,25,151,2023-09-05,4.73,True
5130,52,10,,2024-01-02,6.35,True
5131,52,27,163,2023-07-27,0.81,True
5132,52,19,111,2026-01-09,2.07,True
5133,52,11,69,2024-10-17,5.23,True
5134,52,10,58,2024-10-18,6.65,True
5135,52,2,12,2024-01-31,2.08,True
5136,52,11,68,2026-04-15,1.01,True
5137,52,4,21,2025-06-17,2.7,False
5138,52,18,105,2025-07-04,5.23,True
5139,52,29,172,2024-08-06,6.17,True
5140,52,28,170,2025-02-21,1.75,True
5141,52,20,125,2023-09-13,5.97,True
5142,52,25,155,2026-01-02,5.6,False
5143,52,13,73,2025-09-01,6.74,False
5144,52,17,99,2023-11-23,7.21,False
5145,52,19,118,2024-09-19,4.5,True
5146,52,17,,2024-08-06,3.56,True
5147,52,25,152,2026-01-02,5.79,True
5148,52,25,155,2024-06-06,7.08,True
5149,52,12,72,2023-12-11,4.63,True
5150,52,8,45,2023-12-07,6.6,True
5151,52,2,15,2025-10-09,6.82,True
5152,52,19,113,2023-09-07,7.06,True
5153,52,5,36,2025-04-15,6.53,True
5154,52,12,70,2024-10-30,5.6,True
5155,52,16,91,2024-06-12,2.5,True
5156,52,22,137,2025-04-23,3.06,False
5157,52,3,19,2025-01-28,4.82,True
5158,52,9,50,2025-03-25,2.87,True
5159,52,25,154,2025-03-07,7.79,True
5160,52,26,157,2025-04-22,1.55,True
5161,52,23,142,2025-07-18,7.61,False
5162,52,4,26,2025-12-03,4.07,True
5163,52,8,47,2023-11-30,2.9,True
5164,53,24,144,2025-07-24,0.95,True
5165,53,28,170,2023-07-19,7.78,True
5166,53,17,97,2024-09-30,2.44,True
5167,53,2,15,2025-04-16,4.32,True
5168,53,8,47,2025-06-04,3.33,True
5169,53,8,47,2024-04-09,2.59,True
5170,53,2,13,2025-05-21,5.92,False
5171,53,27,161,2025-01-02,7.97,True
5172,53,30,175,2025-08-12,1.33,True
5173,53,22,135,2026-05-13,7.32,True
5174,53,30,177,2026-03-12,3.63,False
5175,53,29,174,2026-02-16,0.68,True
5176,53,12,71,2026-02-16,4.7,True
5177,53,4,24,2024-03-08,6.47,True
5178,53,24,146,2024-01-01,6.29,True
5179,53,6,38,2024-04-11,4.33,True
5180,53,12,72,2024-11-25,7.01,True
5181,53,17,99,2025-07-23,2.59,False
5182,53,9,50,2024-10-18,3.1,True
5183,53,7,42,2026-04-30,1.63,True
5184,53,15,90,2025-07-07,3.82,True
5185,53,26,159,2024-04-11,1.19,True
5186,53,24,144,2026-06-09,3.63,False
5187,53,14,83,2025-08-29,2.69,True
5188,53,7,,2024-06-13,6.88,True
5189,53,6,39,2025-09-17,4.0,False
5190,53,7,44,2025-02-21,3.41,True
5191,53,6,38,2026-05-18,6.27,True
5192,53,26,159,2025-01-27,4.78,True
5193,53,14,82,2024-12-02,6.9,True
5194,53,28,166,2024-10-11,7.57,True
5195,53,23,,2025-10-21,2.26,True
5196,53,6,38,2026-06-08,2.56,False
5197,53,10,,2023-07-06,4.5,True
5198,53,20,125,2025-08-13,1.64,False
5199,53,12,,2024-01-30,5.25,True
5200,53,17,97,2025-08-22,5.98,False
5201,53,24,,2023-11-01,1.87,True
5202,53,7,44,2024-02-02,7.32,True
5203,53,3,19,2025-09-04,5.2,True
5204,53,10,58,2024-09-25,6.86,True
5205,53,3,16,2024-06-28,7.33,True
5206,53,15,,2023-11-16,5.32,True
5207,53,21,126,2025-11-18,3.75,True
5208,53,25,151,2024-12-03,3.91,False
5209,53,12,70,2024-06-14,4.72,False
5210,53,6,,2024-07-03,4.31,True
5211,53,18,,2024-07-05,0.86,True
5212,53,22,134,2025-12-19,7.05,True
5213,53,20,121,2023-10-02,6.88,False
5214,53,16,96,2024-04-04,2.59,False
5215,53,3,20,2025-02-24,2.29,True
5216,53,23,140,2023-10-02,6.06,True
5217,53,18,107,2025-02-25,0.85,False
5218,53,22,137,2025-09-12,3.16,True
5219,53,24,145,2024-10-03,7.89,True
5220,53,18,106,2024-03-19,4.93,True
5221,53,11,67,2023-10-26,6.15,True
5222,53,22,137,2024-02-02,3.01,True
5223,53,11,64,2024-09-05,4.0,True
5224,53,10,59,2024-10-17,4.76,True
5225,53,16,93,2023-07-21,0.72,True
5226,53,12,72,2026-04-28,5.66,False
5227,53,17,102,2026-03-23,6.16,True
5228,53,25,154,2025-10-07,3.33,True
5229,53,5,35,2023-10-27,6.26,False
5230,53,26,156,2024-04-29,0.55,True
5231,53,1,5,2024-09-04,4.26,True
5232,53,27,164,2025-01-28,0.54,True
5233,53,8,45,2025-10-01,0.64,True
5234,53,12,71,2025-11-04,4.7,False
5235,53,30,,2024-01-19,3.71,True
5236,53,5,30,2024-11-20,3.04,True
5237,53,29,174,2026-05-21,2.23,True
5238,53,1,5,2025-07-02,2.3,True
5239,53,6,41,2026-02-13,7.1,True
5240,53,28,,2023-12-20,2.4,False
5241,53,22,137,2026-02-03,0.78,False
5242,53,15,89,2025-07-16,6.67,True
5243,53,28,169,2026-01-09,2.25,True
5244,53,25,152,2024-11-25,0.66,True
5245,53,30,,2023-08-11,2.7,True
5246,53,22,136,2025-11-26,5.19,True
5247,53,26,159,2026-01-15,6.51,True
5248,53,14,85,2024-01-23,3.4,True
5249,53,25,,2023-09-04,2.48,False
5250,53,15,90,2026-01-06,7.5,True
5251,53,5,36,2024-05-23,4.62,True
5252,53,5,30,2024-06-05,6.87,False
5253,53,20,123,2026-05-08,3.25,True
5254,53,9,54,2023-11-09,5.18,True
5255,53,21,127,2025-06-12,5.58,True
5256,53,23,143,2025-01-20,2.11,False
5257,53,7,43,2025-07-24,4.74,False
5258,53,1,1,2025-12-08,6.14,False
5259,53,24,144,2023-10-30,6.1,True
5260,53,5,30,2023-10-13,5.95,True
5261,53,6,41,2025-05-07,6.12,True
5262,53,15,89,2024-12-11,7.96,True
5263,53,19,113,2025-08-06,1.36,False
5264,53,14,83,2025-01-15,3.84,False
5265,53,22,134,2023-10-31,6.8,True
5266,53,19,113,2025-06-26,5.36,True
5267,53,26,159,2026-01-27,1.4,True
5268,54,16,92,2023-08-11,2.43,False
5269,54,6,37,2023-10-04,2.7,True
5270,54,4,27,2026-04-08,3.99,True
5271,54,25,154,2024-02-12,7.93,False
5272,54,15,89,2023-07-19,3.58,False
5273,54,6,41,2023-08-18,5.66,True
5274,54,8,48,2024-10-18,4.81,True
5275,54,5,29,2025-01-30,3.38,True
5276,54,22,134,2025-09-08,5.7,True
5277,54,23,140,2023-09-06,5.47,True
5278,54,30,,2024-12-09,0.72,True
5279,54,26,156,2025-12-01,3.38,True
5280,54,11,62,2025-04-25,2.26,True
5281,54,9,50,2025-10-21,7.83,True
5282,54,11,64,2026-04-21,6.09,False
5283,54,15,87,2025-07-18,4.66,True
5284,54,17,,2025-05-12,3.9,True
5285,54,8,48,2025-08-27,2.72,True
5286,54,24,146,2026-04-15,0.56,False
5287,54,6,39,2023-09-12,4.72,True
5288,54,5,34,2025-12-05,5.42,False
5289,54,11,64,2025-09-25,2.35,True
5290,54,2,10,2025-05-16,5.49,True
5291,54,3,20,2025-12-31,5.71,True
5292,54,28,169,2026-06-01,2.38,True
5293,54,3,17,2026-01-16,6.52,True
5294,54,21,,2023-11-13,5.18,True
5295,54,23,139,2025-01-01,3.63,True
5296,54,9,50,2025-04-16,1.62,True
5297,54,30,177,2024-11-20,1.63,True
5298,54,28,168,2026-01-06,0.79,True
5299,54,4,21,2024-02-05,2.52,True
5300,54,20,121,2023-09-28,6.31,True
5301,54,15,89,2024-03-01,6.57,False
5302,54,1,5,2023-08-07,2.93,True
5303,54,19,111,2025-05-06,6.9,False
5304,54,17,,2024-03-04,2.51,True
5305,54,10,55,2025-05-27,7.95,True
5306,54,11,65,2025-05-29,7.68,True
5307,54,3,,2025-10-27,4.76,True
5308,54,29,174,2023-12-01,1.71,False
5309,54,10,58,2025-11-11,6.32,True
5310,54,15,89,2026-05-08,6.68,False
5311,54,9,52,2023-12-01,6.85,True
5312,54,28,166,2024-11-13,2.18,True
5313,54,22,134,2025-11-06,3.43,True
5314,54,28,,2024-10-24,7.45,True
5315,54,25,151,2025-09-22,2.53,True
5316,54,13,78,2024-07-24,6.46,True
5317,54,5,36,2025-08-28,2.41,False
5318,54,14,,2024-09-18,5.52,True
5319,54,27,162,2026-03-30,2.38,True
5320,54,4,21,2025-04-22,6.91,True
5321,54,8,45,2026-05-27,2.14,True
5322,54,27,161,2026-02-25,4.36,True
5323,54,18,104,2024-06-17,0.61,True
5324,54,12,72,2025-10-27,6.58,False
5325,54,14,81,2024-06-21,4.03,True
5326,54,9,51,2025-06-05,7.74,True
5327,54,16,96,2023-09-06,1.71,False
5328,54,30,176,2026-05-18,0.63,False
5329,54,16,,2023-08-24,3.65,True
5330,54,24,150,2025-02-06,2.51,True
5331,54,12,71,2024-01-12,7.95,False
5332,54,10,59,2023-11-27,0.73,True
5333,54,8,45,2026-06-17,3.73,True
5334,54,14,85,2023-10-11,7.16,True
5335,54,16,93,2026-02-18,4.12,True
5336,54,25,,2024-01-16,1.1,False
5337,54,10,,2024-10-14,4.32,True
5338,54,15,88,2025-09-15,0.63,True
5339,54,21,130,2024-04-17,1.5,True
5340,54,9,53,2026-03-03,3.88,True
5341,54,2,9,2026-06-02,4.44,True
5342,54,3,,2025-01-28,4.45,True
5343,54,2,14,2024-07-23,4.48,True
5344,54,13,80,2026-05-01,7.05,True
5345,54,26,,2025-02-04,3.97,False
5346,54,21,129,2025-07-24,5.48,False
5347,54,10,58,2023-10-23,7.1,True
5348,54,24,149,2024-06-28,4.45,True
5349,54,21,128,2025-04-10,2.83,True
5350,54,14,86,2026-02-26,4.94,True
5351,54,24,149,2026-01-12,4.44,False
5352,54,26,159,2023-12-08,7.05,False
5353,54,11,66,2025-05-02,7.84,True
5354,54,15,90,2025-11-12,1.53,True
5355,54,17,101,2025-08-15,7.13,True
5356,54,25,155,2026-04-06,5.59,True
5357,54,23,143,2024-05-10,6.58,False
5358,54,1,1,2024-12-05,1.83,False
5359,54,22,134,2025-09-17,1.87,True
5360,54,16,93,2024-02-06,2.4,True
5361,54,25,155,2025-09-22,3.84,True
5362,54,26,156,2026-05-13,0.56,True
5363,54,21,133,2024-07-10,2.55,True
5364,54,16,96,2025-02-20,7.07,True
5365,54,4,28,2024-05-14,6.07,True
5366,54,25,153,2024-10-18,7.58,True
5367,54,22,137,2026-04-15,3.83,True
5368,54,24,145,2025-09-02,6.49,False
5369,54,7,42,2025-03-05,5.82,True
5370,54,20,,2023-07-03,4.03,True
5371,54,1,4,2023-12-22,7.55,False
5372,54,20,,2024-12-23,7.97,True
5373,56,16,93,2025-07-10,1.64,False
5374,56,30,178,2024-07-12,6.13,True
5375,56,25,154,2025-05-19,4.25,False
5376,56,26,156,2024-10-21,1.65,False
5377,56,7,42,2025-07-10,7.77,False
5378,56,24,,2025-08-05,1.82,True
5379,56,21,133,2025-04-11,2.51,True
5380,56,22,136,2025-11-26,5.73,False
5381,56,19,111,2025-10-30,2.89,True
5382,56,7,44,2024-07-10,6.44,True
5383,56,22,,2024-12-02,0.92,True
5384,56,2,9,2024-06-12,2.03,True
5385,56,24,149,2026-01-27,5.23,True
5386,56,12,71,2025-12-15,7.15,False
5387,56,13,80,2026-02-23,0.96,True
5388,56,2,10,2026-02-20,4.91,True
5389,56,10,56,2025-07-14,0.57,True
5390,56,19,112,2024-10-15,7.85,True
5391,56,19,115,2025-05-16,0.65,True
5392,56,14,85,2024-12-31,1.07,True
5393,56,3,20,2024-05-20,4.45,True
5394,56,19,117,2026-04-21,1.14,True
5395,56,6,39,2025-03-17,7.12,True
5396,56,11,62,2025-06-02,1.96,False
5397,56,5,31,2025-11-24,7.46,False
5398,56,12,72,2025-06-04,4.45,True
5399,56,12,70,2025-03-06,6.52,True
5400,56,14,82,2025-05-06,4.45,True
5401,56,24,147,2024-12-20,5.57,True
5402,56,15,88,2024-06-25,6.19,False
5403,56,4,26,2026-03-25,5.63,True
5404,56,2,15,2025-01-29,3.52,True
5405,56,30,175,2026-04-16,5.58,True
5406,56,21,,2025-09-05,0.58,True
5407,56,29,174,2025-05-16,4.15,True
5408,56,19,117,2025-04-01,1.95,True
5409,56,21,131,2024-11-15,7.52,True
5410,56,19,114,2024-10-01,7.65,True
5411,56,28,171,2025-05-26,7.4,True
5412,56,4,22,2025-02-28,0.5,True
5413,56,10,60,2025-08-04,2.34,False
5414,56,2,10,2024-07-08,5.0,True
5415,56,30,177,2025-07-09,1.48,True
5416,56,20,124,2025-10-10,3.7,True
5417,56,9,54,2025-07-23,3.88,False
5418,56,14,85,2025-09-08,6.13,False
5419,56,19,112,2025-06-04,6.14,True
5420,56,24,147,2025-03-20,2.04,True
5421,56,17,101,2025-06-16,6.55,True
5422,56,4,25,2024-12-05,2.48,False
5423,56,8,47,2024-09-13,3.04,True
5424,56,16,92,2025-06-04,5.3,True
5425,56,15,87,2026-05-25,6.93,True
5426,56,30,179,2025-08-25,4.02,True
5427,56,19,114,2024-07-19,5.98,False
5428,56,11,67,2024-12-30,3.13,True
5429,56,8,49,2025-03-20,2.63,True
5430,56,9,51,2025-01-03,3.57,False
5431,56,7,42,2024-05-07,6.31,False
5432,56,16,95,2026-01-27,4.56,True
5433,56,23,141,2024-03-12,4.44,True
5434,56,23,139,2025-07-01,6.89,True
5435,56,8,49,2026-03-24,2.35,True
5436,56,13,80,2026-01-14,4.77,True
5437,56,26,156,2026-02-12,5.32,True
5438,56,12,71,2026-03-03,1.55,True
5439,56,20,124,2026-05-12,6.05,True
5440,56,23,139,2025-04-30,3.17,True
5441,56,1,3,2026-01-27,1.09,True
5442,56,11,69,2024-08-27,2.58,True
5443,56,18,,2025-11-06,6.4,False
5444,56,15,89,2024-03-19,4.21,True
5445,56,25,155,2026-06-15,0.52,True
5446,56,14,85,2025-03-26,0.75,True
5447,56,23,140,2024-06-04,6.48,False
5448,56,11,65,2025-09-29,3.87,True
5449,56,5,31,2025-01-23,1.13,True
5450,56,7,44,2025-03-27,4.48,True
5451,56,18,106,2025-05-21,6.34,False
5452,56,7,43,2025-02-19,5.5,True
5453,56,13,78,2025-03-05,4.73,True
5454,56,8,47,2025-01-03,1.25,True
5455,56,1,2,2025-02-11,5.66,False
5456,56,21,131,2026-06-15,2.94,True
5457,56,25,154,2025-12-16,1.62,True
5458,56,5,30,2024-03-28,6.45,True
5459,56,8,48,2024-03-26,4.42,True
5460,56,11,68,2025-06-02,1.17,True
5461,56,1,4,2026-01-20,5.41,True
5462,56,2,12,2025-02-18,4.64,True
5463,56,21,128,2024-07-23,5.2,True
5464,56,2,14,2025-01-23,5.05,True
5465,56,8,47,2026-04-07,5.72,False
5466,56,27,160,2026-02-04,2.19,True
5467,56,16,92,2025-01-17,3.22,False
5468,57,3,18,2024-07-11,2.45,True
5469,57,13,73,2023-09-22,5.97,True
5470,57,7,44,2023-08-07,2.55,False
5471,57,16,93,2024-01-30,2.76,True
5472,57,13,80,2023-10-13,4.73,True
5473,57,19,112,2025-09-23,7.77,False
5474,57,12,,2025-08-19,2.39,True
5475,57,13,80,2025-09-16,1.79,False
5476,57,26,158,2026-04-16,6.44,True
5477,57,10,57,2023-09-15,4.67,True
5478,57,25,154,2024-01-09,7.5,True
5479,57,9,50,2024-12-24,6.76,False
5480,57,11,,2024-12-24,2.47,True
5481,57,6,39,2025-06-06,5.62,True
5482,57,21,132,2025-02-05,5.96,True
5483,57,3,20,2024-02-20,6.76,False
5484,57,27,160,2024-12-02,4.96,True
5485,57,14,85,2024-07-22,6.58,False
5486,57,22,137,2025-01-27,5.45,True
5487,57,14,83,2023-07-07,6.48,True
5488,57,4,24,2025-01-29,1.66,True
5489,57,13,,2024-08-08,1.58,False
5490,57,24,144,2024-08-29,4.5,False
5491,57,27,,2025-06-20,2.55,True
5492,57,21,128,2026-03-12,3.04,True
5493,57,17,102,2026-06-11,7.42,True
5494,57,13,77,2023-09-05,5.69,True
5495,57,20,123,2024-02-01,6.0,True
5496,57,14,84,2024-11-18,2.33,False
5497,57,5,35,2025-12-16,2.69,False
5498,57,11,63,2025-02-19,6.22,True
5499,57,19,115,2024-12-31,5.05,True
5500,57,3,19,2025-06-09,5.28,True
5501,57,28,169,2025-10-15,4.28,True
5502,57,20,119,2025-05-07,2.22,True
5503,57,13,76,2024-02-05,4.13,True
5504,57,11,62,2024-08-28,4.66,True
5505,57,7,44,2025-04-14,6.47,True
5506,57,29,174,2023-08-02,1.29,True
5507,57,14,81,2024-03-01,7.03,True
5508,57,17,102,2025-07-18,7.66,True
5509,57,12,72,2024-11-05,4.73,True
5510,57,26,,2025-04-11,4.85,True
5511,57,22,137,2023-07-26,4.25,False
5512,57,8,47,2023-10-31,2.67,True
5513,57,5,31,2024-04-19,2.83,False
5514,57,18,105,2024-04-22,7.5,False
5515,57,4,23,2025-11-19,7.71,True
5516,57,26,158,2023-09-27,7.67,True
5517,57,2,8,2023-12-06,2.92,True
5518,57,13,74,2023-09-15,4.73,True
5519,57,21,132,2026-06-22,3.47,False
5520,57,2,11,2025-11-04,4.64,False
5521,57,16,91,2026-06-11,5.64,True
5522,57,7,44,2024-05-13,0.7,True
5523,57,28,171,2025-09-09,1.83,False
5524,57,16,,2024-06-28,7.89,False
5525,57,16,93,2026-01-05,5.18,True
5526,57,27,161,2023-11-07,2.23,True
5527,57,18,108,2024-06-21,1.65,False
5528,57,7,44,2026-01-14,5.53,True
5529,57,25,151,2024-02-15,2.73,True
5530,57,25,153,2024-10-23,5.31,True
5531,57,13,78,2024-12-31,3.91,True
5532,57,16,95,2024-06-20,6.02,True
5533,57,21,126,2025-01-24,6.74,True
5534,57,8,47,2023-09-18,0.6,True
5535,57,24,144,2023-10-20,5.99,True
5536,57,26,156,2024-10-07,6.24,False
5537,57,23,140,2024-07-30,2.07,True
5538,57,3,16,2024-01-02,7.15,True
5539,57,30,177,2024-07-15,0.55,False
5540,57,6,40,2023-10-20,5.65,True
5541,57,13,76,2024-10-16,1.38,True
5542,57,2,10,2024-07-24,1.29,True
5543,57,3,16,2025-02-24,2.87,False
5544,57,20,123,2025-07-11,0.72,True
5545,57,29,172,2025-05-12,3.6,True
5546,57,26,157,2025-07-17,4.99,True
5547,57,9,50,2024-05-03,5.78,False
5548,57,11,62,2024-06-10,2.71,True
5549,57,7,43,2025-12-18,3.83,True
5550,57,10,57,2026-02-19,1.14,True
5551,57,5,36,2026-04-06,5.71,True
5552,57,12,70,2025-04-07,4.45,False
5553,57,17,101,2024-02-22,3.51,True
5554,57,28,169,2024-02-02,2.88,False
5555,57,3,,2024-05-28,5.92,True
5556,57,12,71,2025-12-17,2.13,False
5557,57,30,175,2026-02-17,7.22,False
5558,57,22,136,2025-03-27,7.29,True
5559,57,2,15,2023-07-11,1.94,True
5560,57,1,2,2023-09-14,1.35,True
5561,57,15,88,2024-01-02,5.48,True
5562,57,27,163,2024-05-28,0.72,True
5563,57,11,68,2025-07-02,7.66,True
5564,57,1,,2023-11-08,5.49,False
5565,57,28,169,2023-10-26,5.82,False
5566,57,9,51,2025-03-12,7.7,True
5567,57,27,,2024-03-07,2.4,False
5568,57,11,68,2025-12-10,1.58,False
5569,58,17,98,2025-01-22,5.33,False
5570,58,29,174,2025-02-03,6.47,True
5571,58,17,97,2025-07-07,4.39,False
5572,58,20,121,2026-01-26,3.43,True
5573,58,28,168,2026-01-28,2.43,True
5574,58,19,111,2026-02-03,0.75,True
5575,58,27,160,2025-06-26,4.07,False
5576,58,21,129,2025-03-07,6.18,True
5577,58,21,132,2025-10-14,3.9,True
5578,58,4,24,2024-12-04,2.56,True
5579,58,16,94,2025-07-24,2.29,True
5580,58,8,49,2026-03-24,0.76,True
5581,58,17,98,2025-11-26,6.78,True
5582,58,26,159,2025-10-13,0.87,False
5583,58,3,16,2026-05-04,2.96,True
5584,58,1,7,2025-11-17,0.74,True
5585,58,30,179,2025-01-28,4.48,True
5586,58,5,29,2025-12-31,7.6,True
5587,58,20,120,2025-09-10,1.08,False
5588,58,28,171,2025-12-15,1.83,True
5589,58,17,97,2025-03-25,1.63,True
5590,58,4,26,2025-04-11,7.09,True
5591,58,27,161,2025-07-25,7.67,True
5592,58,1,6,2025-06-27,4.39,True
5593,58,25,151,2026-01-28,1.81,True
5594,58,21,129,2025-04-16,2.01,True
5595,58,8,47,2025-05-23,7.31,True
5596,58,29,172,2024-12-02,5.07,True
5597,58,15,90,2025-08-14,1.34,True
5598,58,15,,2025-09-10,1.58,True
5599,58,28,170,2025-04-08,5.47,False
5600,58,11,62,2025-11-27,3.19,False
5601,58,22,137,2025-07-07,3.47,True
5602,58,6,40,2025-11-11,3.9,True
5603,58,5,30,2025-07-23,2.9,True
5604,58,29,172,2025-06-20,0.88,True
5605,58,11,62,2025-05-21,7.01,True
5606,58,19,115,2025-03-06,1.78,True
5607,58,24,145,2025-05-13,7.3,True
5608,58,26,158,2026-03-20,0.94,False
5609,58,25,153,2025-06-20,4.89,False
5610,58,18,106,2026-03-26,5.13,True
5611,58,18,106,2026-05-27,0.52,True
5612,58,9,53,2025-07-14,4.58,True
5613,58,19,113,2025-09-29,6.82,True
5614,58,1,4,2024-12-05,0.62,False
5615,58,30,179,2026-05-05,1.48,True
5616,58,9,50,2025-03-27,6.34,True
5617,58,11,,2025-04-08,5.97,True
5618,58,16,95,2025-05-08,7.71,True
5619,58,24,147,2025-01-30,7.94,True
5620,58,10,61,2025-07-18,2.12,True
5621,58,25,,2026-01-14,3.62,False
5622,58,2,14,2025-06-26,6.24,True
5623,58,4,22,2026-02-04,5.73,False
5624,58,19,114,2024-12-16,4.96,True
5625,58,24,145,2025-08-08,5.64,True
5626,58,16,94,2024-11-28,6.3,True
5627,58,19,114,2024-12-18,3.61,False
5628,58,19,111,2024-12-04,2.65,False
5629,58,17,100,2025-04-16,6.55,True
5630,58,5,33,2026-03-24,2.33,True
5631,58,26,156,2026-01-28,7.59,False
5632,58,19,111,2025-10-29,5.87,True
5633,58,5,,2026-02-24,7.9,False
5634,58,16,96,2024-12-13,6.85,True
5635,58,19,117,2026-05-26,6.95,False
5636,58,11,69,2026-05-25,6.35,False
5637,58,15,88,2024-12-24,7.77,True
5638,58,30,177,2025-02-14,7.8,False
5639,58,30,177,2026-01-23,4.13,False
5640,58,1,2,2025-01-08,1.38,True
5641,58,8,45,2025-09-26,7.05,True
5642,58,21,132,2026-03-25,0.64,True
5643,58,9,52,2026-02-06,3.2,True
5644,58,1,1,2024-12-31,7.17,True
5645,58,9,53,2026-05-15,6.44,True
5646,58,18,108,2025-05-13,3.21,True
5647,58,29,174,2025-04-14,6.95,True
5648,58,5,35,2025-01-20,1.12,True
5649,58,3,16,2025-05-13,5.51,True
5650,58,2,9,2025-12-01,4.75,True
5651,58,10,57,2024-12-12,3.79,False
5652,58,28,,2026-04-13,2.43,True
5653,58,29,172,2024-12-30,5.68,False
5654,58,25,152,2025-03-24,4.88,True
5655,58,2,12,2025-12-09,1.25,True
5656,58,30,178,2026-01-23,2.62,False
5657,58,21,128,2025-08-04,5.62,True
5658,58,22,135,2026-04-24,7.21,True
5659,58,3,17,2026-02-17,5.25,True
5660,58,24,146,2026-04-08,7.5,True
5661,58,23,142,2026-03-03,6.11,True
5662,58,19,,2025-08-19,7.37,True
5663,58,17,101,2025-09-29,0.65,True
5664,58,21,133,2026-06-16,0.64,False
5665,58,25,154,2026-03-23,3.64,True
5666,58,19,114,2026-02-26,4.48,True
5667,58,9,52,2025-03-14,4.72,False
5668,58,15,88,2026-05-25,4.79,True
5669,58,14,84,2026-01-29,5.71,True
5670,58,20,121,2025-05-06,3.35,True
5671,58,15,90,2024-12-05,4.48,True
5672,58,25,153,2025-03-19,0.7,True
5673,58,21,129,2026-01-19,4.14,True
5674,58,28,169,2026-03-23,7.74,False
5675,58,4,26,2026-02-24,6.84,True
5676,58,30,,2025-11-28,7.97,True
5677,59,23,,2025-07-24,7.72,True
5678,59,10,,2025-04-17,3.94,True
5679,59,12,72,2024-09-16,4.18,False
5680,59,9,54,2025-01-02,3.18,True
5681,59,27,165,2025-10-17,2.08,False
5682,59,23,139,2023-07-07,5.81,False
5683,59,25,,2026-01-06,1.7,False
5684,59,16,96,2024-04-18,4.06,True
5685,59,22,137,2023-11-01,7.6,True
5686,59,9,51,2025-11-20,6.63,True
5687,59,26,159,2025-12-08,5.61,True
5688,59,18,107,2024-08-06,5.69,True
5689,59,28,171,2026-06-11,2.42,True
5690,59,4,25,2023-11-10,4.9,True
5691,59,22,136,2023-08-14,6.91,True
5692,59,26,157,2025-06-05,0.77,True
5693,59,3,20,2026-03-02,4.48,True
5694,59,17,97,2026-03-06,5.52,True
5695,59,3,18,2023-08-07,1.56,False
5696,59,16,92,2025-12-02,4.81,True
5697,59,25,155,2025-01-27,1.23,True
5698,59,30,175,2024-02-27,5.34,True
5699,59,28,168,2023-09-19,2.35,False
5700,59,18,110,2024-01-10,2.47,False
5701,59,19,112,2024-04-23,0.71,True
5702,59,8,45,2025-07-22,5.02,True
5703,59,18,110,2025-07-01,7.1,True
5704,59,17,98,2026-02-25,5.9,True
5705,59,21,131,2023-10-18,6.01,True
5706,59,24,147,2026-02-27,6.43,True
5707,59,3,20,2024-08-22,6.61,True
5708,59,12,,2025-05-06,3.14,True
5709,59,15,88,2025-01-20,6.96,True
5710,59,10,60,2026-05-12,2.35,True
5711,59,13,80,2026-03-25,4.92,True
5712,59,17,101,2024-12-31,6.95,True
5713,59,6,40,2025-12-23,1.74,True
5714,59,1,6,2024-06-03,4.98,False
5715,59,26,157,2025-01-27,1.25,True
5716,59,8,,2026-05-18,0.88,True
5717,59,1,6,2023-07-17,3.95,True
5718,59,3,18,2024-11-22,6.4,True
5719,59,2,10,2025-11-11,3.23,True
5720,59,4,27,2024-09-27,6.5,True
5721,59,1,6,2025-04-23,4.33,True
5722,59,16,,2023-10-03,5.93,True
5723,59,22,136,2024-07-25,1.19,False
5724,59,8,,2024-01-29,5.79,True
5725,59,28,167,2026-01-14,2.1,False
5726,59,16,96,2023-09-29,1.13,False
5727,59,1,,2025-02-12,4.74,True
5728,59,30,177,2023-08-01,7.87,True
5729,59,7,43,2025-01-03,6.85,True
5730,59,30,176,2025-04-02,6.91,False
5731,59,27,163,2023-12-18,0.98,True
5732,59,28,,2023-09-05,7.68,True
5733,59,3,17,2023-11-21,5.81,True
5734,59,27,163,2025-10-09,5.0,True
5735,59,29,173,2026-04-08,7.98,True
5736,59,14,,2025-05-01,2.43,True
5737,59,29,172,2025-04-09,4.04,True
5738,59,25,154,2025-05-22,6.9,False
5739,59,24,147,2026-04-17,1.32,True
5740,59,18,104,2025-08-22,0.92,False
5741,59,22,136,2025-06-25,7.33,True
5742,59,6,41,2025-08-20,6.88,True
5743,59,2,12,2024-01-04,7.27,False
5744,59,25,154,2026-04-07,6.43,True
5745,59,18,,2025-06-09,6.86,True
5746,59,27,163,2026-05-14,5.43,False
5747,59,29,174,2024-11-28,7.08,False
5748,59,15,,2024-04-18,2.41,True
5749,59,13,74,2025-12-16,5.4,True
5750,59,18,,2024-12-24,2.15,True
5751,59,16,92,2026-02-12,3.44,True
5752,59,22,,2024-11-27,1.41,True
5753,59,3,16,2026-04-08,3.74,True
5754,59,27,162,2024-02-13,5.83,True
5755,59,1,,2026-01-05,7.34,True
5756,59,15,90,2026-03-16,4.12,True
5757,59,20,125,2024-06-27,4.65,True
5758,59,4,28,2024-06-26,6.09,True
5759,59,18,109,2026-02-04,7.34,True
5760,59,12,71,2025-02-06,5.66,True
5761,59,25,155,2023-08-29,1.18,True
5762,59,6,40,2024-03-21,0.96,True
5763,59,4,21,2024-04-30,3.18,False
5764,59,23,,2025-09-23,5.89,True
5765,59,8,47,2025-06-20,7.14,True
5766,59,11,69,2025-08-14,6.15,True
5767,59,14,85,2025-10-09,7.07,False
5768,59,18,106,2025-08-29,6.92,True
5769,59,16,92,2023-11-02,5.14,True
5770,59,28,166,2023-08-10,3.4,True
5771,59,20,125,2026-02-03,6.65,False
5772,59,29,174,2026-04-15,7.34,False
5773,59,18,107,2024-02-26,6.16,False
5774,59,21,,2025-09-05,2.92,True
5775,59,10,56,2024-10-16,7.66,False
5776,59,9,51,2025-04-02,6.77,True
5777,59,29,,2025-01-16,4.74,False
5778,59,8,49,2023-07-11,2.63,True
5779,59,24,145,2023-10-27,2.47,True
5780,59,16,95,2023-08-18,1.7,True
5781,59,22,134,2025-04-17,7.41,False
5782,59,29,174,2025-05-02,7.37,True
5783,59,16,95,2026-05-06,6.31,True
5784,59,6,37,2025-08-22,1.7,True
5785,59,11,69,2024-05-31,3.08,True
5786,59,1,2,2025-07-08,1.05,False
5787,60,11,69,2023-12-13,1.19,True
5788,60,17,99,2023-07-28,5.9,True
5789,60,29,173,2023-12-27,4.35,True
5790,60,1,7,2023-07-07,4.19,True
5791,60,2,13,2023-11-16,2.98,True
5792,60,16,95,2024-04-23,6.38,True
5793,60,8,49,2024-08-19,0.82,False
5794,60,13,78,2025-10-23,1.99,False
5795,60,27,160,2024-08-20,4.08,True
5796,60,10,56,2025-04-01,4.51,False
5797,60,19,117,2025-09-05,4.84,False
5798,60,14,84,2025-06-16,5.58,True
5799,60,22,136,2025-01-24,3.3,True
5800,60,25,151,2025-04-15,7.94,False
5801,60,25,151,2024-03-20,1.99,True
5802,60,26,157,2024-09-27,5.69,True
5803,60,1,3,2023-08-25,5.08,True
5804,60,5,33,2023-07-12,0.68,True
5805,60,14,84,2023-09-21,6.59,True
5806,60,13,,2024-05-24,3.98,True
5807,60,16,91,2026-06-11,7.82,True
5808,60,7,42,2026-01-28,0.72,True
5809,60,19,115,2026-02-05,4.25,True
5810,60,15,90,2024-04-09,1.28,True
5811,60,13,75,2026-05-01,5.37,True
5812,60,14,85,2025-09-01,0.58,True
5813,60,3,17,2026-03-23,4.91,True
5814,60,28,167,2024-12-27,3.33,True
5815,60,1,7,2023-12-01,5.58,True
5816,60,6,37,2026-01-20,7.95,True
5817,60,15,87,2025-01-07,7.23,True
5818,60,7,43,2025-08-11,7.38,True
5819,60,24,147,2023-10-31,1.87,True
5820,60,22,134,2025-11-11,5.77,True
5821,60,14,83,2026-03-02,5.27,True
5822,60,21,,2026-04-17,5.94,True
5823,60,23,142,2024-06-19,7.42,True
5824,60,11,65,2025-12-15,1.3,True
5825,60,1,1,2025-05-14,6.4,True
5826,60,18,104,2024-10-24,5.24,True
5827,60,23,,2024-06-07,7.8,True
5828,60,9,54,2025-01-15,7.74,True
5829,60,7,43,2024-05-21,3.87,True
5830,60,2,15,2025-10-14,3.76,True
5831,60,10,58,2026-06-01,2.56,False
5832,60,15,90,2025-08-29,1.54,True
5833,60,23,143,2025-04-09,6.82,True
5834,60,5,34,2025-03-07,1.62,True
5835,60,20,122,2023-08-18,1.24,False
5836,60,9,54,2024-05-31,3.79,False
5837,60,8,49,2026-06-11,2.14,True
5838,60,5,35,2024-04-08,1.66,True
5839,60,6,40,2023-12-25,0.95,True
5840,60,18,106,2026-03-31,5.39,True
5841,60,14,82,2025-07-18,0.53,True
5842,60,14,84,2023-09-13,4.89,True
5843,60,10,55,2023-12-19,0.55,True
5844,60,14,86,2025-04-22,2.82,False
5845,60,30,175,2023-10-20,1.22,False
5846,60,28,171,2024-05-16,6.53,True
5847,60,21,128,2025-05-27,5.49,True
5848,60,17,100,2024-08-08,0.92,False
5849,60,2,8,2026-06-24,5.59,True
5850,60,30,,2024-02-27,6.6,True
5851,60,22,134,2024-04-26,3.18,False
5852,60,14,83,2024-11-14,2.83,True
5853,60,5,34,2023-11-02,6.86,False
5854,60,3,,2025-10-20,0.61,True
5855,60,23,142,2026-04-16,3.08,True
5856,60,29,173,2024-07-18,0.95,True
5857,60,22,136,2024-05-31,7.72,False
5858,60,24,145,2024-10-10,0.87,False
5859,60,13,77,2024-10-16,0.65,True
5860,60,21,128,2026-04-09,3.93,True
5861,60,21,129,2024-10-09,6.32,False
5862,60,19,116,2026-01-21,4.44,False
5863,60,30,177,2023-10-19,2.71,False
5864,60,16,92,2024-12-18,5.27,False
5865,60,24,148,2026-03-11,1.63,False
5866,60,24,145,2025-02-25,1.27,False
5867,60,14,86,2023-11-30,0.66,True
5868,60,15,89,2024-06-20,5.1,True
5869,60,19,117,2024-12-13,1.48,True
5870,60,5,34,2026-02-17,7.77,True
5871,60,21,127,2025-07-10,6.25,False
5872,60,24,146,2025-06-18,7.19,True
5873,60,4,24,2025-02-07,2.03,True
5874,60,2,15,2023-08-24,4.36,True
5875,60,19,115,2024-10-31,2.92,True
5876,60,24,146,2025-04-28,5.15,True
5877,60,5,30,2024-01-23,6.46,True
5878,60,10,55,2026-05-12,1.09,True
5879,60,25,155,2026-04-30,4.88,False
5880,60,21,126,2026-03-25,0.94,False
5881,60,15,,2025-07-29,7.6,True
5882,60,21,128,2025-08-27,5.52,True
5883,60,5,36,2024-05-09,0.52,False
5884,60,20,121,2026-04-01,0.8,True
5885,60,20,122,2026-04-09,5.48,True
5886,60,13,74,2026-05-29,2.75,True
5887,60,4,24,2026-05-04,7.36,True
5888,60,4,26,2024-01-31,2.87,True
5889,61,11,66,2025-12-31,6.89,True
5890,61,24,144,2025-07-09,5.32,True
5891,61,7,42,2025-12-30,4.81,False
5892,61,3,17,2025-03-03,6.63,True
5893,61,13,79,2024-01-11,6.95,True
5894,61,21,,2024-02-16,6.52,False
5895,61,26,,2026-04-17,4.46,True
5896,61,20,121,2026-06-03,5.53,False
5897,61,29,172,2025-06-18,1.4,True
5898,61,11,62,2025-11-10,1.95,True
5899,61,27,164,2024-08-30,1.78,True
5900,61,21,128,2026-04-15,2.65,False
5901,61,13,75,2025-09-17,7.33,True
5902,61,16,91,2023-12-05,6.1,True
5903,61,22,135,2026-04-03,1.5,True
5904,61,15,88,2024-01-15,2.83,True
5905,61,9,52,2024-02-21,4.95,True
5906,61,22,137,2024-06-25,5.25,True
5907,61,15,87,2025-06-26,3.88,False
5908,61,22,136,2023-07-12,5.35,True
5909,61,3,16,2023-09-01,7.53,True
5910,61,18,105,2023-08-08,4.08,True
5911,61,14,81,2025-10-13,6.55,True
5912,61,22,134,2024-01-05,5.9,True
5913,61,9,50,2023-12-14,0.51,True
5914,61,21,133,2025-08-14,5.71,True
5915,61,24,145,2024-04-11,4.91,True
5916,61,11,64,2024-11-06,2.33,True
5917,61,10,58,2024-07-15,1.38,True
5918,61,21,,2025-11-03,6.78,False
5919,61,27,163,2024-09-23,6.77,False
5920,61,18,110,2026-06-16,1.03,False
5921,61,30,178,2024-02-14,3.14,True
5922,61,4,21,2025-12-01,3.49,True
5923,61,2,15,2023-10-27,2.99,True
5924,61,4,28,2025-12-24,5.07,True
5925,61,4,25,2025-10-22,3.82,True
5926,61,20,119,2026-01-30,2.53,True
5927,61,3,17,2026-05-13,2.14,True
5928,61,25,155,2025-03-28,5.84,True
5929,61,19,113,2024-12-06,6.33,True
5930,61,20,123,2025-09-10,4.53,True
5931,61,6,39,2026-04-24,1.91,True
5932,61,1,1,2025-12-18,0.99,True
5933,61,16,95,2025-06-26,0.62,False
5934,61,7,42,2025-08-26,3.89,True
5935,61,22,,2025-05-01,3.36,False
5936,61,18,105,2025-02-21,6.14,True
5937,61,20,125,2024-02-29,5.31,True
5938,61,14,81,2025-01-21,5.53,True
5939,61,26,156,2025-08-04,7.3,True
5940,61,26,156,2025-07-16,1.3,True
5941,61,23,142,2023-08-17,0.7,False
5942,61,20,,2025-12-02,6.0,True
5943,61,9,,2025-06-10,5.62,True
5944,61,20,120,2026-04-08,4.7,False
5945,61,28,166,2024-05-24,3.76,False
5946,61,20,,2026-04-21,6.83,True
5947,61,22,,2025-11-12,6.7,True
5948,61,28,,2025-11-20,7.03,True
5949,61,4,28,2024-05-07,6.76,True
5950,61,24,146,2024-05-10,2.6,True
5951,61,9,53,2026-03-19,5.84,True
5952,61,23,141,2024-06-26,2.64,True
5953,61,8,,2023-12-19,3.24,True
5954,61,17,97,2026-01-02,3.11,True
5955,61,14,82,2025-03-27,5.08,True
5956,61,20,119,2023-07-21,1.52,False
5957,61,5,36,2026-02-24,0.91,True
5958,61,10,56,2025-11-12,4.3,True
5959,61,3,16,2024-02-26,1.41,True
5960,61,22,134,2024-09-04,5.17,False
5961,61,12,70,2024-05-17,7.29,True
5962,61,20,119,2026-02-02,2.9,True
5963,61,26,159,2025-04-28,7.57,True
5964,61,1,2,2025-08-04,0.64,True
5965,61,9,52,2025-04-28,5.9,True
5966,61,29,174,2024-06-14,5.1,True
5967,61,16,95,2024-05-22,4.4,True
5968,61,24,147,2024-07-03,4.82,False
5969,61,29,174,2025-07-09,7.02,False
5970,61,2,10,2024-04-04,3.64,False
5971,61,30,175,2025-10-15,7.95,True
5972,61,7,44,2026-01-06,6.1,False
5973,61,7,42,2025-02-04,7.53,True
5974,61,23,139,2026-03-25,1.17,False
5975,61,19,118,2023-07-17,4.44,False
5976,61,23,140,2024-11-20,4.29,True
5977,61,19,112,2024-06-25,5.78,True
5978,61,26,159,2025-07-14,6.84,False
5979,61,16,94,2025-01-03,6.55,True
5980,61,4,21,2026-01-02,1.06,True
5981,61,13,,2025-12-02,4.78,False
5982,61,7,43,2025-05-27,1.06,False
5983,61,22,135,2026-05-28,5.9,True
5984,61,16,96,2026-04-10,6.46,True
5985,61,2,11,2023-07-26,3.2,True
5986,61,21,132,2024-06-25,2.87,True
5987,61,19,115,2023-11-28,1.55,True
5988,61,18,103,2026-05-19,6.2,True
5989,61,13,74,2024-01-04,7.13,True
5990,61,4,23,2024-08-22,5.78,True
5991,61,25,155,2023-08-30,4.31,True
5992,61,18,107,2024-12-16,6.37,True
5993,61,27,163,2026-04-08,7.95,False
5994,61,23,143,2026-04-28,0.91,True
5995,61,17,102,2024-11-04,0.85,True
5996,61,16,94,2025-05-05,7.69,True
5997,62,23,139,2024-02-26,4.66,True
5998,62,2,,2026-06-11,6.86,True
5999,62,15,87,2024-10-10,1.29,True
6000,62,13,80,2025-03-25,3.41,True
6001,62,5,30,2024-03-29,1.04,True
6002,62,6,38,2026-04-07,6.92,True
6003,62,13,80,2024-06-07,7.08,True
6004,62,29,172,2025-06-04,2.19,False
6005,62,1,7,2023-11-20,3.95,True
6006,62,6,37,2024-10-04,3.48,True
6007,62,5,29,2023-12-01,2.11,True
6008,62,27,163,2026-04-10,1.57,True
6009,62,2,12,2025-07-16,0.86,True
6010,62,18,,2024-08-23,5.67,False
6011,62,1,4,2024-07-18,3.66,True
6012,62,3,,2025-01-08,3.33,True
6013,62,22,,2025-05-23,1.25,True
6014,62,5,,2025-09-18,3.82,True
6015,62,28,167,2025-02-20,7.82,True
6016,62,3,17,2025-05-23,4.75,True
6017,62,14,82,2023-10-11,2.17,True
6018,62,22,136,2026-03-11,2.58,True
6019,62,4,21,2023-07-24,0.71,True
6020,62,4,27,2026-03-26,3.2,True
6021,62,10,56,2024-03-05,2.51,True
6022,62,27,161,2024-12-05,6.26,False
6023,62,12,71,2026-05-12,5.87,True
6024,62,21,127,2026-04-24,1.29,True
6025,62,20,,2024-09-10,1.77,True
6026,62,13,74,2026-03-23,6.24,True
6027,62,27,163,2025-06-25,6.52,True
6028,62,4,23,2024-04-23,5.55,False
6029,62,26,156,2024-04-17,7.16,True
6030,62,18,104,2023-08-31,6.71,True
6031,62,22,136,2026-03-26,3.32,True
6032,62,4,28,2025-02-25,3.03,True
6033,62,10,57,2025-06-27,0.61,True
6034,62,2,,2023-08-07,7.85,True
6035,62,14,83,2024-04-02,6.59,True
6036,62,2,8,2026-06-01,7.55,True
6037,62,23,140,2025-12-22,0.81,False
6038,62,14,,2025-02-25,1.34,True
6039,62,14,,2024-06-20,3.22,True
6040,62,4,28,2023-09-13,3.13,True
6041,62,18,104,2025-12-29,1.91,True
6042,62,1,7,2024-05-31,6.51,True
6043,62,22,137,2024-02-09,1.52,True
6044,62,9,52,2025-08-22,1.77,False
6045,62,18,108,2023-10-27,6.09,True
6046,62,28,168,2024-11-19,6.46,False
6047,62,15,88,2026-05-19,3.74,True
6048,62,17,99,2024-02-05,2.38,True
6049,62,28,171,2025-05-14,1.56,True
6050,62,30,179,2025-10-16,3.03,True
6051,62,18,104,2026-06-18,0.76,True
6052,62,17,101,2023-09-26,6.88,True
6053,62,29,,2024-10-03,6.59,True
6054,62,29,172,2024-01-31,6.03,True
6055,62,20,122,2025-02-20,7.79,False
6056,62,28,166,2025-03-25,2.35,True
6057,62,14,85,2025-03-17,2.34,False
6058,62,30,177,2025-10-24,4.22,True
6059,62,20,123,2024-05-30,4.72,True
6060,62,7,43,2024-10-10,4.17,True
6061,62,22,134,2023-09-21,2.95,True
6062,62,11,63,2024-12-25,0.97,True
6063,62,13,76,2024-05-03,7.62,False
6064,62,16,92,2024-12-30,1.9,True
6065,62,24,146,2024-09-13,3.97,True
6066,62,3,16,2026-06-11,7.96,True
6067,62,3,19,2024-03-01,6.54,True
6068,62,5,30,2024-02-08,6.05,True
6069,62,13,75,2023-08-21,3.84,True
6070,62,18,106,2025-06-04,2.84,True
6071,62,11,68,2025-03-17,3.89,False
6072,62,7,,2024-01-17,6.34,True
6073,62,11,68,2025-10-02,2.24,True
6074,62,1,,2026-06-05,7.16,True
6075,62,18,110,2026-05-04,6.02,False
6076,62,13,79,2023-07-21,4.39,False
6077,62,17,97,2024-03-22,2.61,False
6078,62,26,157,2025-12-02,0.99,True
6079,62,23,142,2026-01-22,2.13,False
6080,62,23,,2023-12-22,1.92,False
6081,62,24,146,2025-05-26,0.55,True
6082,62,9,50,2025-09-30,2.65,True
6083,62,19,118,2024-08-08,4.71,False
6084,62,18,106,2024-10-21,7.44,True
6085,62,5,31,2026-03-25,6.57,False
6086,62,12,72,2024-11-22,0.76,True
6087,62,7,42,2025-10-13,0.89,True
6088,62,17,102,2026-02-24,6.19,True
6089,62,1,4,2025-03-26,4.98,True
6090,62,23,,2023-12-28,3.63,True
6091,62,6,38,2025-12-26,5.07,True
6092,62,21,129,2023-10-27,6.33,False
6093,62,2,12,2026-05-13,3.61,False
6094,63,13,74,2025-03-11,5.78,True
6095,63,10,61,2024-07-11,0.78,True
6096,63,10,58,2024-09-05,2.11,True
6097,63,21,132,2024-01-12,4.1,True
6098,63,26,159,2026-03-19,7.77,True
6099,63,14,82,2025-07-01,5.3,True
6100,63,14,85,2023-11-30,3.7,False
6101,63,19,114,2025-12-19,3.53,True
6102,63,25,,2026-06-25,2.54,True
6103,63,16,96,2026-06-02,7.17,True
6104,63,5,33,2025-07-16,4.29,True
6105,63,7,43,2023-11-06,2.62,True
6106,63,27,163,2023-12-27,1.67,False
6107,63,26,158,2024-01-15,7.35,False
6108,63,24,,2024-12-13,3.79,True
6109,63,8,49,2023-10-24,2.78,True
6110,63,17,99,2025-06-05,6.94,True
6111,63,14,81,2026-03-26,7.38,True
6112,63,16,96,2026-06-15,2.05,False
6113,63,22,,2024-05-09,5.17,True
6114,63,22,136,2025-04-08,1.86,False
6115,63,3,19,2025-09-24,3.86,True
6116,63,16,94,2024-10-29,5.26,True
6117,63,1,6,2026-06-01,5.52,False
6118,63,11,66,2024-04-15,0.88,True
6119,63,25,,2026-01-21,7.46,False
6120,63,14,86,2024-01-05,5.45,True
6121,63,3,19,2023-10-03,6.53,True
6122,63,10,58,2026-03-27,5.77,True
6123,63,3,17,2025-10-22,7.0,False
6124,63,11,67,2025-02-10,3.45,True
6125,63,18,105,2025-12-24,0.66,True
6126,63,20,122,2025-11-18,3.33,True
6127,63,7,42,2025-05-09,4.45,True
6128,63,4,27,2024-04-25,7.31,False
6129,63,28,166,2024-07-24,1.69,True
6130,63,20,119,2025-04-09,2.71,False
6131,63,27,164,2023-10-23,7.4,True
6132,63,11,69,2024-05-16,7.54,True
6133,63,21,132,2025-08-04,3.85,True
6134,63,7,42,2025-09-18,1.32,False
6135,63,16,94,2026-05-14,5.05,False
6136,63,24,146,2025-10-14,4.1,True
6137,63,19,116,2025-06-24,6.35,True
6138,63,4,21,2025-05-09,3.01,True
6139,63,30,179,2025-03-12,7.27,True
6140,63,30,176,2025-10-02,6.8,True
6141,63,19,112,2024-12-16,5.56,True
6142,63,27,164,2025-10-30,5.02,True
6143,63,25,154,2024-12-09,4.74,True
6144,63,10,60,2024-12-24,2.93,True
6145,63,24,146,2023-12-08,5.65,False
6146,63,9,51,2026-03-17,0.9,True
6147,63,10,60,2024-06-25,4.1,True
6148,63,27,164,2026-04-21,2.58,True
6149,63,11,65,2024-05-01,7.49,True
6150,63,1,5,2024-07-31,7.86,False
6151,63,16,96,2026-04-09,3.19,True
6152,63,11,69,2026-04-27,5.69,True
6153,63,22,135,2024-02-26,6.22,True
6154,63,16,,2025-11-24,1.86,True
6155,63,15,90,2024-01-12,3.53,True
6156,63,26,157,2023-09-12,7.54,True
6157,63,26,158,2025-12-31,2.77,True
6158,63,13,77,2026-05-14,3.89,False
6159,63,27,164,2025-07-11,2.65,True
6160,63,21,128,2023-11-29,7.29,True
6161,63,28,167,2025-01-24,7.38,True
6162,63,27,,2025-01-07,6.94,True
6163,63,20,119,2023-11-08,7.46,True
6164,63,29,172,2025-05-30,1.5,True
6165,63,21,130,2024-06-14,3.97,True
6166,63,28,,2024-08-13,4.1,False
6167,63,26,157,2025-06-25,3.77,False
6168,63,10,55,2024-02-29,4.64,True
6169,63,11,68,2024-02-09,3.61,False
6170,63,22,136,2023-12-08,5.99,True
6171,63,3,19,2025-01-06,5.51,True
6172,63,21,131,2025-09-01,2.61,True
6173,63,5,29,2024-11-15,6.21,True
6174,63,14,86,2023-12-06,1.07,True
6175,63,23,142,2024-04-12,7.19,True
6176,63,27,161,2025-07-17,7.07,True
6177,63,27,164,2025-03-25,7.77,True
6178,63,11,65,2025-01-29,6.31,True
6179,63,1,5,2024-05-31,5.52,True
6180,63,14,81,2024-05-16,0.95,True
6181,63,4,26,2026-03-09,2.14,True
6182,63,11,62,2024-12-09,1.39,True
6183,63,13,77,2025-02-27,7.19,False
6184,63,9,50,2024-07-24,6.35,True
6185,63,7,43,2023-11-27,7.67,True
6186,63,8,,2025-07-22,5.63,True
6187,63,28,,2025-02-28,5.26,False
6188,63,7,44,2024-07-12,7.1,True
6189,63,23,143,2025-10-13,6.64,False
6190,63,10,57,2025-10-17,6.47,True
6191,63,15,88,2024-12-03,4.96,True
6192,63,17,101,2023-09-21,5.59,True
6193,64,16,95,2025-03-17,5.03,True
6194,64,1,1,2026-02-06,5.02,True
6195,64,12,72,2026-06-08,4.42,True
6196,64,26,156,2025-10-16,6.15,True
6197,64,24,147,2024-07-15,7.22,False
6198,64,17,99,2024-09-04,6.46,True
6199,64,2,8,2025-11-21,3.06,False
6200,64,30,177,2025-08-25,6.45,True
6201,64,2,12,2025-02-10,4.86,True
6202,64,27,164,2025-03-26,4.1,True
6203,64,20,120,2025-05-13,5.22,True
6204,64,29,172,2026-06-10,4.08,True
6205,64,19,111,2024-11-12,1.01,True
6206,64,20,124,2024-09-23,6.01,True
6207,64,3,19,2025-09-10,5.47,True
6208,64,3,19,2026-06-23,4.8,True
6209,64,15,89,2024-11-27,7.91,True
6210,64,18,106,2024-07-23,5.39,True
6211,64,13,,2025-12-31,2.16,True
6212,64,6,37,2024-09-10,6.79,True
6213,64,23,139,2024-08-19,4.62,True
6214,64,10,61,2026-05-22,2.26,True
6215,64,5,33,2025-08-07,6.78,True
6216,64,9,50,2025-08-05,0.86,True
6217,64,14,86,2025-03-11,4.19,True
6218,64,18,105,2024-09-24,2.42,True
6219,64,2,,2024-12-23,6.55,True
6220,64,21,,2024-09-12,6.01,False
6221,64,15,88,2025-02-27,3.49,True
6222,64,24,148,2025-04-24,6.26,False
6223,64,27,165,2025-11-18,4.47,True
6224,64,28,167,2025-02-19,6.28,True
6225,64,9,50,2025-04-08,5.09,True
6226,64,1,7,2024-08-14,0.52,True
6227,64,15,90,2025-05-05,6.42,True
6228,64,14,82,2025-06-26,1.11,True
6229,64,27,165,2025-02-04,0.9,False
6230,64,12,70,2025-11-10,6.51,True
6231,64,18,103,2025-04-02,4.65,False
6232,64,27,165,2024-07-25,4.51,True
6233,64,23,143,2024-09-30,1.3,False
6234,64,17,,2025-05-19,5.77,True
6235,64,13,80,2025-11-19,1.45,True
6236,64,15,90,2025-12-22,1.29,True
6237,64,29,,2026-05-18,7.04,False
6238,64,29,172,2025-07-23,1.47,True
6239,64,30,176,2026-05-12,3.89,True
6240,64,15,90,2026-01-09,3.58,True
6241,64,9,52,2024-10-23,2.68,False
6242,64,12,71,2025-09-22,4.62,True
6243,64,6,40,2025-08-04,4.54,False
6244,64,22,136,2024-10-10,3.41,False
6245,64,2,10,2026-05-27,5.38,True
6246,64,24,144,2025-04-09,5.57,True
6247,64,20,124,2024-09-13,5.59,False
6248,64,13,76,2024-12-03,2.18,True
6249,64,23,138,2026-06-30,1.19,True
6250,64,21,131,2026-06-15,5.64,False
6251,64,8,49,2025-05-06,1.19,True
6252,64,25,155,2026-06-11,7.79,False
6253,64,1,5,2025-12-15,1.15,True
6254,64,24,144,2026-05-20,6.71,False
6255,64,2,9,2026-04-27,4.41,True
6256,64,7,44,2025-02-06,3.56,True
6257,64,10,57,2026-06-30,2.45,True
6258,64,15,87,2026-01-12,4.18,True
6259,64,1,3,2025-12-05,2.76,True
6260,64,7,44,2025-03-10,5.97,True
6261,64,19,112,2025-09-15,5.54,True
6262,64,19,,2025-05-27,3.11,True
6263,64,5,36,2025-11-12,7.29,True
6264,64,4,28,2025-08-18,7.87,True
6265,64,1,1,2026-04-10,3.82,False
6266,64,13,79,2025-12-22,6.49,False
6267,64,4,23,2024-09-18,4.07,True
6268,64,4,23,2026-04-17,4.65,True
6269,64,21,131,2024-07-19,5.19,True
6270,64,29,174,2025-06-17,5.82,False
6271,64,15,87,2025-02-28,4.59,True
6272,64,6,37,2025-12-01,4.52,True
6273,64,12,72,2025-01-08,5.28,False
6274,64,5,34,2024-11-18,2.65,False
6275,64,25,151,2025-08-12,7.04,True
6276,64,4,26,2025-05-26,3.56,False
6277,64,4,22,2024-08-14,5.41,True
6278,64,25,152,2026-02-13,5.31,True
6279,64,3,20,2025-12-12,6.65,True
6280,64,18,103,2026-06-02,1.24,True
6281,64,3,19,2025-11-25,5.73,False
6282,64,13,78,2025-01-27,6.71,True
6283,64,27,165,2025-10-16,2.61,True
6284,64,30,175,2026-01-01,0.51,True
6285,64,2,11,2025-10-30,3.66,True
6286,64,15,87,2024-12-31,2.29,False
6287,64,1,3,2026-02-25,4.58,True
6288,64,4,21,2024-07-19,5.74,True
6289,64,11,69,2026-01-13,1.65,False
6290,64,28,169,2026-04-17,1.7,True
6291,64,28,166,2025-01-23,0.58,True
6292,64,28,169,2026-02-16,6.03,False
6293,64,13,79,2024-12-30,1.35,True
6294,64,12,72,2024-09-19,7.82,False
6295,64,2,10,2025-10-20,6.0,True
6296,64,6,41,2025-05-23,6.87,False
6297,64,22,135,2025-06-17,4.53,False
6298,64,10,60,2025-08-15,2.0,True
6299,64,5,32,2025-03-14,3.2,False
6300,65,3,16,2025-06-17,2.91,False
6301,65,16,91,2024-05-02,4.9,True
6302,65,24,149,2023-10-25,7.86,False
6303,65,3,20,2025-05-02,5.2,True
6304,65,2,9,2025-01-13,2.96,True
6305,65,18,,2023-11-23,4.72,True
6306,65,18,107,2024-12-09,0.82,True
6307,65,13,73,2026-04-06,5.43,False
6308,65,27,,2023-08-16,3.17,False
6309,65,3,19,2025-02-04,6.98,False
6310,65,22,136,2025-12-31,2.91,True
6311,65,30,177,2025-06-04,7.96,False
6312,65,25,154,2026-04-20,0.68,True
6313,65,9,54,2023-07-28,0.51,True
6314,65,21,128,2024-09-05,3.35,True
6315,65,23,142,2025-02-04,6.39,True
6316,65,1,3,2024-02-23,4.79,True
6317,65,23,141,2023-10-12,5.16,True
6318,65,13,73,2026-06-23,2.09,True
6319,65,22,134,2024-01-10,6.94,True
6320,65,9,52,2023-12-12,4.29,False
6321,65,6,39,2026-03-03,7.07,True
6322,65,7,43,2024-07-18,7.48,False
6323,65,13,80,2025-07-07,5.96,True
6324,65,11,67,2025-08-25,7.08,True
6325,65,24,150,2025-08-26,2.51,False
6326,65,10,59,2026-02-23,1.34,True
6327,65,2,13,2024-12-16,3.54,True
6328,65,20,120,2024-12-25,5.27,False
6329,65,10,55,2025-02-07,6.64,True
6330,65,10,57,2025-08-28,2.09,True
6331,65,2,13,2024-02-02,6.9,True
6332,65,19,112,2024-08-09,4.51,True
6333,65,28,170,2025-06-13,2.94,True
6334,65,6,37,2024-07-26,2.35,False
6335,65,1,6,2025-08-11,3.81,False
6336,65,10,56,2025-08-15,0.89,True
6337,65,9,53,2025-01-06,4.03,False
6338,65,7,43,2026-03-09,3.43,False
6339,65,18,109,2023-12-14,3.43,True
6340,65,23,143,2026-03-11,6.54,True
6341,65,24,149,2023-10-23,4.55,True
6342,65,26,158,2024-05-28,5.94,False
6343,65,28,171,2023-11-10,1.51,True
6344,65,12,71,2025-03-04,0.97,False
6345,65,26,158,2025-05-19,5.16,True
6346,65,15,89,2025-08-05,4.74,False
6347,65,21,127,2024-10-08,0.76,True
6348,65,23,140,2025-03-20,1.32,True
6349,65,25,153,2025-05-02,4.87,True
6350,65,6,41,2023-10-23,7.73,True
6351,65,12,71,2023-12-06,7.38,False
6352,65,6,40,2025-01-03,6.29,True
6353,65,30,179,2024-03-14,4.36,True
6354,65,21,126,2024-03-22,4.43,True
6355,65,13,,2026-03-19,3.41,False
6356,65,9,52,2025-10-28,0.52,True
6357,65,29,172,2024-11-15,5.93,True
6358,65,3,17,2026-04-10,0.78,True
6359,65,5,,2023-12-28,2.52,True
6360,65,24,146,2024-01-12,4.06,True
6361,65,22,136,2023-09-28,2.47,True
6362,65,22,136,2024-06-12,3.41,True
6363,65,25,152,2025-05-14,2.65,True
6364,65,29,172,2025-04-15,7.46,False
6365,65,26,157,2023-10-02,6.23,False
6366,65,9,54,2024-04-02,4.05,False
6367,65,16,,2025-08-05,3.64,False
6368,65,12,72,2025-07-29,4.93,True
6369,65,25,153,2024-09-02,5.09,False
6370,65,10,58,2023-09-25,0.83,True
6371,65,30,178,2024-03-14,3.55,True
6372,65,19,111,2025-03-14,2.39,False
6373,65,26,158,2025-10-22,5.6,True
6374,65,26,156,2025-09-22,2.92,False
6375,65,28,171,2024-03-29,1.73,True
6376,65,1,,2024-11-01,5.68,True
6377,65,28,,2025-11-26,6.89,True
6378,65,28,167,2025-08-20,6.19,True
6379,65,7,43,2024-03-04,2.52,True
6380,65,5,31,2024-06-14,2.65,True
6381,65,8,45,2023-07-31,0.7,True
6382,65,9,52,2023-11-03,5.31,False
6383,65,11,64,2025-04-21,7.8,True
6384,65,29,174,2025-01-13,3.56,True
6385,65,19,114,2025-08-08,1.02,True
6386,65,18,110,2023-09-20,4.98,True
6387,65,5,32,2024-03-06,5.91,True
6388,65,16,92,2025-11-10,1.02,True
6389,65,30,178,2024-07-18,4.91,True
6390,65,26,159,2026-01-08,6.99,True
6391,65,24,149,2025-03-07,1.96,True
6392,65,3,17,2024-05-23,1.74,False
6393,65,17,98,2026-06-04,5.91,True
6394,65,17,99,2024-06-26,5.91,True
6395,65,20,122,2024-04-22,4.14,True
6396,65,19,115,2023-09-25,7.08,True
6397,65,11,64,2024-05-13,2.39,True
6398,65,15,88,2024-10-07,7.29,True
6399,65,12,,2025-10-27,7.32,True
6400,65,20,120,2026-01-26,2.59,True
6401,65,7,44,2024-10-22,2.05,True
6402,65,17,101,2025-07-17,6.41,True
6403,65,29,174,2023-08-14,3.05,False
6404,65,19,115,2025-05-27,4.71,True
6405,65,12,71,2024-03-21,2.19,True
6406,65,1,7,2023-11-21,4.68,True
6407,66,22,137,2025-06-16,1.76,True
6408,66,9,52,2025-08-18,7.02,True
6409,66,21,128,2024-04-11,3.94,False
6410,66,30,176,2025-05-12,6.64,True
6411,66,12,72,2024-12-23,7.19,True
6412,66,4,21,2025-07-23,3.16,True
6413,66,21,127,2024-04-18,3.67,True
6414,66,14,85,2023-08-23,6.39,False
6415,66,27,160,2025-04-02,4.76,True
6416,66,23,141,2025-04-16,2.53,True
6417,66,8,48,2023-11-15,2.71,True
6418,66,28,,2024-08-29,4.09,True
6419,66,29,173,2024-07-24,6.46,True
6420,66,8,45,2025-07-17,2.31,False
6421,66,3,17,2024-05-30,7.94,True
6422,66,28,168,2025-12-26,2.61,True
6423,66,2,14,2025-02-14,2.61,True
6424,66,21,129,2023-09-14,4.0,True
6425,66,1,1,2023-09-20,5.99,True
6426,66,25,,2025-09-10,5.05,True
6427,66,5,36,2025-03-21,5.87,True
6428,66,1,5,2023-11-20,6.7,True
6429,66,25,154,2024-06-12,5.74,True
6430,66,24,146,2024-06-19,7.99,True
6431,66,10,,2024-12-24,1.14,True
6432,66,15,,2025-01-13,5.64,True
6433,66,1,3,2023-07-20,2.13,True
6434,66,17,101,2025-04-09,0.79,True
6435,66,25,153,2024-02-23,2.5,True
6436,66,13,,2025-06-19,1.4,True
6437,66,30,175,2024-05-15,0.99,False
6438,66,18,104,2025-05-16,1.42,True
6439,66,23,143,2026-02-19,6.85,True
6440,66,4,,2024-02-01,5.35,True
6441,66,11,,2024-12-03,7.65,False
6442,66,4,21,2026-04-13,2.0,False
6443,66,6,40,2024-04-23,2.91,True
6444,66,21,131,2024-06-27,2.75,True
6445,66,17,97,2025-11-24,5.56,True
6446,66,2,,2023-07-31,7.42,True
6447,66,21,129,2023-11-30,6.75,True
6448,66,1,5,2026-04-30,1.36,False
6449,66,28,171,2024-02-12,7.95,True
6450,66,17,99,2023-12-05,3.02,True
6451,66,9,52,2025-05-08,6.66,True
6452,66,27,162,2023-11-06,7.09,True
6453,66,3,17,2024-04-03,5.74,True
6454,66,27,160,2025-11-19,4.2,True
6455,66,15,87,2026-04-06,0.52,True
6456,66,20,124,2025-07-04,1.12,True
6457,66,29,174,2024-01-15,7.95,True
6458,66,6,,2024-07-04,5.54,False
6459,66,13,,2025-09-01,5.32,True
6460,66,24,145,2025-08-20,5.33,False
6461,66,2,14,2025-11-13,6.32,False
6462,66,1,5,2023-08-25,6.07,True
6463,66,21,133,2025-09-08,7.24,True
6464,66,14,,2026-06-17,3.63,False
6465,66,7,44,2025-06-09,0.83,True
6466,66,1,3,2025-06-25,0.65,True
6467,66,22,135,2023-09-27,3.62,True
6468,66,12,,2026-04-30,6.72,True
6469,66,9,50,2025-09-11,0.86,True
6470,66,6,41,2023-09-25,3.8,True
6471,66,4,22,2025-03-27,5.08,True
6472,66,8,45,2026-01-07,3.82,True
6473,66,23,,2024-02-29,6.25,True
6474,66,11,62,2025-01-22,1.91,True
6475,66,27,165,2024-03-27,7.2,True
6476,66,2,8,2024-09-09,3.68,True
6477,66,14,83,2025-09-18,4.04,True
6478,66,7,43,2023-12-01,7.16,True
6479,66,1,2,2023-10-25,3.94,True
6480,66,18,,2023-07-05,1.37,True
6481,66,5,33,2024-01-15,6.6,True
6482,66,20,119,2026-02-05,3.11,True
6483,66,18,108,2024-02-19,7.15,True
6484,66,19,,2025-09-19,2.46,True
6485,66,20,,2024-09-30,6.38,True
6486,66,22,137,2023-12-01,3.76,True
6487,66,5,36,2025-12-26,1.49,True
6488,66,11,62,2024-06-11,5.93,True
6489,66,28,171,2025-03-11,6.89,True
6490,66,24,145,2024-01-03,5.8,True
6491,66,28,170,2024-09-17,6.87,True
6492,66,15,89,2024-07-24,7.08,False
6493,66,3,18,2025-03-13,2.41,True
6494,66,29,174,2023-09-14,5.15,False
6495,66,25,155,2025-03-18,3.82,False
6496,66,4,24,2024-12-04,1.85,True
6497,66,1,5,2024-06-04,5.32,True
6498,66,26,157,2025-02-24,3.5,False
6499,66,3,17,2024-02-14,6.17,True
6500,66,13,79,2023-09-29,1.16,True
6501,66,29,173,2026-05-01,7.14,True
6502,66,22,136,2024-03-22,6.01,False
6503,66,12,72,2024-09-20,4.68,True
6504,66,23,138,2025-03-07,5.91,True
6505,66,1,5,2025-09-25,1.95,False
6506,66,9,54,2025-09-09,7.97,True
6507,66,23,140,2024-10-04,1.87,True
6508,66,29,172,2025-06-05,5.47,True
6509,66,16,,2024-01-30,5.13,False
6510,66,2,11,2024-10-31,7.47,True
6511,66,11,,2026-06-15,1.62,False
6512,66,24,146,2023-12-26,4.31,True
6513,66,21,130,2024-04-22,7.13,True
6514,67,28,167,2026-05-28,3.17,True
6515,67,11,,2026-03-19,1.93,True
6516,67,21,133,2026-02-18,2.13,True
6517,67,17,102,2026-02-05,7.71,True
6518,67,8,49,2026-03-24,1.06,True
6519,67,16,94,2026-01-13,2.45,False
6520,67,1,,2026-06-16,2.41,True
6521,67,27,161,2026-03-20,3.59,True
6522,67,30,178,2026-01-28,3.85,True
6523,67,26,159,2026-04-28,4.09,True
6524,67,29,,2026-01-28,4.49,False
6525,67,14,86,2026-04-16,7.73,True
6526,67,8,48,2026-04-28,3.21,True
6527,67,12,71,2026-06-17,6.69,True
6528,67,25,155,2026-05-22,2.35,True
6529,67,20,120,2026-04-08,5.43,True
6530,67,9,52,2026-03-02,7.14,True
6531,67,13,76,2026-06-01,5.46,False
6532,67,28,166,2026-05-19,5.96,True
6533,67,27,162,2026-02-26,4.34,True
6534,67,24,150,2026-05-08,3.88,False
6535,67,12,72,2026-02-24,2.54,False
6536,67,25,151,2026-01-29,6.67,True
6537,67,2,12,2026-05-13,6.23,True
6538,67,14,84,2026-06-24,5.93,True
6539,67,23,143,2026-06-04,0.85,True
6540,67,26,156,2026-03-26,3.84,True
6541,67,11,63,2026-04-09,1.68,True
6542,67,3,17,2026-01-15,4.77,False
6543,67,13,74,2026-04-14,1.77,True
6544,67,22,137,2026-04-28,7.1,True
6545,67,2,15,2026-01-22,3.44,True
6546,67,21,131,2026-04-23,5.07,True
6547,67,11,62,2026-01-02,6.39,True
6548,67,8,47,2026-01-28,7.97,True
6549,67,28,166,2026-01-12,3.09,True
6550,67,6,37,2026-05-18,1.35,True
6551,67,15,90,2026-04-22,4.04,True
6552,67,22,134,2026-02-18,1.23,False
6553,67,29,173,2026-02-27,4.65,True
6554,67,29,173,2026-03-19,7.91,False
6555,67,12,72,2026-06-30,7.75,False
6556,67,3,,2026-02-06,3.03,True
6557,67,13,74,2026-03-11,4.84,True
6558,67,12,72,2026-06-30,1.44,True
6559,67,6,,2026-03-05,6.51,True
6560,67,26,159,2026-06-02,4.33,True
6561,67,8,48,2026-02-25,3.65,False
6562,67,10,57,2026-06-29,2.82,True
6563,67,29,174,2026-04-09,7.48,True
6564,67,19,111,2026-04-02,6.66,False
6565,67,9,54,2026-03-12,1.6,True
6566,67,5,30,2026-06-02,6.72,True
6567,67,9,52,2026-01-08,3.73,True
6568,67,19,118,2026-01-30,7.06,True
6569,67,30,,2026-05-06,1.63,True
6570,67,17,101,2026-01-06,1.29,False
6571,67,25,153,2026-06-04,3.12,True
6572,67,14,,2026-05-19,7.91,True
6573,67,21,126,2026-02-25,0.79,True
6574,67,28,,2026-03-20,5.62,True
6575,67,28,166,2026-01-16,6.53,False
6576,67,4,25,2026-02-19,7.38,True
6577,67,6,37,2026-01-26,7.33,True
6578,67,3,19,2026-05-28,6.02,True
6579,67,28,,2026-04-03,2.7,True
6580,67,14,86,2026-05-21,1.47,False
6581,67,18,109,2026-01-02,7.26,False
6582,67,29,172,2026-04-13,6.68,True
6583,67,7,43,2025-12-31,5.18,True
6584,67,21,133,2026-02-18,1.45,True
6585,67,19,112,2026-04-01,1.97,True
6586,67,8,47,2026-04-16,6.09,False
6587,67,22,134,2026-03-13,7.96,True
6588,67,9,54,2026-06-24,2.98,True
6589,67,4,24,2026-02-06,5.88,True
6590,67,11,69,2026-06-17,7.65,True
6591,67,3,20,2026-02-17,3.27,True
6592,67,21,,2026-05-07,5.33,True
6593,67,15,89,2026-02-04,1.04,True
6594,67,27,164,2026-04-02,4.48,True
6595,67,26,157,2026-03-20,6.3,False
6596,67,27,163,2026-05-07,6.43,True
6597,67,16,,2026-04-21,4.04,False
6598,67,26,158,2026-05-08,3.16,True
6599,67,3,18,2026-01-01,5.92,True
6600,67,21,130,2025-12-30,2.9,True
6601,67,18,109,2026-01-15,4.21,True
6602,67,24,149,2026-01-30,5.62,True
6603,67,17,97,2026-06-30,4.87,True
6604,67,6,38,2026-06-24,4.79,True
6605,67,27,160,2026-03-06,2.52,False
6606,67,3,16,2026-06-01,1.93,True
6607,67,11,66,2026-01-23,4.22,True
6608,68,17,98,2024-11-25,6.13,True
6609,68,13,75,2025-10-20,6.6,True
6610,68,13,79,2025-03-03,4.37,False
6611,68,28,166,2023-12-05,0.98,True
6612,68,8,45,2024-03-08,3.65,True
6613,68,21,129,2024-07-17,2.16,True
6614,68,26,157,2025-09-03,4.29,True
6615,68,8,48,2024-06-12,1.81,True
6616,68,24,149,2023-10-23,2.85,True
6617,68,6,37,2025-12-09,4.58,True
6618,68,11,69,2024-07-01,1.14,True
6619,68,16,93,2024-03-07,7.65,False
6620,68,12,71,2026-01-29,7.29,True
6621,68,11,66,2025-07-01,5.89,False
6622,68,16,95,2025-03-17,1.56,False
6623,68,19,113,2023-08-16,7.18,True
6624,68,21,128,2025-08-25,2.86,True
6625,68,21,130,2024-04-24,0.75,True
6626,68,27,160,2024-11-12,1.3,True
6627,68,8,,2023-11-01,7.13,True
6628,68,3,16,2024-02-22,1.35,True
6629,68,3,19,2026-03-06,4.27,False
6630,68,22,135,2024-03-29,7.19,False
6631,68,2,15,2025-09-26,5.17,True
6632,68,20,123,2026-01-07,5.72,True
6633,68,22,136,2023-12-07,0.98,True
6634,68,28,169,2025-02-13,5.14,True
6635,68,6,40,2024-07-24,2.13,True
6636,68,21,126,2024-01-11,1.0,False
6637,68,26,156,2025-01-28,1.57,False
6638,68,12,72,2024-09-30,2.27,True
6639,68,8,48,2023-11-30,3.74,True
6640,68,28,171,2026-02-20,2.81,True
6641,68,29,173,2023-09-20,4.16,True
6642,68,17,101,2025-05-07,7.23,False
6643,68,4,28,2024-03-19,2.3,True
6644,68,7,43,2025-07-25,7.52,True
6645,68,7,42,2025-03-11,3.04,True
6646,68,24,145,2025-12-30,1.02,True
6647,68,21,131,2023-08-22,4.39,True
6648,68,21,127,2023-11-16,7.17,False
6649,68,16,96,2025-03-20,2.59,True
6650,68,24,146,2026-05-08,5.02,True
6651,68,10,58,2024-08-23,3.55,True
6652,68,3,19,2025-12-19,5.33,True
6653,68,17,99,2024-03-13,3.97,True
6654,68,27,164,2024-01-31,2.88,True
6655,68,9,52,2025-06-03,5.46,True
6656,68,21,133,2023-11-02,4.07,True
6657,68,2,13,2025-05-21,7.77,True
6658,68,1,,2024-08-05,1.28,False
6659,68,4,23,2025-06-19,4.91,True
6660,68,6,41,2025-07-01,3.36,True
6661,68,11,64,2025-04-29,6.88,True
6662,68,16,95,2025-06-27,3.73,True
6663,68,21,128,2025-01-03,2.12,True
6664,68,17,98,2023-08-18,1.89,True
6665,68,3,,2025-02-19,7.28,True
6666,68,15,89,2024-05-16,5.86,False
6667,68,29,174,2025-01-21,4.35,True
6668,68,20,120,2025-12-16,1.78,True
6669,68,19,113,2024-02-26,6.01,True
6670,68,26,158,2023-07-03,3.67,True
6671,68,7,44,2024-12-23,1.04,False
6672,68,1,7,2024-06-14,0.75,True
6673,68,4,28,2024-07-01,7.18,True
6674,68,11,67,2024-10-22,1.1,True
6675,68,26,157,2024-07-02,0.75,False
6676,68,30,176,2024-06-04,1.58,True
6677,68,16,92,2025-09-22,0.75,True
6678,68,15,87,2024-02-27,1.28,False
6679,68,2,8,2025-09-22,5.4,True
6680,68,9,54,2025-09-25,4.62,True
6681,68,9,51,2025-11-03,1.29,True
6682,68,12,71,2024-03-22,4.0,True
6683,68,22,137,2023-10-23,1.49,False
6684,68,10,55,2025-08-28,5.09,True
6685,68,2,14,2023-11-27,0.88,False
6686,68,28,171,2025-07-21,2.48,True
6687,68,24,,2024-12-25,1.99,True
6688,68,7,42,2024-10-29,7.62,False
6689,68,26,158,2025-07-01,7.04,True
6690,68,19,,2025-10-06,2.9,True
6691,68,16,91,2023-12-05,6.61,True
6692,68,4,23,2026-01-16,1.84,False
6693,68,3,18,2024-04-11,6.22,True
6694,68,18,110,2025-05-07,6.43,True
6695,68,30,178,2025-10-07,3.31,True
6696,68,6,39,2026-06-01,7.24,True
6697,68,28,169,2025-12-03,0.61,True
6698,68,7,44,2025-01-29,0.86,True
6699,68,27,163,2026-05-13,2.14,False
6700,68,4,23,2025-09-04,3.61,True
6701,68,21,126,2026-03-12,4.92,True
6702,68,8,,2023-10-10,1.9,True
6703,68,16,95,2024-05-14,4.7,True
6704,68,8,45,2024-12-24,1.57,True
6705,68,26,159,2024-06-26,4.24,True
6706,68,24,148,2025-01-21,7.06,True
6707,68,6,40,2024-03-14,5.08,True
6708,68,25,154,2026-05-12,2.11,False
6709,69,1,2,2026-05-20,1.14,False
6710,69,27,164,2024-01-31,5.23,True
6711,69,30,,2026-04-22,0.69,False
6712,69,27,164,2026-06-29,4.71,True
6713,69,24,145,2025-01-01,6.33,True
6714,69,5,34,2024-12-12,1.52,True
6715,69,26,159,2024-07-02,1.89,True
6716,69,26,158,2024-10-30,1.6,True
6717,69,4,24,2024-07-15,4.75,False
6718,69,9,50,2025-09-16,3.04,True
6719,69,29,172,2025-11-17,3.7,True
6720,69,24,150,2026-02-05,2.93,True
6721,69,3,16,2026-05-14,1.14,False
6722,69,5,36,2024-05-13,1.95,True
6723,69,19,115,2025-09-26,2.97,True
6724,69,2,11,2025-12-03,4.85,True
6725,69,17,97,2025-08-13,3.94,True
6726,69,14,83,2025-06-27,5.15,False
6727,69,19,,2025-08-15,7.99,True
6728,69,15,88,2024-04-08,1.98,True
6729,69,10,59,2025-06-11,5.65,False
6730,69,8,45,2025-01-01,1.98,True
6731,69,5,30,2025-11-03,1.66,True
6732,69,16,93,2025-01-10,1.61,True
6733,69,28,168,2024-03-25,7.75,True
6734,69,30,178,2024-08-21,1.28,True
6735,69,24,145,2026-02-25,1.26,True
6736,69,7,43,2023-12-27,7.74,True
6737,69,8,,2025-12-17,7.72,True
6738,69,21,132,2024-10-14,7.47,True
6739,69,12,72,2023-12-22,5.76,False
6740,69,29,173,2024-02-06,4.14,True
6741,69,19,113,2023-09-05,3.49,True
6742,69,19,115,2025-05-29,6.29,True
6743,69,6,39,2025-06-09,3.96,True
6744,69,25,155,2023-12-22,3.7,True
6745,69,30,176,2025-11-03,3.04,True
6746,69,30,178,2024-02-13,6.4,True
6747,69,23,141,2023-12-15,3.73,True
6748,69,15,90,2024-10-28,3.37,True
6749,69,26,,2024-02-07,3.9,True
6750,69,25,151,2025-09-02,5.16,True
6751,69,20,120,2023-10-16,2.55,True
6752,69,6,37,2024-02-02,5.34,False
6753,69,18,110,2025-04-03,6.08,False
6754,69,13,80,2024-12-11,0.61,False
6755,69,4,23,2025-07-14,3.08,False
6756,69,15,89,2023-07-03,2.45,False
6757,69,14,86,2024-10-22,4.56,True
6758,69,30,176,2026-02-09,1.44,True
6759,69,11,69,2025-11-03,6.64,True
6760,69,19,115,2024-03-22,3.17,True
6761,69,2,14,2024-08-06,3.57,True
6762,69,6,41,2024-07-16,1.92,False
6763,69,17,99,2024-08-19,7.5,True
6764,69,22,134,2026-02-03,7.12,True
6765,69,8,49,2025-09-10,5.78,True
6766,69,5,33,2024-10-07,4.16,True
6767,69,14,85,2026-04-14,1.23,True
6768,69,4,27,2025-07-29,6.96,False
6769,69,11,67,2025-06-10,7.83,True
6770,69,30,175,2025-11-17,5.49,True
6771,69,23,138,2025-12-31,4.85,True
6772,69,25,152,2023-12-22,2.84,True
6773,69,9,50,2025-09-30,3.97,True
6774,69,10,59,2025-07-08,4.21,True
6775,69,1,3,2024-05-21,6.08,True
6776,69,21,126,2024-08-15,3.26,False
6777,69,14,82,2023-10-11,7.74,False
6778,69,22,137,2025-04-17,1.08,True
6779,69,19,,2025-06-24,6.25,False
6780,69,4,25,2023-08-17,4.16,False
6781,69,12,71,2024-02-28,5.84,True
6782,69,2,10,2024-04-10,0.89,True
6783,69,11,,2024-09-04,5.14,True
6784,69,19,111,2023-11-09,6.37,True
6785,69,15,90,2024-06-26,5.13,True
6786,69,9,53,2025-06-06,4.1,False
6787,69,11,66,2025-01-31,1.52,True
6788,69,7,42,2025-03-21,7.13,False
6789,69,11,,2023-09-25,2.05,True
6790,69,7,44,2024-04-08,2.71,True
6791,69,4,21,2025-10-08,5.46,False
6792,69,28,166,2026-03-20,5.62,True
6793,69,21,129,2025-02-03,5.89,True
6794,69,30,175,2026-01-15,1.33,True
6795,69,5,30,2026-06-23,1.7,False
6796,69,22,,2025-12-05,5.49,True
6797,69,15,87,2023-12-21,5.46,False
6798,69,30,179,2024-11-05,7.15,False
6799,69,26,158,2026-01-07,5.06,True
6800,69,22,,2023-11-20,5.04,True
6801,69,17,101,2025-09-11,1.72,False
6802,69,2,15,2025-06-06,5.17,True
6803,69,1,5,2023-08-18,5.41,True
6804,69,12,70,2026-06-02,7.21,True
6805,69,1,6,2026-03-11,2.2,True
6806,69,17,100,2025-04-16,6.65,False
6807,69,23,141,2025-09-09,4.41,True
6808,69,6,41,2025-07-11,4.61,True
6809,69,24,144,2023-07-04,5.6,True
6810,69,21,131,2025-03-27,2.77,True
6811,69,28,170,2024-04-15,0.53,True
6812,69,12,72,2026-02-09,0.6,True
6813,69,5,36,2026-01-20,2.96,True
6814,69,5,33,2026-06-19,2.31,True
6815,69,4,24,2026-03-23,1.48,False
6816,69,2,15,2024-06-17,4.97,False
6817,69,15,89,2024-02-20,1.67,True
6818,69,2,15,2025-11-20,6.28,False
6819,69,24,149,2023-08-17,6.48,True
6820,69,4,27,2025-12-11,6.77,True
6821,70,6,38,2026-05-18,2.64,True
6822,70,19,116,2026-05-27,1.83,True
6823,70,12,71,2026-05-06,1.7,True
6824,70,6,39,2026-06-01,0.75,False
6825,70,19,115,2026-03-26,6.13,True
6826,70,28,169,2026-06-22,4.67,True
6827,70,27,163,2026-04-23,6.27,True
6828,70,14,84,2026-05-11,3.63,True
6829,70,22,137,2026-05-18,5.92,True
6830,70,18,108,2026-03-23,3.47,True
6831,70,25,153,2026-04-29,1.0,True
6832,70,21,,2026-06-03,1.53,False
6833,70,11,69,2026-03-17,2.83,True
6834,70,9,54,2026-05-19,5.13,True
6835,70,24,150,2026-06-24,2.75,True
6836,70,27,,2026-06-05,3.42,True
6837,70,26,157,2026-05-20,3.28,True
6838,70,4,28,2026-04-28,0.5,False
6839,70,21,128,2026-04-09,3.01,True
6840,70,25,152,2026-05-27,0.59,True
6841,70,27,161,2026-05-19,3.34,True
6842,70,24,,2026-04-23,4.34,True
6843,70,22,,2026-06-11,4.98,True
6844,70,12,72,2026-06-01,2.3,False
6845,70,11,65,2026-04-28,4.25,True
6846,70,19,112,2026-05-11,4.93,True
6847,70,20,120,2026-04-03,4.63,True
6848,70,22,135,2026-03-17,4.79,True
6849,70,18,,2026-06-10,2.76,True
6850,70,8,45,2026-03-27,2.65,True
6851,70,8,45,2026-05-28,4.57,True
6852,70,30,177,2026-06-10,0.52,True
6853,70,28,171,2026-05-13,7.25,False
6854,70,2,,2026-06-15,3.22,True
6855,70,25,153,2026-06-11,7.94,True
6856,70,24,144,2026-03-19,5.87,True
6857,70,22,136,2026-06-29,1.17,True
6858,70,18,109,2026-04-27,2.54,True
6859,70,15,88,2026-04-27,2.97,True
6860,70,10,55,2026-06-02,0.86,True
6861,70,12,71,2026-03-17,7.87,False
6862,70,27,163,2026-06-09,7.27,False
6863,70,9,52,2026-06-29,1.25,False
6864,70,13,78,2026-06-24,6.39,True
6865,70,12,70,2026-05-18,3.97,True
6866,70,14,82,2026-04-03,3.62,False
6867,70,4,27,2026-05-28,5.55,False
6868,70,20,,2026-03-19,6.88,True
6869,70,16,91,2026-03-18,1.77,True
6870,70,27,,2026-04-03,0.7,True
6871,70,28,170,2026-06-15,6.33,True
6872,70,23,140,2026-04-10,4.72,False
6873,70,24,149,2026-03-27,2.32,True
6874,70,16,95,2026-05-19,7.03,True
6875,70,17,,2026-06-25,5.47,False
6876,70,22,,2026-06-17,2.23,False
6877,70,20,124,2026-04-06,2.06,True
6878,70,8,45,2026-06-05,7.29,True
6879,70,8,49,2026-05-18,6.2,True
6880,70,2,9,2026-04-10,5.56,True
6881,70,24,,2026-05-20,7.54,True
6882,70,2,12,2026-06-09,6.61,True
6883,70,11,69,2026-05-21,6.32,False
6884,70,10,60,2026-04-29,7.94,True
6885,70,1,7,2026-06-05,1.9,True
6886,70,5,30,2026-05-19,0.83,True
6887,70,26,157,2026-06-05,6.39,True
6888,70,2,8,2026-04-29,6.04,True
6889,70,6,37,2026-05-19,2.17,True
6890,70,12,70,2026-05-08,4.26,False
6891,70,2,,2026-04-28,6.93,True
6892,70,18,107,2026-05-07,1.82,True
6893,70,15,,2026-03-23,3.63,True
6894,70,5,31,2026-04-20,0.57,False
6895,70,22,136,2026-06-17,5.28,True
6896,70,27,161,2026-05-29,1.46,False
6897,70,21,127,2026-04-16,2.53,False
6898,70,13,78,2026-03-20,4.92,False
6899,70,3,20,2026-04-22,4.32,True
6900,70,19,115,2026-06-10,7.34,True
6901,70,24,145,2026-05-01,2.71,False
6902,70,22,134,2026-04-22,4.17,False
6903,70,10,60,2026-03-30,3.86,True
6904,70,8,49,2026-03-17,7.56,False
6905,70,11,66,2026-04-24,2.44,True
6906,70,26,158,2026-05-22,1.01,True
6907,70,11,64,2026-06-15,7.16,False
6908,70,18,109,2026-04-24,3.34,False
6909,70,29,172,2026-03-20,2.38,False
6910,70,8,49,2026-06-04,7.61,True
6911,70,17,98,2026-05-18,4.14,False
6912,70,5,36,2026-06-19,1.41,True
6913,70,27,162,2026-03-31,1.73,True
6914,70,25,151,2026-06-16,2.03,True
6915,70,7,42,2026-04-09,2.66,True
6916,70,2,9,2026-06-01,4.12,True
6917,70,16,,2026-06-11,0.89,True
6918,70,6,41,2026-05-27,5.48,True
6919,70,16,92,2026-04-14,7.67,True
6920,70,1,5,2026-04-10,7.76,True
6921,70,12,72,2026-06-25,6.39,False
6922,70,20,125,2026-06-23,3.27,True
6923,70,2,13,2026-06-22,4.31,True
6924,70,4,25,2026-04-09,4.71,True
6925,70,29,172,2026-04-22,1.51,True
6926,70,14,82,2026-06-09,7.39,True
6927,70,29,173,2026-04-10,6.58,True
6928,70,10,58,2026-06-16,1.24,True
6929,70,5,33,2026-03-23,6.71,False
6930,70,22,135,2026-04-23,1.61,False
6931,70,27,160,2026-03-20,5.1,True
6932,70,24,147,2026-04-14,1.34,True
6933,70,5,32,2026-03-17,5.43,True
6934,70,9,51,2026-05-29,6.03,False
6935,70,4,22,2026-04-07,3.24,True
6936,70,18,109,2026-06-01,7.89,True
6937,70,10,59,2026-05-20,6.77,True
6938,70,16,93,2026-04-23,5.39,True
6939,70,2,9,2026-05-01,1.58,False
6940,70,7,,2026-06-24,4.74,True
6941,70,19,117,2026-05-07,3.19,False
6942,70,30,179,2026-03-23,0.89,True
6943,70,1,4,2026-05-12,3.42,True
6944,71,28,166,2025-09-04,1.53,False
6945,71,12,,2023-09-07,0.65,True
6946,71,14,83,2026-02-20,6.96,True
6947,71,18,110,2024-01-03,6.09,True
6948,71,26,156,2025-09-03,2.2,True
6949,71,6,41,2023-12-07,4.52,True
6950,71,11,63,2024-04-11,4.97,True
6951,71,2,11,2023-12-25,0.9,True
6952,71,8,47,2023-09-14,3.38,True
6953,71,10,56,2025-06-17,1.7,False
6954,71,11,66,2026-04-08,3.32,False
6955,71,14,83,2025-07-28,3.15,True
6956,71,27,,2025-08-27,3.04,True
6957,71,24,146,2024-05-20,6.75,True
6958,71,6,39,2025-12-11,3.68,False
6959,71,24,145,2025-10-16,7.34,True
6960,71,3,19,2023-07-25,2.58,True
6961,71,25,152,2024-04-18,2.71,False
6962,71,23,,2025-11-21,2.46,False
6963,71,12,71,2026-06-25,0.89,True
6964,71,16,,2025-09-23,0.8,True
6965,71,10,61,2026-05-13,5.17,False
6966,71,2,14,2025-06-02,2.26,False
6967,71,25,153,2025-01-24,6.59,True
6968,71,3,18,2024-09-10,6.8,True
6969,71,26,,2026-06-09,3.62,True
6970,71,17,98,2025-11-21,2.46,True
6971,71,18,110,2026-03-16,2.45,True
6972,71,10,60,2023-10-27,5.98,False
6973,71,7,42,2026-03-04,2.95,True
6974,71,26,159,2026-06-05,6.96,False
6975,71,30,176,2025-04-11,2.24,False
6976,71,4,24,2024-05-21,6.53,True
6977,71,15,88,2025-12-16,7.25,True
6978,71,1,6,2025-07-23,7.01,True
6979,71,12,71,2024-08-21,6.61,True
6980,71,23,138,2024-09-26,5.63,True
6981,71,23,143,2025-02-11,1.03,True
6982,71,13,76,2024-05-10,5.82,False
6983,71,24,148,2024-12-27,0.8,False
6984,71,15,,2024-07-23,7.13,False
6985,71,23,142,2026-01-27,1.26,True
6986,71,7,42,2025-10-30,6.51,False
6987,71,15,88,2026-03-31,2.82,False
6988,71,3,,2025-09-26,5.28,False
6989,71,3,17,2025-07-28,5.22,True
6990,71,13,74,2023-07-18,3.33,True
6991,71,30,176,2026-01-15,0.81,True
6992,71,27,,2023-07-13,7.39,False
6993,71,5,31,2025-09-18,4.7,True
6994,71,28,166,2023-12-04,6.21,False
6995,71,30,,2025-08-14,4.75,False
6996,71,24,144,2025-08-21,7.37,True
6997,71,17,97,2023-09-20,6.79,True
6998,71,20,119,2025-11-18,2.22,True
6999,71,5,34,2024-02-15,4.76,True
7000,71,5,34,2026-05-04,5.23,True
7001,71,15,87,2026-03-19,0.65,False
7002,71,11,64,2025-01-15,7.43,True
7003,71,23,,2026-05-27,5.48,False
7004,71,30,177,2026-06-09,0.88,True
7005,71,12,71,2023-07-05,7.87,True
7006,71,5,31,2025-11-04,2.11,False
7007,71,6,40,2025-04-17,2.66,True
7008,71,4,24,2024-05-10,0.52,True
7009,71,1,7,2026-06-08,3.61,True
7010,71,24,147,2025-01-24,2.8,False
7011,71,2,12,2025-12-02,2.23,True
7012,71,30,178,2026-01-05,6.18,True
7013,71,9,53,2024-03-08,7.88,True
7014,71,20,121,2025-04-17,5.28,False
7015,71,24,147,2025-06-04,4.01,True
7016,71,4,28,2024-02-13,3.08,True
7017,71,17,100,2024-09-13,1.6,False
7018,71,6,40,2025-11-19,7.71,True
7019,71,24,146,2024-03-19,4.25,True
7020,71,20,121,2025-11-24,5.66,True
7021,71,9,51,2023-08-31,5.9,True
7022,71,4,24,2025-08-26,3.62,False
7023,71,29,174,2024-06-17,7.87,True
7024,71,8,47,2024-11-13,2.14,True
7025,71,20,125,2025-10-28,6.62,False
7026,71,22,135,2023-07-11,7.8,False
7027,71,3,16,2025-07-18,5.54,True
7028,71,1,,2025-03-28,7.07,True
7029,71,3,20,2024-02-07,5.28,False
7030,71,20,123,2023-11-28,1.35,True
7031,71,29,173,2025-05-22,0.79,False
7032,71,13,80,2025-07-16,0.67,False
7033,71,27,161,2024-03-04,7.04,True
7034,71,1,7,2024-12-24,2.71,True
7035,71,5,32,2024-04-09,6.13,True
7036,71,11,66,2024-04-25,3.85,True
7037,71,7,44,2026-06-12,1.8,False
7038,71,14,86,2024-01-22,1.16,True
7039,71,24,,2025-05-26,2.22,True
7040,71,28,169,2023-12-08,2.57,True
7041,71,24,144,2025-01-27,7.55,True
7042,71,28,169,2026-04-14,2.75,True
7043,71,23,142,2025-04-01,7.31,False
7044,71,12,72,2026-02-26,2.45,True
7045,71,26,159,2024-05-27,5.39,True
7046,71,6,39,2025-05-27,3.09,True
7047,71,24,146,2024-05-06,1.42,True
7048,71,10,59,2025-09-26,1.39,False
7049,72,13,79,2024-06-26,6.87,True
7050,72,19,114,2023-07-18,0.74,True
7051,72,29,173,2025-06-19,7.57,True
7052,72,13,80,2026-03-25,5.51,True
7053,72,12,71,2023-09-04,1.42,False
7054,72,12,70,2024-08-26,3.24,True
7055,72,5,31,2024-03-11,3.03,True
7056,72,19,114,2026-04-10,7.14,True
7057,72,15,88,2025-04-23,7.63,False
7058,72,22,134,2025-06-16,6.38,True
7059,72,29,172,2025-05-08,3.75,True
7060,72,7,42,2024-03-12,3.73,False
7061,72,1,5,2024-04-15,7.5,True
7062,72,18,110,2025-02-20,1.65,True
7063,72,13,75,2023-10-05,5.7,True
7064,72,24,144,2025-08-25,3.32,True
7065,72,22,135,2025-04-03,7.74,True
7066,72,7,,2023-12-19,1.15,True
7067,72,21,131,2025-03-31,7.73,True
7068,72,24,144,2026-05-26,0.81,True
7069,72,22,135,2025-10-15,2.37,True
7070,72,14,84,2024-01-08,1.99,False
7071,72,27,161,2026-05-21,7.66,True
7072,72,9,51,2023-08-30,0.53,True
7073,72,26,159,2026-03-27,4.02,True
7074,72,21,132,2025-06-09,7.01,True
7075,72,29,172,2025-12-04,1.98,True
7076,72,24,149,2026-05-01,6.6,True
7077,72,2,8,2024-07-17,6.7,False
7078,72,19,116,2023-08-09,4.37,True
7079,72,28,167,2024-04-04,3.39,False
7080,72,16,91,2024-12-13,0.98,True
7081,72,7,44,2025-01-31,4.36,True
7082,72,19,117,2023-10-11,0.55,False
7083,72,29,172,2025-09-01,5.24,True
7084,72,18,106,2024-04-23,4.08,True
7085,72,17,98,2024-02-02,7.65,True
7086,72,29,172,2025-10-24,2.99,True
7087,72,17,100,2025-07-11,3.92,True
7088,72,4,27,2025-12-17,5.63,True
7089,72,5,31,2025-03-19,4.98,True
7090,72,17,100,2025-12-10,3.03,True
7091,72,16,92,2023-12-07,2.05,False
7092,72,25,153,2024-11-15,1.37,True
7093,72,22,135,2025-06-05,3.07,True
7094,72,16,93,2023-11-06,1.2,True
7095,72,5,35,2025-05-22,1.33,True
7096,72,4,28,2024-01-12,6.25,True
7097,72,23,139,2026-06-30,1.2,True
7098,72,7,42,2025-05-14,0.68,True
7099,72,13,,2026-02-24,2.83,True
7100,72,18,110,2024-09-18,5.11,True
7101,72,6,38,2025-05-06,7.29,True
7102,72,16,93,2023-09-20,7.25,True
7103,72,7,43,2023-11-13,2.06,False
7104,72,13,79,2025-04-22,5.7,True
7105,72,30,176,2026-03-31,6.42,True
7106,72,3,17,2026-05-28,6.77,False
7107,72,25,153,2023-12-26,0.69,True
7108,72,15,88,2025-12-29,3.66,True
7109,72,14,86,2023-09-26,7.08,False
7110,72,29,172,2025-08-08,3.8,True
7111,72,15,87,2023-09-07,6.97,False
7112,72,6,37,2023-07-26,2.13,False
7113,72,9,,2024-11-14,3.01,False
7114,72,7,42,2023-10-17,2.08,True
7115,72,14,83,2025-12-09,5.77,True
7116,72,17,100,2026-05-07,6.43,True
7117,72,29,173,2026-06-12,4.62,False
7118,72,12,72,2026-04-02,5.14,False
7119,72,15,90,2023-12-22,1.24,False
7120,72,3,20,2025-02-21,3.63,True
7121,72,20,,2025-08-08,4.92,False
7122,72,6,41,2025-06-25,1.22,True
7123,72,21,129,2024-03-29,6.21,True
7124,72,13,79,2026-06-10,2.76,True
7125,72,8,48,2025-05-08,0.95,True
7126,72,2,10,2024-12-17,1.2,True
7127,72,6,,2025-12-24,7.98,True
7128,72,11,66,2025-08-04,4.07,True
7129,72,26,157,2026-03-05,0.9,False
7130,72,7,43,2025-12-26,3.49,True
7131,72,25,154,2026-04-01,3.33,True
7132,72,10,58,2023-11-17,7.95,True
7133,72,28,171,2024-08-08,7.51,False
7134,72,28,166,2023-09-04,4.4,True
7135,72,30,,2023-10-06,7.79,True
7136,72,6,40,2023-09-04,2.11,True
7137,72,6,40,2024-11-20,2.13,True
7138,72,27,162,2023-11-06,2.69,True
7139,72,24,149,2024-06-28,1.24,False
7140,72,3,16,2026-03-10,6.25,False
7141,72,24,149,2025-11-10,2.27,True
7142,72,9,52,2025-09-05,6.62,True
7143,72,14,86,2025-04-14,1.19,True
7144,72,6,39,2025-06-18,4.13,False
7145,72,11,68,2026-05-05,3.77,False
7146,72,30,178,2026-05-13,3.29,False
7147,72,15,,2026-02-03,1.42,True
7148,72,16,96,2026-03-06,0.51,False
7149,72,25,153,2025-03-18,3.03,True
7150,72,23,139,2026-04-13,4.26,False
7151,72,14,83,2025-11-14,7.24,True
7152,72,19,112,2025-10-27,4.57,True
7153,72,27,165,2026-05-12,4.15,True
7154,73,7,42,2024-06-06,3.34,False
7155,73,13,73,2024-08-27,4.03,True
7156,73,24,148,2025-07-23,6.4,True
7157,73,16,94,2025-04-25,2.11,True
7158,73,7,,2026-04-30,1.34,True
7159,73,6,40,2025-07-29,0.64,True
7160,73,6,39,2024-10-31,5.69,True
7161,73,27,162,2025-12-25,2.24,True
7162,73,19,117,2025-11-11,1.83,False
7163,73,9,53,2023-07-05,2.01,True
7164,73,26,156,2026-03-12,7.71,True
7165,73,5,35,2025-01-09,1.35,True
7166,73,19,117,2026-03-06,5.02,True
7167,73,25,152,2024-08-19,2.34,True
7168,73,7,43,2026-05-15,2.08,True
7169,73,17,100,2024-09-03,4.68,True
7170,73,18,109,2025-06-13,1.85,True
7171,73,11,,2024-10-25,4.1,False
7172,73,8,47,2024-03-29,1.36,True
7173,73,1,5,2024-12-05,7.43,True
7174,73,1,2,2025-02-12,1.82,False
7175,73,25,153,2023-10-26,4.56,True
7176,73,24,149,2025-12-05,1.89,True
7177,73,2,15,2026-01-21,6.06,True
7178,73,25,154,2025-12-24,5.53,True
7179,73,20,123,2023-11-16,7.87,True
7180,73,21,130,2025-11-28,4.26,False
7181,73,29,172,2023-09-06,3.21,True
7182,73,6,38,2025-09-02,1.38,True
7183,73,16,93,2024-02-08,4.46,True
7184,73,20,123,2025-10-15,6.16,True
7185,73,8,48,2024-07-08,2.48,True
7186,73,5,33,2024-10-07,4.31,True
7187,73,12,70,2023-08-25,4.84,False
7188,73,26,158,2025-04-02,5.68,False
7189,73,3,20,2023-08-28,2.83,False
7190,73,24,149,2026-03-25,3.31,True
7191,73,10,57,2024-10-23,7.94,False
7192,73,20,119,2023-11-03,4.15,True
7193,73,19,118,2026-01-20,1.57,True
7194,73,23,141,2023-12-21,6.17,True
7195,73,5,31,2026-01-28,6.31,True
7196,73,28,169,2026-02-18,6.23,True
7197,73,23,142,2023-09-18,7.23,True
7198,73,12,72,2025-08-11,5.37,True
7199,73,4,22,2024-05-13,6.21,False
7200,73,16,91,2023-10-20,0.69,True
7201,73,25,151,2025-06-12,3.24,False
7202,73,12,70,2024-05-17,6.99,False
7203,73,10,59,2025-03-25,2.6,True
7204,73,20,123,2025-08-04,5.42,False
7205,73,2,9,2025-04-09,3.75,True
7206,73,30,,2023-07-28,3.12,True
7207,73,14,86,2023-11-08,6.56,True
7208,73,21,133,2024-07-25,7.86,True
7209,73,5,,2025-04-04,1.49,True
7210,73,26,159,2024-04-02,4.29,False
7211,73,8,,2024-07-18,4.64,True
7212,73,2,8,2024-07-23,6.08,True
7213,73,5,29,2024-12-19,5.76,True
7214,73,11,63,2025-01-07,2.54,True
7215,73,28,169,2025-06-23,7.93,True
7216,73,22,136,2026-05-11,3.93,True
7217,73,2,14,2024-05-09,2.19,False
7218,73,30,177,2025-09-11,7.97,True
7219,73,10,58,2024-02-07,3.21,False
7220,73,5,32,2025-05-16,0.89,True
7221,73,28,168,2023-08-29,7.88,True
7222,73,23,140,2026-03-19,4.53,True
7223,73,27,164,2024-11-21,4.88,False
7224,73,5,29,2024-07-25,2.94,True
7225,73,23,142,2025-09-01,6.56,True
7226,73,4,,2026-01-19,3.67,False
7227,73,3,20,2023-10-09,1.48,True
7228,73,25,152,2026-03-20,3.88,False
7229,73,30,176,2024-11-22,0.56,False
7230,73,6,41,2023-07-27,2.05,True
7231,73,26,157,2026-05-20,3.82,True
7232,73,25,153,2023-09-22,0.74,True
7233,73,30,177,2024-09-13,4.58,True
7234,73,28,167,2025-05-13,3.91,True
7235,73,21,,2026-03-11,3.91,False
7236,73,26,156,2025-06-11,5.52,False
7237,73,26,158,2025-01-06,3.71,True
7238,73,20,121,2024-11-29,1.33,True
7239,73,1,4,2025-07-14,3.61,True
7240,73,13,78,2025-02-14,6.93,True
7241,73,11,68,2024-09-23,4.23,False
7242,73,20,120,2024-10-11,2.57,False
7243,73,6,40,2025-01-02,4.33,True
7244,73,21,132,2024-01-15,2.84,False
7245,73,18,109,2024-09-19,5.84,True
7246,73,2,11,2024-08-15,1.15,True
7247,73,14,81,2025-12-26,7.23,True
7248,73,17,98,2025-02-28,2.8,False
7249,73,19,118,2024-06-14,6.11,True
7250,73,18,105,2025-06-09,4.42,True
7251,73,17,99,2024-08-07,1.4,True
7252,73,1,3,2026-01-01,2.55,False
7253,73,7,42,2025-11-06,1.28,True
7254,73,13,76,2025-02-12,2.47,True
7255,73,3,20,2025-04-08,2.46,True
7256,73,19,113,2025-02-12,1.28,False
7257,73,18,104,2025-11-19,6.84,True
7258,73,15,,2025-08-18,2.39,False
7259,73,10,56,2024-11-14,4.19,False
7260,74,13,77,2025-12-08,7.56,True
7261,74,22,134,2025-06-18,7.11,True
7262,74,1,1,2024-08-16,2.5,True
7263,74,17,,2023-07-12,4.15,True
7264,74,16,96,2025-03-04,7.28,True
7265,74,11,65,2026-03-23,6.93,True
7266,74,20,124,2023-12-07,6.84,True
7267,74,18,104,2025-08-22,6.71,True
7268,74,21,126,2026-01-19,7.46,False
7269,74,24,146,2024-11-25,3.05,True
7270,74,22,,2023-07-06,2.46,True
7271,74,4,21,2026-05-13,1.13,True
7272,74,8,45,2024-06-28,4.2,False
7273,74,8,46,2026-01-21,1.88,True
7274,74,16,94,2025-04-24,0.94,False
7275,74,11,66,2026-02-05,2.25,True
7276,74,9,50,2025-06-04,6.96,False
7277,74,19,114,2025-03-17,6.83,True
7278,74,22,137,2025-02-26,1.59,True
7279,74,6,37,2025-04-04,1.17,True
7280,74,23,140,2025-11-06,2.83,True
7281,74,21,128,2025-07-08,7.43,False
7282,74,6,37,2025-10-23,1.45,False
7283,74,19,113,2024-07-22,4.4,True
7284,74,28,170,2024-07-19,4.53,True
7285,74,30,177,2024-06-07,1.67,True
7286,74,4,26,2025-12-09,2.01,True
7287,74,16,93,2026-01-15,0.94,True
7288,74,1,,2024-03-18,5.21,True
7289,74,3,20,2024-09-12,6.68,True
7290,74,22,136,2026-01-15,2.66,True
7291,74,23,142,2025-11-17,7.14,False
7292,74,12,70,2023-09-12,5.17,True
7293,74,11,67,2024-06-19,7.73,True
7294,74,14,81,2025-12-02,7.65,True
7295,74,21,128,2024-12-05,4.03,False
7296,74,16,94,2024-02-01,0.63,True
7297,74,30,,2024-09-09,6.64,True
7298,74,29,172,2024-09-02,4.87,False
7299,74,4,27,2026-05-14,2.18,True
7300,74,18,107,2024-01-19,2.46,True
7301,74,6,38,2024-03-29,3.59,False
7302,74,5,33,2025-04-15,2.02,True
7303,74,4,27,2026-03-27,4.58,True
7304,74,18,103,2023-12-08,5.59,True
7305,74,30,178,2024-07-24,3.03,False
7306,74,14,81,2024-08-29,1.94,True
7307,74,24,145,2023-12-25,0.76,False
7308,74,11,69,2024-11-18,1.82,True
7309,74,5,36,2025-12-12,5.29,True
7310,74,13,,2024-07-08,7.09,True
7311,74,1,5,2025-12-11,4.22,True
7312,74,13,76,2026-06-09,7.63,False
7313,74,21,130,2026-01-28,2.55,True
7314,74,8,45,2023-07-18,0.77,True
7315,74,12,71,2025-04-30,4.4,True
7316,74,7,43,2024-09-04,3.0,True
7317,74,29,172,2026-04-29,6.31,True
7318,74,13,79,2026-04-23,3.75,False
7319,74,30,,2025-10-07,3.16,False
7320,74,27,164,2025-10-02,6.01,True
7321,74,10,55,2023-08-07,3.05,True
7322,74,22,137,2025-05-07,4.8,True
7323,74,30,179,2025-05-08,4.61,True
7324,74,20,121,2026-06-02,2.75,True
7325,74,6,39,2025-01-17,6.27,True
7326,74,14,81,2026-05-14,1.31,True
7327,74,9,,2024-02-22,2.88,False
7328,74,10,57,2023-07-05,3.19,True
7329,74,21,128,2025-09-30,7.32,False
7330,74,9,,2024-07-09,1.79,True
7331,74,23,139,2025-02-04,3.05,True
7332,74,24,150,2025-02-12,1.45,True
7333,74,3,18,2024-04-09,3.26,True
7334,74,19,117,2026-06-16,5.39,False
7335,74,28,170,2024-01-17,4.61,True
7336,74,4,23,2023-09-19,5.04,True
7337,74,6,,2026-02-13,4.9,True
7338,74,14,83,2024-01-24,6.73,True
7339,74,11,65,2024-02-26,3.8,True
7340,74,28,167,2024-11-01,4.24,True
7341,74,18,107,2024-10-25,4.01,True
7342,74,12,70,2025-07-23,1.99,True
7343,74,5,,2024-02-21,2.92,True
7344,74,1,,2024-07-16,3.02,True
7345,74,25,151,2024-07-25,7.43,True
7346,74,30,175,2025-10-27,4.27,True
7347,74,5,35,2024-08-08,1.15,True
7348,74,7,,2023-08-30,7.98,True
7349,74,7,44,2025-08-15,3.74,True
7350,74,5,32,2025-03-24,4.34,True
7351,74,6,41,2026-01-01,6.22,True
7352,74,23,141,2025-06-27,7.8,True
7353,74,18,106,2025-06-09,1.82,True
7354,74,16,,2025-09-01,2.71,False
7355,74,10,,2024-08-05,7.47,False
7356,74,2,12,2026-01-28,4.27,True
7357,74,15,87,2024-02-05,3.5,True
7358,74,21,,2024-07-23,5.38,True
7359,74,9,50,2025-06-09,1.44,False
7360,74,6,38,2023-11-29,1.91,False
7361,74,9,52,2024-08-19,3.41,True
7362,74,21,133,2025-12-04,4.09,True
7363,75,20,124,2024-08-02,0.54,False
7364,75,23,139,2024-03-28,4.16,False
7365,75,24,149,2024-04-02,6.59,False
7366,75,1,4,2026-03-18,1.4,True
7367,75,3,20,2025-01-30,5.17,False
7368,75,12,72,2026-01-27,3.16,False
7369,75,14,82,2025-01-30,4.87,True
7370,75,23,138,2025-11-04,4.37,True
7371,75,6,40,2025-04-02,5.83,True
7372,75,19,117,2023-11-21,5.54,True
7373,75,24,147,2026-06-15,4.99,False
7374,75,17,97,2025-11-14,4.76,True
7375,75,27,161,2025-02-04,6.02,False
7376,75,24,149,2023-11-23,1.09,True
7377,75,16,96,2024-04-10,7.28,False
7378,75,21,131,2025-05-07,5.77,False
7379,75,2,10,2024-08-07,0.84,True
7380,75,3,16,2024-11-05,5.2,False
7381,75,15,88,2024-11-15,3.44,True
7382,75,4,25,2026-05-08,3.33,True
7383,75,7,,2025-10-03,1.66,True
7384,75,17,,2025-03-03,6.57,True
7385,75,4,28,2024-04-15,0.88,False
7386,75,17,,2024-08-30,0.58,True
7387,75,10,59,2024-02-23,6.16,True
7388,75,21,132,2024-11-22,7.2,True
7389,75,11,69,2025-01-23,4.79,True
7390,75,28,167,2024-06-14,3.81,False
7391,75,19,111,2024-04-16,5.8,True
7392,75,21,127,2025-10-16,1.15,True
7393,75,7,43,2024-07-01,2.55,True
7394,75,24,146,2024-02-20,7.58,True
7395,75,4,21,2025-04-16,4.12,True
7396,75,28,170,2024-12-30,1.42,True
7397,75,12,72,2024-09-03,4.45,True
7398,75,3,16,2025-10-20,2.62,False
7399,75,23,142,2025-01-13,6.54,True
7400,75,17,102,2025-05-29,5.64,False
7401,75,18,104,2024-03-04,6.7,True
7402,75,10,56,2024-07-26,6.24,True
7403,75,17,101,2023-07-31,1.23,True
7404,75,2,10,2024-11-08,3.02,True
7405,75,3,19,2025-09-17,0.87,True
7406,75,13,75,2026-02-03,4.47,True
7407,75,18,110,2026-05-15,6.29,False
7408,75,28,167,2025-03-21,4.24,False
7409,75,24,,2023-12-29,0.59,False
7410,75,1,5,2023-09-01,1.89,True
7411,75,27,165,2024-10-22,0.66,False
7412,75,10,58,2026-06-25,5.2,True
7413,75,26,159,2024-09-25,2.75,False
7414,75,8,45,2023-11-03,2.44,True
7415,75,3,17,2023-09-28,2.11,True
7416,75,13,74,2026-03-03,0.53,True
7417,75,4,27,2024-12-30,6.91,True
7418,75,17,101,2023-11-23,4.34,True
7419,75,25,153,2023-10-23,2.95,True
7420,75,28,169,2026-01-30,1.78,False
7421,75,5,,2023-11-30,3.56,False
7422,75,16,92,2024-07-31,1.01,True
7423,75,3,19,2025-11-14,7.91,True
7424,75,27,162,2023-10-13,6.55,True
7425,75,2,13,2026-01-21,1.16,False
7426,75,6,39,2025-09-03,7.71,True
7427,75,30,175,2025-11-24,2.87,True
7428,75,25,151,2023-12-18,6.67,True
7429,75,30,175,2026-06-04,5.67,True
7430,75,11,65,2025-07-22,4.77,True
7431,75,19,117,2024-07-08,3.21,False
7432,75,5,35,2023-12-08,3.12,True
7433,75,30,176,2024-07-19,3.1,False
7434,75,26,158,2023-10-05,6.8,True
7435,75,24,150,2023-07-21,6.64,True
7436,75,5,36,2025-08-04,2.13,False
7437,75,4,21,2023-11-10,5.84,True
7438,75,19,114,2023-07-20,4.74,True
7439,75,2,14,2025-06-05,4.66,False
7440,75,30,179,2023-08-02,1.3,True
7441,75,5,36,2026-03-27,0.78,True
7442,75,26,158,2023-10-24,1.57,False
7443,75,24,144,2025-01-06,3.43,True
7444,75,28,,2024-02-14,4.37,True
7445,75,25,154,2024-03-29,3.56,False
7446,75,14,,2024-08-01,3.42,True
7447,75,16,94,2026-01-23,2.89,True
7448,75,23,142,2025-03-04,7.5,False
7449,75,23,138,2025-07-02,6.91,True
7450,75,21,127,2024-12-24,1.22,True
7451,75,2,15,2025-05-22,7.49,True
7452,75,14,83,2026-06-29,1.1,True
7453,75,26,159,2025-12-22,4.37,True
7454,75,29,174,2024-08-15,4.44,True
7455,75,30,175,2025-03-03,7.07,True
7456,75,8,49,2025-03-26,2.09,False
7457,75,24,149,2023-12-01,7.52,True
7458,75,10,57,2026-02-27,4.5,True
7459,75,7,42,2026-03-13,7.37,True
7460,75,17,97,2024-11-07,2.79,False
7461,75,10,59,2025-01-31,6.53,True
7462,75,25,151,2023-09-25,6.99,True
7463,75,10,58,2025-11-04,1.26,True
7464,75,19,112,2026-04-21,6.84,False
7465,75,29,173,2025-11-05,1.01,True
7466,75,19,112,2023-09-20,2.12,False
7467,76,2,8,2024-04-17,4.45,True
7468,76,25,155,2025-06-03,3.3,True
7469,76,3,19,2024-10-30,0.81,False
7470,76,24,145,2026-04-13,3.3,True
7471,76,29,172,2023-08-14,1.73,True
7472,76,18,106,2023-08-14,2.9,True
7473,76,4,28,2025-09-11,5.77,True
7474,76,22,134,2024-09-16,1.64,True
7475,76,8,48,2025-07-18,3.65,True
7476,76,30,178,2025-09-02,6.99,True
7477,76,27,160,2025-02-21,4.29,True
7478,76,21,126,2026-03-23,3.81,True
7479,76,21,132,2025-06-05,4.47,True
7480,76,15,90,2025-03-04,3.25,False
7481,76,3,17,2024-07-10,5.5,True
7482,76,29,172,2023-12-25,4.63,True
7483,76,10,58,2026-03-20,3.81,True
7484,76,14,85,2025-12-29,5.44,True
7485,76,1,5,2025-12-15,6.89,False
7486,76,27,163,2025-11-03,7.76,False
7487,76,1,6,2023-09-01,5.49,False
7488,76,6,37,2025-10-07,2.07,False
7489,76,11,,2025-10-06,6.93,False
7490,76,12,70,2023-11-08,2.7,True
7491,76,28,170,2024-03-13,5.21,True
7492,76,27,160,2026-06-23,6.12,True
7493,76,22,136,2024-02-07,7.41,True
7494,76,27,160,2024-01-26,4.21,False
7495,76,24,145,2025-10-27,3.97,True
7496,76,23,139,2025-09-01,2.81,True
7497,76,9,52,2025-05-16,1.66,True
7498,76,18,106,2025-04-10,1.36,True
7499,76,5,,2024-07-03,1.69,False
7500,76,23,139,2023-12-13,4.25,True
7501,76,3,20,2026-05-28,0.89,True
7502,76,18,108,2025-05-12,3.2,True
7503,76,8,46,2024-05-02,4.7,True
7504,76,22,134,2024-11-05,3.62,True
7505,76,24,148,2026-05-25,2.37,True
7506,76,21,,2025-01-07,3.43,True
7507,76,25,152,2026-01-14,7.19,True
7508,76,25,152,2026-02-26,1.3,True
7509,76,9,53,2026-06-10,2.57,True
7510,76,20,123,2023-11-03,3.35,False
7511,76,1,4,2026-06-09,1.99,True
7512,76,13,78,2026-04-24,7.22,False
7513,76,19,113,2024-12-30,2.51,True
7514,76,5,33,2024-04-12,5.65,True
7515,76,6,41,2024-11-15,5.64,False
7516,76,19,112,2024-04-19,1.54,True
7517,76,5,34,2023-12-08,2.08,True
7518,76,2,9,2025-09-02,5.52,True
7519,76,16,91,2023-10-19,6.13,True
7520,76,6,40,2023-08-24,4.07,True
7521,76,28,171,2025-02-07,2.3,True
7522,76,9,52,2025-11-11,2.54,True
7523,76,7,44,2025-06-24,6.58,True
7524,76,2,13,2024-06-21,1.08,True
7525,76,24,146,2025-11-06,4.59,True
7526,76,7,,2024-04-04,5.6,False
7527,76,5,34,2026-04-22,4.26,True
7528,76,4,26,2026-02-12,0.66,True
7529,76,29,,2026-04-16,6.74,True
7530,76,24,149,2024-07-16,6.81,True
7531,76,29,173,2025-03-07,6.02,False
7532,76,11,69,2023-11-20,1.27,False
7533,76,12,72,2025-10-28,6.5,False
7534,76,10,61,2025-02-25,2.88,True
7535,76,14,85,2025-01-23,7.75,True
7536,76,7,44,2025-06-06,4.28,True
7537,76,13,75,2026-02-24,3.12,False
7538,76,13,74,2023-07-14,1.8,True
7539,76,15,87,2026-03-27,2.37,False
7540,76,30,177,2026-04-06,0.81,True
7541,76,27,165,2023-07-06,5.96,True
7542,76,14,85,2025-05-13,6.41,True
7543,76,29,,2024-03-04,7.12,False
7544,76,16,,2023-09-29,7.7,True
7545,76,12,72,2024-06-06,0.82,True
7546,76,19,117,2023-10-09,4.47,True
7547,76,10,55,2026-01-01,1.37,False
7548,76,28,,2026-02-17,6.97,True
7549,76,19,,2025-09-11,3.64,True
7550,76,23,138,2024-07-09,3.99,False
7551,76,4,24,2025-06-13,0.9,True
7552,76,24,150,2023-11-02,7.5,True
7553,76,12,71,2023-12-28,5.46,False
7554,76,20,125,2025-04-03,3.73,True
7555,76,25,153,2025-10-21,5.11,False
7556,76,1,,2023-07-28,6.78,True
7557,76,25,154,2024-12-20,1.94,True
7558,76,16,91,2026-02-27,2.3,False
7559,76,8,46,2024-04-15,7.03,True
7560,76,8,45,2024-02-22,3.07,True
7561,76,16,94,2025-11-10,7.99,True
7562,76,2,8,2023-09-12,0.64,True
7563,76,3,16,2026-06-19,7.23,True
7564,76,24,148,2024-10-31,5.17,True
7565,76,7,44,2023-12-22,2.64,True
7566,76,19,117,2024-10-04,1.15,True
7567,76,23,140,2026-06-11,0.86,True
7568,76,16,93,2026-01-29,2.96,False
7569,76,7,42,2024-04-04,7.53,True
7570,76,22,136,2025-01-13,2.42,True
7571,76,21,127,2024-08-09,5.23,True
7572,76,28,168,2024-06-27,5.12,True
7573,76,13,78,2026-01-14,0.84,True
7574,77,3,,2025-07-10,1.94,True
7575,77,10,61,2026-03-23,1.12,True
7576,77,21,133,2025-04-03,3.64,False
7577,77,14,83,2024-02-23,4.29,True
7578,77,13,74,2023-12-21,6.65,False
7579,77,6,38,2023-12-26,5.8,False
7580,77,12,70,2023-08-15,4.89,True
7581,77,9,51,2026-04-23,5.22,True
7582,77,4,26,2025-09-16,4.59,True
7583,77,29,173,2025-08-21,7.52,True
7584,77,6,40,2024-05-09,3.04,True
7585,77,25,151,2024-08-09,6.5,True
7586,77,2,15,2025-07-24,3.54,False
7587,77,8,47,2024-01-15,5.89,False
7588,77,17,98,2025-02-14,7.86,False
7589,77,8,49,2024-07-16,3.8,False
7590,77,26,156,2026-04-13,4.87,True
7591,77,13,74,2026-04-01,3.89,True
7592,77,14,,2025-03-28,2.9,False
7593,77,9,54,2023-11-13,4.26,True
7594,77,1,7,2024-01-01,2.21,True
7595,77,27,161,2024-02-26,2.57,True
7596,77,1,1,2023-12-11,1.2,False
7597,77,8,49,2024-05-27,1.32,True
7598,77,18,104,2024-05-03,4.0,True
7599,77,23,140,2025-04-21,3.33,True
7600,77,30,177,2025-11-20,4.71,False
7601,77,12,72,2024-08-05,2.05,True
7602,77,11,69,2025-03-25,4.16,True
7603,77,17,102,2024-02-29,5.02,True
7604,77,20,125,2026-05-12,6.41,True
7605,77,17,102,2025-08-08,3.11,True
7606,77,16,95,2025-08-14,4.58,True
7607,77,13,74,2025-08-27,5.97,True
7608,77,19,118,2026-01-13,5.56,True
7609,77,12,71,2025-12-22,5.48,True
7610,77,30,178,2025-12-05,4.12,True
7611,77,26,156,2023-09-19,7.27,True
7612,77,24,148,2024-03-29,1.94,True
7613,77,25,152,2024-11-01,2.59,False
7614,77,23,,2024-06-24,3.76,True
7615,77,15,89,2024-12-17,6.8,True
7616,77,24,145,2023-12-14,7.8,False
7617,77,7,42,2024-09-19,0.52,True
7618,77,26,157,2026-05-06,4.44,True
7619,77,6,38,2025-06-09,3.0,False
7620,77,27,164,2024-09-19,0.91,True
7621,77,7,44,2023-09-04,3.79,True
7622,77,24,,2023-07-21,3.63,True
7623,77,22,136,2025-01-28,2.19,True
7624,77,20,,2026-04-03,2.83,False
7625,77,16,96,2025-12-17,6.16,True
7626,77,20,121,2025-08-11,2.3,True
7627,77,12,72,2023-10-05,7.77,True
7628,77,14,86,2025-09-10,7.73,True
7629,77,1,4,2024-05-31,4.7,True
7630,77,3,17,2024-04-18,6.85,True
7631,77,3,20,2023-12-04,4.33,True
7632,77,4,,2025-05-14,5.87,True
7633,77,20,119,2026-03-02,6.57,False
7634,77,28,171,2023-08-15,1.62,True
7635,77,4,27,2023-09-05,2.85,True
7636,77,10,61,2024-01-01,4.05,True
7637,77,16,93,2023-12-28,2.59,False
7638,77,26,157,2024-08-26,7.5,True
7639,77,13,76,2025-08-21,2.0,True
7640,77,23,141,2025-05-12,0.64,True
7641,77,10,57,2024-07-02,7.24,True
7642,77,21,,2023-12-27,3.6,True
7643,77,9,53,2025-12-08,5.1,False
7644,77,17,98,2024-12-24,0.98,False
7645,77,5,33,2025-12-04,2.56,True
7646,77,27,160,2025-08-14,7.54,True
7647,77,12,,2024-08-22,1.59,True
7648,77,2,,2024-01-29,6.99,True
7649,77,9,50,2024-01-17,4.82,True
7650,77,1,5,2024-01-11,7.95,False
7651,77,8,46,2024-11-11,6.64,False
7652,77,24,144,2024-06-10,5.81,False
7653,77,24,148,2024-09-06,0.52,True
7654,77,6,41,2024-02-16,4.34,False
7655,77,21,130,2025-07-15,1.37,True
7656,77,3,19,2024-03-07,5.61,True
7657,77,1,7,2023-12-22,1.21,True
7658,77,30,176,2024-10-10,7.59,True
7659,77,19,114,2025-07-10,2.05,False
7660,77,8,46,2026-01-28,5.9,True
7661,77,12,72,2023-08-15,6.29,True
7662,77,3,19,2024-06-04,4.49,True
7663,77,6,,2024-03-20,2.68,True
7664,77,7,44,2026-03-26,0.53,True
7665,77,28,171,2025-12-16,7.09,True
7666,77,23,139,2024-04-08,2.39,False
7667,77,7,44,2024-09-12,3.45,True
7668,77,6,37,2025-02-21,3.07,True
7669,77,17,101,2025-01-24,4.08,True
7670,77,9,52,2024-01-01,3.82,True
7671,77,9,50,2025-06-04,3.94,True
7672,77,6,38,2024-06-26,4.84,True
7673,77,9,52,2024-10-18,2.58,True
7674,77,19,116,2025-04-14,7.39,False
7675,77,11,66,2026-04-07,1.52,True
7676,77,30,176,2025-06-09,6.44,True
7677,77,23,139,2024-07-18,0.7,True
7678,77,27,160,2024-12-12,5.09,True
7679,77,30,177,2026-05-26,2.38,False
7680,77,14,82,2026-05-28,7.04,True
7681,77,22,136,2025-11-17,4.62,True
7682,77,28,166,2026-05-07,1.82,True
7683,77,21,126,2026-04-23,4.36,True
7684,78,6,37,2026-06-10,2.55,True
7685,78,21,130,2026-02-25,4.74,True
7686,78,24,150,2026-05-28,1.48,False
7687,78,19,,2025-08-29,1.15,True
7688,78,22,135,2026-02-13,4.98,False
7689,78,5,36,2026-05-19,7.82,True
7690,78,17,98,2025-09-16,6.42,True
7691,78,24,145,2025-04-01,3.73,True
7692,78,18,,2026-02-02,4.05,True
7693,78,29,173,2025-03-11,2.7,True
7694,78,17,101,2026-06-02,3.27,True
7695,78,22,,2025-09-10,1.38,True
7696,78,25,155,2025-12-11,7.37,False
7697,78,1,5,2026-01-21,7.75,True
7698,78,9,50,2026-01-06,1.32,False
7699,78,10,59,2026-02-23,2.36,True
7700,78,12,72,2024-11-01,6.16,True
7701,78,20,123,2025-07-23,4.41,True
7702,78,25,152,2026-05-11,7.48,True
7703,78,18,109,2026-02-25,1.06,True
7704,78,22,136,2026-06-12,6.19,True
7705,78,16,,2026-05-29,2.77,True
7706,78,3,16,2024-11-28,2.24,True
7707,78,13,78,2025-03-12,1.36,False
7708,78,6,37,2025-09-22,6.15,True
7709,78,11,68,2025-12-15,2.36,False
7710,78,15,,2025-01-31,0.98,True
7711,78,28,166,2025-02-03,6.83,True
7712,78,25,153,2026-06-29,2.43,True
7713,78,4,27,2025-09-09,5.54,True
7714,78,16,94,2025-11-14,3.67,True
7715,78,9,51,2026-01-15,7.26,True
7716,78,25,151,2026-05-14,4.6,False
7717,78,18,107,2025-07-15,2.26,True
7718,78,25,155,2025-08-28,1.1,True
7719,78,21,127,2026-05-27,4.15,True
7720,78,11,63,2026-01-14,4.99,True
7721,78,28,170,2026-05-05,7.27,True
7722,78,21,130,2025-10-21,5.02,True
7723,78,20,121,2025-07-17,0.87,True
7724,78,29,,2024-10-16,3.62,True
7725,78,23,139,2025-01-06,3.48,True
7726,78,25,154,2025-08-01,0.63,False
7727,78,12,,2026-05-11,6.64,True
7728,78,21,130,2024-11-01,4.37,True
7729,78,15,87,2026-01-06,5.18,True
7730,78,1,3,2026-06-22,1.72,False
7731,78,18,106,2026-03-05,2.67,True
7732,78,23,142,2025-04-29,4.95,True
7733,78,12,72,2025-12-30,3.39,True
7734,78,30,179,2025-01-27,6.45,False
7735,78,1,7,2026-05-05,7.05,False
7736,78,23,139,2025-04-09,0.94,True
7737,78,16,95,2025-02-11,3.98,True
7738,78,8,46,2025-09-10,3.02,True
7739,78,4,,2025-02-07,1.74,True
7740,78,14,,2025-10-17,6.88,True
7741,78,15,89,2025-08-25,1.45,True
7742,78,14,81,2024-12-12,2.4,True
7743,78,5,34,2026-06-25,3.83,True
7744,78,16,,2025-09-22,2.42,False
7745,78,18,110,2026-05-15,5.48,False
7746,78,19,111,2024-12-18,7.9,True
7747,78,9,,2026-06-04,7.68,True
7748,78,30,177,2026-05-19,3.67,True
7749,78,30,175,2025-12-16,3.12,True
7750,78,27,165,2025-05-21,6.46,False
7751,78,26,156,2026-01-22,7.26,True
7752,78,13,75,2025-06-30,5.33,True
7753,78,30,179,2024-12-17,1.27,True
7754,78,12,71,2026-01-02,4.63,True
7755,78,11,,2025-12-16,6.01,True
7756,78,4,27,2025-12-10,1.78,False
7757,78,29,172,2026-01-26,7.98,False
7758,78,6,39,2025-09-19,4.29,False
7759,78,7,43,2025-02-27,6.69,False
7760,78,29,,2026-04-28,1.46,True
7761,78,25,151,2024-12-02,1.75,False
7762,78,8,45,2025-09-24,3.53,True
7763,78,8,48,2025-04-10,7.63,False
7764,78,30,176,2025-06-11,3.34,True
7765,78,4,27,2025-06-27,3.23,True
7766,78,7,42,2024-11-28,2.06,True
7767,78,1,,2025-03-19,7.02,True
7768,78,16,96,2025-01-08,7.23,False
7769,78,18,106,2025-08-04,0.61,True
7770,78,16,91,2026-06-10,7.26,True
7771,78,23,143,2025-10-20,7.12,False
7772,78,24,148,2025-10-31,1.63,True
7773,78,15,87,2026-02-20,1.42,True
7774,78,23,143,2026-01-09,3.06,True
7775,78,7,42,2025-02-21,1.89,False
7776,78,7,42,2025-10-10,7.37,False
7777,78,30,,2024-12-20,2.88,False
7778,78,27,164,2026-05-26,2.09,True
7779,78,2,9,2025-01-14,4.24,False
7780,78,23,139,2024-12-26,0.8,True
7781,78,13,,2025-09-15,1.89,False
7782,78,10,61,2025-11-11,7.24,True
7783,78,13,74,2024-11-01,2.0,False
7784,78,12,72,2025-04-14,1.52,False
7785,78,25,155,2025-04-16,6.03,True
7786,78,11,64,2025-08-21,2.51,True
7787,78,28,169,2025-12-04,4.99,True
7788,78,6,37,2025-06-30,3.68,False
7789,78,6,39,2025-09-26,5.63,True
7790,78,13,,2026-03-16,2.49,False
7791,78,18,104,2026-05-05,1.69,True
7792,78,21,130,2026-05-20,6.49,True
7793,79,26,158,2025-03-14,4.44,False
7794,79,11,,2024-12-19,1.83,True
7795,79,5,29,2026-03-09,0.98,True
7796,79,19,,2024-10-22,7.28,True
7797,79,13,79,2024-02-22,7.56,True
7798,79,29,174,2024-02-14,6.77,True
7799,79,15,88,2023-11-01,7.58,False
7800,79,15,88,2024-09-10,2.41,True
7801,79,11,65,2024-02-23,6.63,True
7802,79,17,101,2023-12-19,4.33,True
7803,79,29,173,2023-07-27,3.82,True
7804,79,10,57,2025-05-26,0.58,True
7805,79,17,97,2023-12-25,2.49,True
7806,79,6,,2025-09-12,7.44,True
7807,79,29,173,2024-10-14,6.64,False
7808,79,29,173,2025-10-16,7.01,False
7809,79,3,18,2026-01-12,3.07,True
7810,79,8,47,2025-04-25,2.63,False
7811,79,3,17,2024-04-12,1.05,True
7812,79,22,136,2024-01-22,2.03,True
7813,79,2,11,2023-10-23,4.65,True
7814,79,23,142,2024-05-07,5.4,True
7815,79,23,,2025-03-24,7.08,False
7816,79,14,85,2025-12-15,0.84,False
7817,79,27,164,2024-08-16,5.73,True
7818,79,10,,2023-08-07,5.5,True
7819,79,22,135,2025-05-02,5.68,True
7820,79,22,136,2025-06-16,4.93,True
7821,79,5,,2025-07-15,2.99,True
7822,79,4,24,2024-11-29,5.63,True
7823,79,21,132,2025-03-03,2.68,True
7824,79,3,17,2024-07-10,1.4,True
7825,79,9,52,2026-04-07,1.85,False
7826,79,12,70,2024-05-29,1.26,False
7827,79,30,179,2025-04-25,7.09,True
7828,79,1,7,2025-02-03,6.49,True
7829,79,17,102,2025-09-10,0.9,True
7830,79,18,106,2024-05-02,6.45,False
7831,79,21,132,2025-09-02,4.29,True
7832,79,4,,2025-05-28,7.55,False
7833,79,24,146,2025-02-03,7.66,True
7834,79,2,11,2025-11-17,1.27,True
7835,79,25,,2024-10-21,5.39,True
7836,79,21,130,2024-04-11,7.22,True
7837,79,22,136,2023-10-17,1.87,True
7838,79,26,159,2024-10-07,5.02,True
7839,79,24,150,2023-12-18,0.85,True
7840,79,24,146,2024-06-14,7.12,True
7841,79,25,153,2023-09-29,2.81,False
7842,79,16,93,2023-07-13,5.6,False
7843,79,30,178,2026-03-26,6.61,False
7844,79,19,114,2026-01-20,5.24,True
7845,79,10,57,2026-03-05,6.85,True
7846,79,8,,2025-03-26,4.03,True
7847,79,4,26,2024-07-15,6.25,False
7848,79,10,58,2026-03-31,6.66,True
7849,79,9,53,2025-12-19,4.67,False
7850,79,7,42,2025-08-12,2.72,True
7851,79,21,127,2024-01-10,7.68,False
7852,79,12,71,2024-04-09,2.83,False
7853,79,21,129,2024-06-19,2.93,True
7854,79,28,,2024-06-04,5.44,False
7855,79,18,104,2024-12-30,4.79,False
7856,79,9,,2023-12-21,1.17,True
7857,79,26,,2026-01-14,6.59,True
7858,79,23,140,2026-02-27,4.76,True
7859,79,19,115,2024-03-22,1.92,True
7860,79,6,38,2024-12-09,2.92,True
7861,79,5,36,2023-07-18,4.32,True
7862,79,16,,2024-07-04,3.96,True
7863,79,12,72,2024-07-30,3.57,True
7864,79,2,14,2024-02-07,5.22,False
7865,79,22,137,2025-12-10,5.05,True
7866,79,28,,2024-06-21,4.79,True
7867,79,26,157,2024-02-23,5.9,True
7868,79,15,90,2024-11-05,2.06,False
7869,79,25,153,2024-10-15,4.87,False
7870,79,28,170,2024-06-18,4.77,True
7871,79,13,73,2024-04-09,4.68,True
7872,79,30,178,2026-05-25,2.0,True
7873,79,22,136,2025-02-26,1.32,False
7874,79,9,52,2023-12-15,3.1,False
7875,79,27,160,2024-03-21,2.37,True
7876,79,22,137,2023-07-18,3.66,True
7877,79,26,158,2025-11-11,2.86,True
7878,79,1,2,2024-07-05,7.64,True
7879,79,7,43,2024-09-17,6.3,False
7880,79,23,139,2024-06-05,4.21,True
7881,79,9,50,2025-09-10,6.87,True
7882,79,18,104,2024-12-02,6.18,True
7883,79,20,124,2024-06-06,7.93,True
7884,79,22,135,2024-06-26,4.27,True
7885,79,14,84,2024-03-01,5.01,True
7886,79,3,,2024-01-09,6.25,True
7887,79,3,18,2025-07-01,6.69,True
7888,79,26,158,2024-06-03,7.31,True
7889,79,20,122,2024-08-14,0.74,True
7890,79,17,100,2025-01-01,6.85,True
7891,79,1,4,2026-03-25,2.32,True
7892,79,22,136,2026-05-05,3.17,True
7893,79,29,172,2025-04-10,4.01,True
7894,79,8,46,2026-04-23,2.09,False
7895,79,18,107,2023-10-23,2.95,True
7896,79,25,155,2024-06-10,3.98,True
7897,79,17,102,2023-09-28,3.96,True
7898,79,5,29,2025-06-23,1.69,True
7899,79,5,34,2025-11-20,1.37,True
7900,79,2,,2023-08-16,0.98,True
7901,79,15,90,2024-11-19,3.26,True
7902,79,14,83,2025-02-28,2.45,True
7903,79,20,123,2023-09-25,6.39,True
7904,80,4,28,2026-04-02,4.4,False
7905,80,23,139,2023-08-07,6.58,False
7906,80,22,134,2023-07-20,4.7,True
7907,80,25,153,2023-08-07,7.94,True
7908,80,26,158,2026-05-20,5.2,False
7909,80,24,150,2026-04-17,5.76,True
7910,80,19,113,2024-06-28,5.32,True
7911,80,27,160,2024-04-19,7.3,True
7912,80,26,159,2024-09-04,7.06,True
7913,80,2,8,2025-01-17,7.63,False
7914,80,18,106,2023-09-21,6.26,True
7915,80,28,166,2024-12-09,4.59,True
7916,80,9,54,2023-11-09,1.4,True
7917,80,2,12,2024-06-05,3.8,False
7918,80,11,69,2024-10-11,0.61,True
7919,80,17,101,2026-04-08,1.52,True
7920,80,6,37,2024-03-25,1.71,True
7921,80,30,176,2026-03-19,5.68,False
7922,80,23,140,2023-11-16,5.96,True
7923,80,15,89,2025-12-16,1.49,True
7924,80,13,78,2025-12-18,2.65,False
7925,80,2,11,2024-12-13,5.68,True
7926,80,14,85,2026-04-28,4.17,True
7927,80,10,58,2024-05-20,5.11,True
7928,80,25,152,2025-09-05,6.26,True
7929,80,25,151,2023-11-09,1.14,True
7930,80,29,174,2024-05-16,5.99,True
7931,80,21,133,2023-10-06,2.06,True
7932,80,11,,2026-05-21,1.16,True
7933,80,20,120,2026-02-27,7.8,True
7934,80,10,57,2025-06-16,5.95,True
7935,80,10,56,2025-12-25,4.39,True
7936,80,20,121,2025-01-29,6.48,False
7937,80,15,90,2025-09-10,4.69,True
7938,80,25,153,2024-03-14,7.0,True
7939,80,13,80,2025-11-25,5.07,True
7940,80,6,40,2023-12-22,6.67,True
7941,80,24,150,2024-08-22,7.34,True
7942,80,17,100,2023-08-29,5.0,True
7943,80,29,173,2024-02-14,3.24,True
7944,80,6,37,2024-08-13,1.94,True
7945,80,8,46,2024-07-11,7.13,True
7946,80,2,10,2023-10-04,4.72,True
7947,80,6,37,2024-05-10,2.69,False
7948,80,13,79,2026-02-10,4.35,True
7949,80,4,25,2023-10-11,5.11,True
7950,80,16,92,2026-03-24,3.62,False
7951,80,4,22,2025-08-18,4.21,True
7952,80,4,26,2023-11-17,5.18,True
7953,80,24,148,2025-11-20,3.13,False
7954,80,11,,2024-12-19,0.79,False
7955,80,18,108,2024-09-11,5.71,True
7956,80,12,72,2026-01-13,5.81,False
7957,80,20,120,2025-05-26,4.04,True
7958,80,11,63,2024-05-16,7.15,True
7959,80,16,93,2025-02-04,5.58,True
7960,80,12,72,2023-07-25,2.35,True
7961,80,19,113,2025-05-07,2.39,True
7962,80,7,43,2025-11-19,1.86,False
7963,80,15,88,2024-06-12,5.13,True
7964,80,16,95,2023-07-31,2.13,True
7965,80,21,131,2025-03-13,2.38,True
7966,80,6,41,2025-07-11,3.37,True
7967,80,18,107,2024-07-02,6.56,True
7968,80,27,163,2023-09-08,5.82,True
7969,80,19,116,2023-11-09,1.12,True
7970,80,10,59,2025-10-09,1.92,True
7971,80,30,175,2025-06-17,4.54,True
7972,80,2,12,2024-10-11,3.03,True
7973,80,16,92,2023-12-12,3.78,True
7974,80,28,,2023-09-07,4.56,False
7975,80,11,63,2024-11-25,3.85,True
7976,80,13,75,2025-11-10,3.02,True
7977,80,23,141,2025-07-07,7.98,True
7978,80,11,69,2026-03-03,7.96,False
7979,80,27,,2025-11-05,4.36,True
7980,80,13,74,2026-05-05,4.65,True
7981,80,10,56,2024-07-05,1.13,True
7982,80,24,149,2026-05-05,5.52,True
7983,80,26,159,2025-01-31,6.15,True
7984,80,30,178,2025-07-17,2.81,False
7985,80,3,18,2025-11-19,3.23,True
7986,80,6,41,2023-12-14,4.55,False
7987,80,5,31,2023-08-24,0.84,True
7988,80,13,74,2025-11-12,5.89,False
7989,80,30,178,2023-09-19,3.5,True
7990,80,8,47,2024-09-04,4.36,True
7991,80,19,113,2025-07-02,6.88,True
7992,80,30,176,2026-04-23,6.51,False
7993,80,6,40,2025-11-26,3.76,True
7994,80,16,96,2023-12-27,0.76,True
7995,80,24,147,2024-01-01,4.0,True
7996,80,10,60,2023-11-20,3.44,False
7997,80,1,6,2025-02-24,7.5,True
7998,80,2,10,2024-03-29,6.6,True
7999,80,12,71,2024-08-19,3.92,False
8000,80,29,173,2023-11-27,7.69,True
8001,80,13,74,2025-08-08,1.75,True
8002,80,25,151,2024-02-22,3.79,False
8003,80,30,178,2023-08-10,4.54,True
8004,80,16,91,2026-01-19,4.61,False
8005,80,7,,2024-03-27,7.7,True
8006,80,9,53,2024-06-19,1.27,True
8007,80,3,17,2026-01-12,3.11,True
8008,80,13,79,2025-08-26,4.46,True
8009,81,6,38,2026-06-09,5.89,True
8010,81,29,174,2026-02-06,3.84,True
8011,81,6,39,2026-06-12,7.54,False
8012,81,14,83,2026-04-07,7.41,True
8013,81,1,,2026-01-20,5.43,True
8014,81,19,115,2026-06-26,4.94,True
8015,81,19,111,2026-03-31,6.44,True
8016,81,10,57,2026-06-26,5.47,True
8017,81,9,50,2026-01-05,1.53,True
8018,81,7,44,2026-05-05,0.51,True
8019,81,8,48,2026-01-09,6.86,False
8020,81,3,16,2026-01-05,0.75,True
8021,81,16,93,2026-02-09,1.11,False
8022,81,17,100,2026-03-25,2.75,True
8023,81,11,68,2026-02-09,1.87,True
8024,81,24,150,2026-03-13,2.62,True
8025,81,16,96,2026-02-09,5.15,True
8026,81,1,3,2026-06-26,4.37,True
8027,81,10,55,2026-01-14,2.8,True
8028,81,1,4,2026-04-14,1.47,False
8029,81,29,173,2026-02-27,4.6,True
8030,81,24,148,2026-03-04,1.67,False
8031,81,25,152,2026-03-31,0.94,False
8032,81,7,42,2026-04-30,2.27,True
8033,81,3,19,2026-03-10,3.68,True
8034,81,25,152,2026-05-19,0.92,True
8035,81,11,63,2026-05-22,2.87,True
8036,81,7,42,2026-01-15,6.61,True
8037,81,7,43,2026-01-15,4.88,True
8038,81,19,114,2026-03-10,0.81,True
8039,81,14,81,2026-05-19,7.42,False
8040,81,13,79,2026-04-09,2.96,True
8041,81,11,68,2026-03-20,2.84,True
8042,81,6,39,2026-01-09,1.15,True
8043,81,10,56,2026-02-20,6.22,True
8044,81,20,119,2026-06-29,2.66,True
8045,81,24,145,2026-06-23,2.89,False
8046,81,15,87,2026-02-18,2.4,True
8047,81,8,46,2026-04-10,1.6,True
8048,81,3,18,2026-06-16,3.13,True
8049,81,15,89,2026-05-07,7.87,True
8050,81,11,67,2026-05-14,1.57,False
8051,81,26,156,2026-04-02,5.57,False
8052,81,19,111,2026-06-16,2.34,True
8053,81,17,101,2026-01-30,7.4,True
8054,81,22,136,2026-06-16,6.98,False
8055,81,18,104,2026-06-12,0.66,True
8056,81,11,63,2026-04-02,7.61,True
8057,81,18,109,2026-06-08,7.05,False
8058,81,3,20,2026-06-08,0.71,True
8059,81,24,150,2026-02-05,4.95,False
8060,81,27,,2026-02-20,7.12,True
8061,81,21,132,2026-02-16,5.36,True
8062,81,2,13,2026-06-16,7.07,True
8063,81,4,28,2026-04-20,5.08,True
8064,81,8,46,2026-04-17,7.07,False
8065,81,27,165,2026-04-28,1.13,True
8066,81,23,139,2026-02-17,4.22,True
8067,81,27,161,2026-02-05,3.05,True
8068,81,20,119,2026-02-19,2.3,True
8069,81,7,44,2026-06-09,4.73,False
8070,81,2,12,2026-02-25,7.95,False
8071,81,21,132,2026-02-26,6.28,True
8072,81,3,19,2026-04-30,7.04,True
8073,81,19,114,2026-04-03,0.65,True
8074,81,4,24,2026-01-28,1.61,True
8075,81,19,115,2026-01-30,2.27,True
8076,81,26,,2026-04-01,2.59,True
8077,81,29,173,2026-05-07,1.32,True
8078,81,23,138,2026-03-20,7.08,False
8079,81,8,47,2026-05-25,5.38,False
8080,81,25,153,2026-04-02,5.5,True
8081,81,11,62,2026-02-18,1.49,True
8082,81,16,96,2026-01-05,1.47,True
8083,81,2,14,2026-05-08,1.45,True
8084,81,19,115,2026-03-10,7.27,True
8085,81,4,21,2026-04-17,3.8,True
8086,81,5,,2026-01-05,6.88,False
8087,81,7,,2026-02-26,5.93,True
8088,81,27,160,2026-01-08,5.62,True
8089,81,6,40,2026-03-06,3.03,True
8090,81,19,113,2026-03-24,7.89,True
8091,81,20,125,2026-06-19,5.38,False
8092,81,11,,2026-02-19,3.85,True
8093,81,8,45,2026-03-31,4.46,True
8094,81,29,172,2026-01-15,0.75,True
8095,81,30,176,2026-03-02,5.58,True
8096,81,21,130,2026-04-09,7.39,False
8097,81,12,70,2026-02-05,1.23,True
8098,81,14,82,2026-04-17,3.33,True
8099,81,21,132,2026-03-31,4.31,True
8100,81,30,175,2026-06-08,4.83,True
8101,81,29,174,2026-02-02,6.8,True
8102,81,29,173,2026-03-27,2.36,True
8103,81,28,168,2026-02-12,4.56,True
8104,81,13,79,2026-03-03,2.33,True
8105,81,3,,2026-03-11,5.99,True
8106,81,6,40,2026-04-30,0.54,True
8107,81,9,50,2026-01-22,7.43,False
8108,81,9,53,2026-04-09,5.32,False
8109,81,13,75,2026-04-22,4.12,True
8110,81,21,126,2026-05-01,3.17,True
8111,81,4,24,2026-03-11,7.52,True
8112,81,4,23,2026-02-12,5.79,False
8113,81,16,93,2026-05-29,3.7,True
8114,81,24,149,2026-04-24,1.13,True
8115,81,30,176,2026-03-03,6.3,True
8116,82,4,28,2025-08-26,4.86,True
8117,82,7,42,2025-07-31,5.54,False
8118,82,4,24,2026-02-24,7.67,False
8119,82,21,128,2023-10-06,4.39,True
8120,82,25,154,2026-05-20,3.66,True
8121,82,29,173,2026-06-08,7.9,False
8122,82,30,176,2023-07-07,3.93,True
8123,82,4,25,2024-11-26,6.78,True
8124,82,17,100,2023-10-25,5.85,True
8125,82,9,50,2025-06-18,6.14,True
8126,82,3,20,2025-03-04,5.88,True
8127,82,18,104,2024-03-07,7.36,True
8128,82,13,,2024-03-25,1.56,True
8129,82,28,170,2024-09-20,5.37,True
8130,82,12,71,2024-10-01,7.32,True
8131,82,21,128,2024-12-04,3.52,False
8132,82,4,23,2025-07-04,2.45,True
8133,82,13,76,2024-01-22,5.39,True
8134,82,14,81,2024-12-31,7.46,False
8135,82,24,150,2026-01-05,4.99,False
8136,82,11,62,2025-09-01,2.53,True
8137,82,17,99,2026-04-21,2.6,True
8138,82,18,109,2025-01-29,7.75,False
8139,82,23,138,2024-06-24,1.1,True
8140,82,19,116,2024-08-22,6.18,True
8141,82,11,66,2024-09-02,3.36,True
8142,82,16,,2025-04-17,4.02,False
8143,82,14,85,2026-05-04,2.6,True
8144,82,24,148,2025-11-28,2.41,True
8145,82,13,77,2026-05-19,2.34,False
8146,82,10,61,2025-05-19,6.49,True
8147,82,5,29,2024-11-19,6.38,False
8148,82,23,138,2025-07-30,5.91,False
8149,82,26,157,2024-07-22,6.99,True
8150,82,15,87,2024-09-20,3.89,True
8151,82,18,103,2026-01-20,2.64,True
8152,82,4,21,2024-11-26,6.78,True
8153,82,8,46,2025-09-08,1.96,True
8154,82,22,135,2024-04-18,6.47,False
8155,82,25,151,2024-10-15,4.19,True
8156,82,19,113,2023-09-01,2.77,True
8157,82,19,114,2026-04-16,5.92,False
8158,82,25,155,2024-09-18,6.05,True
8159,82,3,17,2024-03-22,5.14,False
8160,82,2,15,2025-02-27,5.01,True
8161,82,3,20,2024-05-14,4.54,True
8162,82,14,86,2025-03-31,5.17,True
8163,82,5,32,2023-12-27,2.29,True
8164,82,18,106,2025-12-05,6.12,True
8165,82,27,165,2025-10-06,1.03,True
8166,82,2,14,2023-12-04,5.04,False
8167,82,29,172,2025-04-15,4.52,True
8168,82,21,,2025-09-23,5.75,True
8169,82,10,56,2024-07-12,1.73,True
8170,82,24,149,2026-04-29,4.85,False
8171,82,2,,2023-09-18,7.97,True
8172,82,16,92,2024-04-16,5.4,False
8173,82,22,137,2025-03-06,7.97,True
8174,82,8,45,2025-03-24,2.51,True
8175,82,5,36,2025-02-17,1.54,True
8176,82,24,145,2024-09-13,4.88,True
8177,82,12,70,2024-01-08,0.58,True
8178,82,30,177,2024-01-02,0.71,True
8179,82,14,83,2025-01-27,7.22,False
8180,82,15,90,2025-12-01,6.75,False
8181,82,23,141,2024-03-13,5.93,True
8182,82,6,40,2025-07-21,6.45,True
8183,82,3,,2024-01-08,5.66,False
8184,82,3,,2023-08-29,4.45,False
8185,82,12,72,2024-07-01,2.09,True
8186,82,28,166,2025-04-16,7.16,False
8187,82,27,160,2023-09-25,2.82,False
8188,82,1,3,2025-11-04,4.73,True
8189,82,2,13,2023-12-26,4.06,False
8190,82,30,175,2025-01-30,4.1,False
8191,82,11,68,2024-10-02,1.71,False
8192,82,17,99,2024-02-22,2.25,True
8193,82,5,32,2025-04-11,4.57,True
8194,82,26,156,2025-12-11,1.8,True
8195,82,3,18,2026-02-24,7.23,False
8196,82,6,40,2023-09-12,2.48,True
8197,82,10,61,2025-01-23,2.15,True
8198,82,19,113,2025-03-21,6.69,True
8199,82,15,90,2025-02-24,5.93,True
8200,82,8,,2023-08-02,2.13,False
8201,82,22,136,2023-12-14,4.26,True
8202,82,17,98,2025-06-02,0.52,False
8203,82,5,34,2023-09-07,6.0,True
8204,82,20,119,2024-11-27,6.3,True
8205,82,7,42,2024-06-25,6.61,False
8206,82,28,170,2025-08-19,6.06,False
8207,82,11,67,2023-10-30,6.92,False
8208,82,1,1,2025-08-05,1.92,True
8209,82,25,155,2024-05-09,3.87,True
8210,82,7,44,2025-01-24,3.47,True
8211,82,4,21,2026-01-14,4.92,True
8212,82,8,45,2026-01-07,6.66,False
8213,82,26,159,2023-10-31,1.25,True
8214,82,28,167,2025-03-24,6.74,True
8215,83,14,81,2024-10-21,3.2,True
8216,83,8,48,2026-03-13,7.45,True
8217,83,26,157,2024-06-28,7.99,False
8218,83,11,69,2026-02-16,5.82,False
8219,83,21,,2024-03-07,4.7,False
8220,83,9,,2025-08-28,4.48,True
8221,83,21,130,2026-03-19,1.52,True
8222,83,13,77,2026-03-25,2.64,True
8223,83,19,118,2025-07-30,5.16,True
8224,83,27,161,2025-07-04,5.54,False
8225,83,1,7,2024-01-01,6.77,False
8226,83,9,51,2025-11-03,6.05,True
8227,83,8,47,2025-05-01,1.34,False
8228,83,18,105,2025-09-17,3.42,True
8229,83,10,60,2025-02-26,7.3,True
8230,83,9,50,2024-03-05,5.07,True
8231,83,20,,2024-02-06,5.32,True
8232,83,28,167,2024-06-25,4.29,True
8233,83,10,55,2024-09-16,2.1,False
8234,83,30,178,2024-09-19,7.19,True
8235,83,17,98,2025-04-30,1.59,True
8236,83,3,18,2025-09-10,4.37,False
8237,83,27,163,2024-02-12,2.81,True
8238,83,27,163,2024-05-17,6.21,True
8239,83,30,179,2025-01-07,1.83,True
8240,83,2,12,2024-06-11,7.07,True
8241,83,12,71,2025-07-03,1.85,True
8242,83,24,144,2023-11-09,4.31,True
8243,83,11,63,2024-06-26,2.27,True
8244,83,23,139,2025-02-21,5.27,False
8245,83,29,174,2025-05-19,2.44,True
8246,83,7,42,2024-08-09,6.2,True
8247,83,28,168,2024-09-30,6.16,False
8248,83,13,74,2026-04-21,2.49,False
8249,83,21,133,2025-08-21,1.33,True
8250,83,27,162,2024-02-27,4.49,True
8251,83,4,22,2025-06-09,0.5,False
8252,83,14,85,2025-08-07,6.15,True
8253,83,12,,2024-12-23,7.03,False
8254,83,16,92,2024-12-09,2.66,False
8255,83,8,,2023-12-11,5.37,True
8256,83,6,41,2026-05-13,7.17,True
8257,83,8,,2024-04-09,3.53,True
8258,83,16,93,2025-09-09,2.68,True
8259,83,13,78,2026-06-05,1.58,True
8260,83,17,97,2024-03-29,7.34,True
8261,83,15,87,2025-07-04,2.09,False
8262,83,19,117,2024-07-23,4.07,False
8263,83,30,176,2025-07-07,5.83,False
8264,83,6,40,2023-12-12,1.17,True
8265,83,23,141,2025-08-05,6.27,True
8266,83,8,48,2025-10-28,6.39,True
8267,83,15,90,2024-02-28,3.95,True
8268,83,27,164,2024-12-03,5.44,True
8269,83,13,73,2025-01-29,4.92,False
8270,83,25,155,2025-05-28,7.07,True
8271,83,16,96,2025-07-14,3.24,True
8272,83,13,80,2025-01-01,2.15,True
8273,83,22,137,2024-05-15,2.74,False
8274,83,14,81,2023-11-17,5.15,True
8275,83,30,175,2024-11-11,6.91,False
8276,83,30,179,2026-06-04,0.8,True
8277,83,18,109,2024-06-04,5.36,False
8278,83,24,147,2026-02-04,3.71,True
8279,83,13,78,2024-02-19,4.06,True
8280,83,1,4,2024-10-14,3.26,True
8281,83,21,127,2025-10-06,1.97,True
8282,83,25,151,2024-01-19,1.0,True
8283,83,26,159,2025-06-13,0.59,True
8284,83,28,170,2025-08-13,4.27,True
8285,83,14,84,2024-12-20,2.46,False
8286,83,18,105,2026-04-09,7.42,True
8287,83,6,38,2025-09-05,2.76,False
8288,83,14,,2025-09-23,3.6,True
8289,83,23,142,2024-12-27,3.48,False
8290,83,28,169,2026-01-21,0.89,False
8291,83,18,106,2024-04-29,6.16,True
8292,83,20,119,2024-04-19,6.31,False
8293,83,3,18,2025-05-22,4.68,True
8294,83,9,53,2023-11-06,5.92,False
8295,83,10,55,2025-11-19,5.15,True
8296,83,28,171,2024-09-10,6.55,True
8297,83,14,85,2026-01-30,2.38,True
8298,83,8,45,2025-10-23,7.58,True
8299,83,3,20,2025-02-04,4.02,True
8300,83,22,,2024-04-11,1.7,True
8301,83,30,178,2024-08-21,6.3,True
8302,83,6,39,2024-09-02,1.86,True
8303,83,10,57,2024-09-19,5.41,True
8304,83,21,128,2025-11-07,7.12,True
8305,84,12,72,2023-08-23,4.83,True
8306,84,29,173,2025-05-13,2.46,True
8307,84,23,141,2025-09-05,2.9,True
8308,84,18,107,2025-04-23,0.7,True
8309,84,29,172,2026-05-13,7.46,False
8310,84,12,71,2024-05-08,0.95,True
8311,84,24,144,2025-02-07,5.69,False
8312,84,13,76,2024-06-28,4.33,False
8313,84,17,99,2026-01-13,0.79,True
8314,84,3,,2025-03-13,4.84,True
8315,84,14,85,2023-10-19,7.07,True
8316,84,18,110,2026-05-20,2.86,False
8317,84,7,42,2026-01-29,6.47,True
8318,84,26,,2024-07-26,7.71,True
8319,84,16,96,2026-05-04,5.71,True
8320,84,7,43,2024-07-04,7.92,True
8321,84,21,129,2026-02-02,5.99,False
8322,84,7,44,2023-07-07,7.0,True
8323,84,21,132,2025-03-31,5.27,True
8324,84,7,42,2023-09-07,7.2,True
8325,84,22,137,2025-07-16,4.6,True
8326,84,30,176,2024-12-13,4.71,True
8327,84,20,125,2024-06-07,7.23,True
8328,84,4,27,2023-11-21,3.92,True
8329,84,3,17,2024-05-02,1.37,True
8330,84,19,115,2026-02-25,6.58,True
8331,84,4,21,2024-10-10,2.96,True
8332,84,28,169,2024-09-03,2.53,True
8333,84,27,162,2024-12-20,1.38,False
8334,84,30,179,2024-03-26,1.49,True
8335,84,25,154,2023-09-01,2.4,True
8336,84,23,,2026-05-19,3.57,True
8337,84,14,84,2024-07-19,6.29,True
8338,84,11,69,2024-11-07,1.4,False
8339,84,2,10,2026-02-23,4.35,True
8340,84,27,162,2025-09-10,7.83,True
8341,84,5,29,2025-10-14,5.05,False
8342,84,30,176,2024-03-12,1.29,True
8343,84,13,78,2025-08-22,6.57,True
8344,84,18,110,2024-01-31,2.08,True
8345,84,3,,2024-06-10,6.88,True
8346,84,15,89,2025-07-02,2.68,True
8347,84,26,158,2024-12-16,4.56,False
8348,84,20,125,2023-09-28,3.4,True
8349,84,8,49,2026-02-27,4.36,True
8350,84,25,151,2025-09-18,0.79,False
8351,84,20,121,2024-03-28,1.29,True
8352,84,26,159,2026-04-17,1.95,True
8353,84,29,172,2025-05-06,2.22,True
8354,84,19,114,2025-09-01,6.48,True
8355,84,2,15,2024-04-05,3.15,True
8356,84,4,23,2026-01-05,4.91,True
8357,84,8,46,2024-11-21,1.55,True
8358,84,10,58,2024-06-18,4.15,True
8359,84,4,22,2023-12-28,6.08,False
8360,84,30,177,2025-03-26,5.35,True
8361,84,12,,2025-03-03,6.17,True
8362,84,1,1,2025-09-04,6.74,True
8363,84,8,,2025-05-16,7.55,True
8364,84,15,90,2024-06-17,0.93,True
8365,84,21,130,2023-07-19,2.63,False
8366,84,29,173,2024-08-13,3.5,True
8367,84,12,70,2024-05-16,5.0,True
8368,84,18,109,2026-01-22,3.79,True
8369,84,13,76,2025-08-22,2.32,False
8370,84,5,,2025-01-29,4.42,True
8371,84,17,98,2023-12-22,7.13,False
8372,84,22,137,2023-09-07,1.0,True
8373,84,4,28,2023-10-25,6.38,True
8374,84,16,92,2024-03-22,2.5,True
8375,84,11,64,2024-10-29,1.56,True
8376,84,7,44,2025-12-01,6.89,True
8377,84,23,143,2026-03-31,2.1,True
8378,84,3,20,2025-02-11,3.53,True
8379,84,24,148,2025-07-04,5.5,True
8380,84,3,19,2024-01-11,2.0,False
8381,84,21,127,2024-05-15,6.24,True
8382,84,2,14,2024-06-11,1.13,True
8383,84,16,93,2025-02-28,0.94,True
8384,84,13,74,2025-09-17,0.91,True
8385,84,8,,2023-08-25,3.79,True
8386,84,29,173,2023-07-21,7.71,True
8387,84,23,139,2026-03-11,6.18,True
8388,84,10,58,2024-10-02,4.2,True
8389,84,30,177,2024-06-25,7.21,True
8390,84,6,40,2025-10-22,6.28,False
8391,84,4,23,2025-11-20,7.81,True
8392,84,15,89,2026-04-30,1.05,True
8393,84,28,,2024-03-06,1.83,True
8394,84,30,,2025-11-18,4.04,False
8395,84,9,50,2025-08-14,6.88,True
8396,84,3,19,2025-06-11,7.37,True
8397,84,21,132,2025-04-10,1.02,True
8398,84,11,67,2024-03-20,4.27,True
8399,84,17,99,2026-02-06,6.25,True
8400,84,14,84,2024-04-09,7.4,False
8401,84,7,44,2025-05-08,7.59,True
8402,84,12,70,2024-05-29,4.91,True
8403,84,12,72,2025-10-29,2.14,True
8404,84,27,162,2024-04-08,2.68,False
8405,85,27,160,2023-08-14,6.0,True
8406,85,2,10,2024-12-16,2.08,True
8407,85,21,128,2024-05-13,7.6,False
8408,85,2,9,2025-10-21,4.57,True
8409,85,20,122,2025-06-16,7.16,False
8410,85,18,108,2024-12-10,5.57,True
8411,85,13,77,2025-02-03,4.93,True
8412,85,18,107,2025-05-29,6.51,True
8413,85,30,179,2023-12-05,7.2,False
8414,85,20,121,2023-10-26,3.28,True
8415,85,16,92,2025-08-19,6.9,False
8416,85,10,58,2024-10-08,0.63,True
8417,85,18,105,2026-01-20,4.99,True
8418,85,13,75,2024-02-02,4.06,False
8419,85,26,158,2025-03-13,6.82,True
8420,85,4,26,2026-02-09,7.18,True
8421,85,12,72,2026-01-16,1.98,False
8422,85,21,127,2025-06-04,7.47,True
8423,85,21,,2024-10-07,6.93,False
8424,85,28,167,2024-01-01,3.46,True
8425,85,7,44,2026-01-09,3.45,True
8426,85,23,142,2025-10-14,2.72,False
8427,85,12,71,2023-09-18,4.86,True
8428,85,21,133,2025-06-04,1.35,False
8429,85,11,65,2025-01-30,6.66,True
8430,85,2,8,2024-01-24,7.15,False
8431,85,28,170,2025-10-28,5.15,True
8432,85,16,94,2026-04-28,5.73,False
8433,85,8,46,2025-08-15,7.42,False
8434,85,7,,2025-10-23,6.48,True
8435,85,7,44,2023-11-24,6.16,False
8436,85,14,83,2025-11-11,4.89,True
8437,85,24,150,2023-07-31,1.05,True
8438,85,18,107,2025-06-30,2.7,False
8439,85,13,73,2026-03-25,5.64,True
8440,85,28,170,2024-07-08,1.63,False
8441,85,28,166,2023-08-07,6.27,False
8442,85,12,72,2026-03-06,5.35,True
8443,85,4,23,2023-10-24,1.12,True
8444,85,1,6,2026-02-11,6.86,True
8445,85,30,177,2025-11-25,3.63,False
8446,85,20,119,2023-12-13,7.67,True
8447,85,5,33,2025-09-05,5.72,True
8448,85,29,173,2023-07-05,6.11,True
8449,85,24,,2025-10-28,3.18,False
8450,85,5,29,2025-07-14,0.68,True
8451,85,13,77,2026-03-20,4.63,False
8452,85,17,102,2024-12-26,3.47,False
8453,85,25,153,2025-12-26,2.76,False
8454,85,15,89,2024-08-29,2.83,True
8455,85,4,28,2025-07-25,3.32,False
8456,85,3,20,2025-09-23,1.89,True
8457,85,1,6,2026-03-16,6.57,True
8458,85,25,151,2025-09-10,3.05,False
8459,85,23,,2026-01-27,1.63,True
8460,85,22,,2024-02-20,5.15,False
8461,85,18,103,2023-08-07,2.53,True
8462,85,3,19,2024-07-17,5.01,True
8463,85,8,,2024-03-21,6.35,True
8464,85,18,103,2025-06-16,1.7,True
8465,85,12,71,2024-07-15,1.89,True
8466,85,17,99,2023-08-18,5.75,False
8467,85,22,135,2024-05-22,1.86,True
8468,85,1,4,2025-12-01,7.45,False
8469,85,28,171,2024-06-27,5.7,True
8470,85,24,145,2025-06-13,6.53,True
8471,85,19,114,2024-06-26,6.54,False
8472,85,23,140,2025-06-16,3.33,True
8473,85,1,1,2024-08-13,3.05,False
8474,85,23,139,2024-05-02,7.87,True
8475,85,2,13,2026-02-05,0.94,True
8476,85,12,71,2024-07-17,2.87,True
8477,85,24,147,2024-05-17,5.01,True
8478,85,5,32,2026-03-10,0.88,True
8479,85,3,19,2024-07-05,6.63,True
8480,85,26,157,2024-01-16,0.62,True
8481,85,18,105,2023-08-08,6.23,False
8482,85,21,129,2024-12-04,6.82,False
8483,85,8,,2024-10-16,1.1,True
8484,85,5,36,2024-07-02,4.47,False
8485,85,3,16,2025-03-11,1.56,True
8486,85,16,95,2023-08-16,6.06,True
8487,85,20,120,2026-01-29,7.07,True
8488,85,20,123,2025-07-24,1.62,True
8489,85,30,177,2023-11-17,2.19,False
8490,85,18,108,2024-03-05,6.46,True
8491,85,26,156,2023-07-20,4.44,True
8492,85,1,6,2026-01-13,2.55,True
8493,85,3,20,2025-12-04,2.66,False
8494,85,22,136,2024-11-25,4.25,True
8495,85,16,95,2024-02-28,6.09,False
8496,85,18,106,2024-03-21,2.57,True
8497,85,26,156,2023-07-24,6.85,True
8498,86,4,23,2024-02-19,7.81,True
8499,86,28,168,2025-02-03,3.66,False
8500,86,7,,2023-12-29,6.55,False
8501,86,27,165,2023-11-28,3.41,True
8502,86,23,141,2023-10-05,5.24,False
8503,86,11,68,2025-02-11,6.74,False
8504,86,8,48,2025-11-18,0.99,False
8505,86,21,130,2024-05-31,7.78,True
8506,86,28,169,2024-03-01,5.0,True
8507,86,23,143,2025-02-27,6.69,True
8508,86,7,42,2026-06-18,4.09,True
8509,86,18,106,2024-05-27,5.94,False
8510,86,8,45,2025-10-14,6.07,True
8511,86,9,51,2024-07-10,2.57,True
8512,86,18,106,2026-04-13,6.59,True
8513,86,8,48,2024-03-04,4.27,True
8514,86,9,50,2025-08-08,5.93,True
8515,86,24,148,2024-05-28,4.41,True
8516,86,7,43,2025-12-02,7.52,True
8517,86,24,146,2025-03-19,0.5,True
8518,86,20,121,2024-05-02,3.05,True
8519,86,7,42,2023-07-12,7.01,False
8520,86,6,38,2024-07-22,5.97,False
8521,86,14,81,2025-11-26,1.02,True
8522,86,22,134,2025-10-24,4.94,False
8523,86,17,97,2025-02-26,5.33,False
8524,86,8,46,2024-03-04,4.34,True
8525,86,19,115,2023-11-08,3.41,True
8526,86,17,100,2024-09-30,6.66,True
8527,86,14,86,2023-07-11,7.66,False
8528,86,8,45,2026-04-15,5.23,True
8529,86,27,160,2023-08-11,1.66,True
8530,86,1,6,2026-06-01,1.16,True
8531,86,29,174,2024-12-05,3.94,True
8532,86,23,141,2026-05-21,4.45,True
8533,86,7,44,2025-08-28,6.49,False
8534,86,11,67,2024-12-11,3.52,True
8535,86,28,167,2024-11-20,2.15,True
8536,86,8,47,2026-01-20,1.24,True
8537,86,21,129,2023-10-04,7.86,False
8538,86,21,127,2025-02-10,0.59,True
8539,86,2,9,2026-04-09,6.0,True
8540,86,21,126,2026-04-06,0.78,True
8541,86,23,143,2026-02-27,1.96,False
8542,86,12,71,2025-06-19,6.07,True
8543,86,6,41,2025-03-07,3.94,False
8544,86,13,,2026-03-24,2.8,False
8545,86,25,155,2024-01-03,5.35,True
8546,86,20,123,2024-01-18,3.27,True
8547,86,18,108,2025-02-28,0.93,True
8548,86,13,77,2025-01-08,4.98,True
8549,86,12,70,2024-05-24,2.34,True
8550,86,6,39,2023-08-21,5.22,True
8551,86,2,11,2024-12-05,1.81,True
8552,86,15,90,2024-09-05,2.67,True
8553,86,8,46,2024-08-29,0.8,True
8554,86,13,80,2026-02-10,2.41,True
8555,86,24,149,2025-07-14,7.31,True
8556,86,11,66,2024-11-20,3.66,True
8557,86,8,46,2025-02-07,2.26,False
8558,86,17,100,2023-09-05,3.7,True
8559,86,4,25,2025-03-06,6.04,True
8560,86,26,156,2025-08-20,4.84,True
8561,86,4,26,2023-08-04,4.47,True
8562,86,14,83,2026-06-01,2.66,True
8563,86,1,6,2024-07-05,7.77,True
8564,86,12,70,2024-12-02,4.06,True
8565,86,29,,2025-06-25,7.6,True
8566,86,8,45,2025-06-27,1.23,True
8567,86,9,50,2024-07-08,3.93,True
8568,86,21,126,2024-03-11,7.34,True
8569,86,30,175,2024-11-04,5.22,True
8570,86,8,46,2025-03-04,0.77,False
8571,86,21,130,2025-09-04,0.7,True
8572,86,30,179,2024-09-09,0.65,True
8573,86,28,167,2025-03-26,5.03,True
8574,86,28,,2025-04-22,4.2,False
8575,86,28,166,2024-12-16,3.19,True
8576,86,7,42,2024-09-27,1.95,True
8577,86,21,129,2023-11-29,5.74,True
8578,86,23,,2024-03-11,1.38,False
8579,86,2,15,2026-02-20,1.93,True
8580,86,30,175,2025-12-30,6.06,False
8581,86,18,104,2025-10-03,4.64,False
8582,86,30,,2025-10-30,6.97,False
8583,86,17,99,2024-08-13,6.67,False
8584,86,14,85,2024-09-10,2.19,True
8585,86,22,135,2025-02-20,5.05,True
8586,86,28,166,2025-07-07,2.79,False
8587,86,20,122,2024-11-14,4.36,True
8588,86,19,114,2026-03-24,1.83,True
8589,86,17,,2025-05-19,6.28,True
8590,86,12,72,2025-10-24,1.65,True
8591,86,7,42,2023-09-11,1.72,True
8592,86,24,147,2025-09-24,0.95,True
8593,86,8,47,2025-07-15,3.23,True
8594,86,4,22,2026-02-10,6.86,False
8595,86,30,177,2024-05-22,3.4,True
8596,86,10,58,2026-04-08,4.08,True
8597,86,3,,2023-09-21,0.9,False
8598,86,7,44,2026-03-03,2.44,False
8599,86,17,100,2024-12-26,1.55,True
8600,86,11,63,2025-12-24,4.16,True
8601,86,3,,2024-10-15,3.81,False
8602,86,14,82,2024-08-30,4.22,False
8603,86,7,44,2023-11-29,5.13,True
8604,86,26,159,2025-08-08,6.44,True
8605,87,10,55,2026-03-18,5.99,True
8606,87,26,157,2026-03-04,7.86,True
8607,87,14,84,2026-03-02,5.23,True
8608,87,21,127,2026-03-24,3.38,True
8609,87,17,98,2026-06-08,7.1,True
8610,87,10,61,2026-05-12,0.52,True
8611,87,28,167,2026-02-24,5.03,True
8612,87,2,10,2026-04-24,6.81,False
8613,87,2,15,2026-04-13,2.58,False
8614,87,27,161,2026-04-29,3.37,True
8615,87,19,116,2026-03-16,2.37,True
8616,87,3,18,2026-03-17,6.78,True
8617,87,28,166,2026-05-13,7.12,True
8618,87,8,47,2026-03-10,1.04,True
8619,87,11,64,2026-05-06,5.9,True
8620,87,26,159,2026-02-17,2.07,True
8621,87,16,,2026-06-16,1.91,True
8622,87,10,,2026-03-31,7.61,True
8623,87,15,89,2026-04-24,7.94,False
8624,87,28,169,2026-04-13,6.18,True
8625,87,3,18,2026-06-22,3.92,True
8626,87,17,,2026-05-19,6.02,True
8627,87,21,127,2026-06-05,1.59,True
8628,87,9,51,2026-06-04,0.9,True
8629,87,28,,2026-06-16,7.33,True
8630,87,11,63,2026-05-27,5.8,True
8631,87,13,77,2026-03-10,4.6,True
8632,87,11,62,2026-02-20,4.39,True
8633,87,17,97,2026-04-23,6.27,True
8634,87,29,174,2026-05-25,5.7,True
8635,87,19,,2026-06-11,4.93,False
8636,87,14,85,2026-03-05,2.2,True
8637,87,29,174,2026-06-26,3.94,True
8638,87,14,81,2026-06-01,7.11,True
8639,87,2,14,2026-06-03,4.19,False
8640,87,18,109,2026-03-30,0.67,False
8641,87,30,176,2026-06-25,3.24,True
8642,87,30,175,2026-05-18,7.55,True
8643,87,4,22,2026-03-05,3.35,False
8644,87,28,170,2026-06-18,2.0,True
8645,87,23,141,2026-05-29,3.9,True
8646,87,4,27,2026-05-05,2.68,True
8647,87,4,24,2026-04-27,7.73,True
8648,87,18,109,2026-05-12,3.96,False
8649,87,27,165,2026-05-14,3.98,True
8650,87,14,83,2026-05-12,0.99,True
8651,87,6,40,2026-06-30,5.11,False
8652,87,2,9,2026-04-29,5.98,True
8653,87,27,,2026-02-13,4.8,False
8654,87,29,172,2026-03-23,3.12,False
8655,87,7,43,2026-03-18,3.8,True
8656,87,2,15,2026-05-18,7.78,False
8657,87,7,42,2026-06-09,2.93,True
8658,87,25,151,2026-06-22,6.26,True
8659,87,1,5,2026-03-20,4.73,True
8660,87,19,118,2026-03-23,4.88,True
8661,87,24,144,2026-03-02,3.72,False
8662,87,7,44,2026-06-26,6.35,True
8663,87,30,176,2026-04-08,4.84,True
8664,87,28,166,2026-06-05,4.07,False
8665,87,9,50,2026-02-24,7.43,True
8666,87,19,113,2026-03-09,0.66,True
8667,87,2,13,2026-04-21,1.6,True
8668,87,19,112,2026-06-24,6.91,False
8669,87,2,12,2026-04-02,0.72,True
8670,87,10,61,2026-04-09,7.11,False
8671,87,24,146,2026-02-19,6.42,False
8672,87,5,34,2026-05-25,4.39,False
8673,87,17,102,2026-04-30,3.62,True
8674,87,18,105,2026-04-02,1.78,True
8675,87,30,178,2026-04-28,1.54,True
8676,87,27,162,2026-02-26,7.76,True
8677,87,26,,2026-03-23,2.52,True
8678,87,3,16,2026-03-10,1.68,True
8679,87,23,138,2026-03-11,1.26,True
8680,87,15,87,2026-02-18,4.88,False
8681,87,20,124,2026-03-26,3.57,True
8682,87,13,80,2026-03-31,5.98,True
8683,87,13,77,2026-03-02,6.54,False
8684,87,5,32,2026-03-31,4.89,True
8685,87,10,,2026-05-12,6.48,False
8686,87,25,154,2026-03-20,6.53,True
8687,87,3,20,2026-06-18,0.78,False
8688,87,10,56,2026-02-17,2.08,True
8689,87,10,58,2026-03-03,4.83,True
8690,87,23,143,2026-03-03,2.41,False
8691,87,4,28,2026-03-04,6.98,False
8692,87,22,136,2026-03-18,6.69,True
8693,87,2,11,2026-04-28,1.8,True
8694,87,10,58,2026-04-30,5.49,True
8695,87,24,144,2026-02-20,2.6,True
8696,87,23,139,2026-04-21,1.38,True
8697,87,9,52,2026-06-02,2.81,False
8698,87,2,10,2026-02-24,3.39,True
8699,87,30,177,2026-06-15,5.15,True
8700,87,11,69,2026-05-15,3.64,True
8701,87,14,84,2026-06-05,6.53,False
8702,87,23,,2026-05-01,5.77,True
8703,87,30,177,2026-02-16,2.09,True
8704,87,24,149,2026-03-19,7.04,True
8705,87,10,55,2026-02-17,2.63,True
8706,87,11,62,2026-02-26,3.01,True
8707,87,25,155,2026-04-03,3.67,True
8708,87,10,55,2026-05-06,4.97,True
8709,87,30,178,2026-05-14,2.03,True
8710,87,25,,2026-05-06,3.94,True
8711,87,25,151,2026-02-25,4.23,True
8712,88,29,172,2024-09-06,7.99,True
8713,88,12,71,2025-01-14,0.78,True
8714,88,20,120,2024-05-01,5.66,True
8715,88,22,136,2023-07-06,7.57,False
8716,88,4,22,2025-07-07,3.03,True
8717,88,19,116,2024-06-19,7.35,True
8718,88,23,141,2025-09-09,3.04,False
8719,88,7,42,2024-02-27,4.59,True
8720,88,16,92,2024-03-22,4.61,True
8721,88,5,32,2024-08-13,3.48,False
8722,88,9,54,2024-03-05,4.02,True
8723,88,3,18,2023-11-28,2.84,False
8724,88,28,168,2025-10-14,4.65,False
8725,88,13,80,2024-10-23,4.09,True
8726,88,12,71,2025-06-16,0.81,True
8727,88,11,68,2026-01-30,2.18,True
8728,88,4,24,2023-11-30,7.78,False
8729,88,6,39,2025-08-19,3.35,True
8730,88,27,161,2025-08-11,7.8,True
8731,88,14,86,2024-03-25,0.57,True
8732,88,18,107,2024-12-09,7.51,True
8733,88,28,168,2024-10-25,2.08,True
8734,88,14,83,2023-11-07,7.03,True
8735,88,17,,2023-07-07,3.86,True
8736,88,12,71,2025-05-02,2.46,True
8737,88,17,102,2025-08-08,1.16,True
8738,88,22,137,2023-07-05,7.42,True
8739,88,26,156,2026-03-12,6.99,True
8740,88,15,88,2025-10-06,6.11,True
8741,88,13,80,2025-05-15,2.81,True
8742,88,22,,2023-12-19,2.66,False
8743,88,12,72,2024-07-25,7.22,True
8744,88,9,53,2024-06-13,4.34,True
8745,88,5,30,2025-06-19,7.13,True
8746,88,10,,2026-02-06,2.61,True
8747,88,11,64,2024-05-13,2.51,True
8748,88,30,177,2023-09-29,3.54,True
8749,88,22,137,2023-08-24,3.44,True
8750,88,19,118,2025-01-21,3.16,True
8751,88,12,72,2023-07-31,6.95,True
8752,88,21,132,2026-04-28,7.22,True
8753,88,4,23,2025-10-22,2.71,False
8754,88,10,56,2026-01-29,4.22,True
8755,88,24,144,2024-03-06,5.18,True
8756,88,4,24,2025-09-25,2.73,True
8757,88,16,91,2024-03-01,4.57,False
8758,88,26,156,2024-06-27,7.76,True
8759,88,9,51,2025-12-22,7.8,True
8760,88,17,99,2025-07-09,2.94,False
8761,88,4,28,2025-03-18,6.14,True
8762,88,10,57,2025-11-14,6.13,True
8763,88,13,76,2026-02-16,0.68,True
8764,88,21,131,2023-08-16,3.33,True
8765,88,30,177,2026-05-19,1.4,True
8766,88,25,154,2025-05-08,1.12,False
8767,88,23,139,2024-12-23,0.73,True
8768,88,26,158,2025-07-03,1.67,True
8769,88,5,36,2023-09-07,1.87,True
8770,88,26,158,2025-04-15,7.35,False
8771,88,10,59,2026-01-12,7.5,False
8772,88,28,166,2024-07-15,5.0,True
8773,88,8,47,2024-10-25,3.92,False
8774,88,14,82,2024-08-26,0.88,True
8775,88,15,,2025-06-24,7.75,True
8776,88,5,34,2024-03-01,3.45,True
8777,88,3,19,2026-02-23,2.52,True
8778,88,13,77,2026-04-02,0.88,True
8779,88,14,81,2024-03-18,3.39,True
8780,88,27,163,2025-05-14,7.51,True
8781,88,1,7,2023-11-14,4.49,True
8782,88,11,64,2024-07-16,4.3,True
8783,88,13,80,2024-05-17,3.97,False
8784,88,3,,2025-08-04,6.99,False
8785,88,27,160,2026-03-03,1.15,True
8786,88,22,137,2024-12-10,3.04,False
8787,88,1,1,2025-11-21,2.51,True
8788,88,9,,2026-02-23,5.45,True
8789,88,21,130,2023-08-31,6.43,False
8790,88,18,105,2023-10-19,1.35,True
8791,88,4,21,2026-05-18,7.81,False
8792,88,20,119,2023-11-30,6.26,True
8793,88,26,157,2024-12-20,2.96,False
8794,88,27,164,2025-11-12,0.72,False
8795,88,16,96,2024-09-17,4.16,False
8796,88,13,80,2023-07-25,5.43,True
8797,88,2,8,2025-11-06,2.67,True
8798,88,3,17,2025-01-15,0.66,True
8799,88,4,25,2023-09-22,3.91,True
8800,88,11,69,2024-07-24,6.04,False
8801,88,14,86,2025-07-03,1.67,True
8802,88,23,,2024-11-20,7.49,True
8803,88,29,172,2024-04-09,3.61,True
8804,88,16,92,2025-10-17,6.41,True
8805,88,14,,2025-10-16,7.77,False
8806,88,9,53,2026-05-11,5.22,True
8807,88,2,11,2023-12-13,5.15,True
8808,88,22,136,2024-01-29,1.85,True
8809,88,27,165,2024-12-04,5.13,True
8810,88,20,119,2024-06-10,6.57,True
8811,88,16,94,2024-02-20,7.09,False
8812,88,21,128,2025-11-11,0.6,True
8813,88,3,19,2025-10-14,6.76,False
8814,88,16,91,2024-02-12,0.83,True
8815,88,23,140,2025-04-08,6.93,True
8816,88,27,162,2025-10-09,4.02,True
8817,89,19,113,2025-10-01,3.15,False
8818,89,21,127,2025-10-10,3.06,True
8819,89,1,5,2026-06-02,5.4,False
8820,89,8,48,2024-06-04,1.7,True
8821,89,11,68,2024-07-23,1.09,False
8822,89,19,111,2024-10-28,3.86,True
8823,89,8,,2023-07-20,6.45,False
8824,89,22,135,2024-08-30,2.98,True
8825,89,4,26,2023-11-17,5.19,True
8826,89,2,15,2024-12-24,7.42,True
8827,89,25,155,2023-12-14,1.28,False
8828,89,5,,2023-10-05,3.79,False
8829,89,25,153,2025-07-14,7.19,True
8830,89,30,179,2025-10-10,4.09,True
8831,89,27,162,2025-09-11,3.37,False
8832,89,30,175,2024-06-25,4.61,True
8833,89,18,,2026-01-19,1.38,True
8834,89,13,79,2024-07-03,5.02,True
8835,89,13,75,2026-03-05,2.22,True
8836,89,19,115,2024-06-13,3.48,True
8837,89,22,137,2023-07-07,5.23,True
8838,89,20,125,2024-11-01,7.88,True
8839,89,24,,2025-01-20,2.73,True
8840,89,20,120,2025-03-05,7.68,True
8841,89,10,56,2024-12-10,0.69,False
8842,89,25,151,2026-03-24,0.91,True
8843,89,27,162,2024-03-13,1.38,True
8844,89,12,72,2023-08-23,5.7,True
8845,89,11,62,2024-03-26,5.93,True
8846,89,4,21,2026-04-21,7.1,True
8847,89,15,89,2024-05-03,7.63,True
8848,89,28,167,2025-08-15,6.76,True
8849,89,9,54,2025-12-10,7.8,True
8850,89,11,62,2026-06-18,3.29,True
8851,89,23,138,2025-12-11,7.22,False
8852,89,19,112,2024-04-18,3.81,True
8853,89,16,94,2026-02-18,0.95,True
8854,89,17,102,2026-02-26,1.55,True
8855,89,5,30,2025-10-13,2.07,True
8856,89,3,16,2025-03-13,5.6,False
8857,89,29,172,2025-07-31,5.31,True
8858,89,1,7,2023-12-12,7.52,True
8859,89,13,77,2023-07-07,2.61,True
8860,89,3,,2023-11-08,0.76,False
8861,89,30,175,2025-06-11,6.07,False
8862,89,26,157,2024-04-30,4.8,True
8863,89,11,68,2025-08-27,6.3,True
8864,89,1,5,2023-11-24,4.71,True
8865,89,28,,2024-10-08,6.61,True
8866,89,23,143,2023-12-01,1.83,True
8867,89,6,40,2024-01-16,7.73,False
8868,89,3,17,2023-11-14,1.67,False
8869,89,22,135,2024-05-23,6.63,False
8870,89,19,116,2026-01-30,2.2,True
8871,89,12,71,2024-03-15,7.76,True
8872,89,9,51,2026-04-10,3.39,True
8873,89,1,5,2024-12-03,5.99,True
8874,89,23,140,2025-04-24,2.68,False
8875,89,23,139,2024-06-11,4.32,False
8876,89,30,,2024-01-03,7.2,False
8877,89,17,97,2024-10-24,2.08,True
8878,89,4,24,2024-02-06,1.08,True
8879,89,23,139,2024-08-27,5.72,False
8880,89,14,86,2023-10-19,4.34,True
8881,89,4,26,2024-06-25,6.05,True
8882,89,22,137,2024-09-09,7.14,True
8883,89,21,127,2024-12-26,2.27,False
8884,89,30,179,2025-11-10,1.84,True
8885,89,29,174,2023-07-18,3.22,True
8886,89,25,155,2025-12-09,4.25,True
8887,89,9,52,2025-01-10,1.69,True
8888,89,12,72,2025-08-20,2.54,True
8889,89,23,142,2024-07-15,5.65,True
8890,89,29,172,2026-03-19,7.3,True
8891,89,18,103,2024-01-02,2.76,True
8892,89,19,114,2025-09-30,1.93,True
8893,89,25,155,2025-09-10,3.18,True
8894,89,27,162,2025-05-28,7.72,True
8895,89,14,82,2024-06-17,7.3,True
8896,89,17,97,2026-02-25,3.2,False
8897,89,17,102,2025-06-17,4.03,True
8898,89,28,,2024-06-25,1.75,True
8899,89,21,132,2023-07-24,3.33,True
8900,89,29,173,2023-08-16,4.97,True
8901,89,7,44,2025-01-06,4.51,False
8902,89,10,60,2025-09-16,5.9,True
8903,89,4,26,2025-12-17,6.11,True
8904,89,17,100,2024-09-10,6.47,True
8905,89,22,,2023-09-13,7.33,True
8906,89,16,92,2023-10-05,2.16,True
8907,89,10,59,2026-01-20,0.9,True
8908,89,26,,2024-08-12,2.05,False
8909,90,25,152,2026-03-24,5.75,True
8910,90,14,81,2026-04-22,7.85,True
8911,90,24,150,2024-04-23,3.43,True
8912,90,24,146,2024-05-07,3.36,False
8913,90,23,142,2025-05-20,4.02,True
8914,90,18,105,2023-09-04,3.29,True
8915,90,1,1,2024-01-01,4.39,True
8916,90,17,98,2025-09-25,2.2,True
8917,90,3,20,2024-01-05,2.62,True
8918,90,23,140,2024-02-07,4.62,True
8919,90,17,98,2026-02-03,1.1,True
8920,90,29,172,2024-07-31,6.13,True
8921,90,7,43,2025-12-02,2.25,True
8922,90,4,27,2024-08-07,2.88,True
8923,90,8,47,2025-05-12,3.96,True
8924,90,4,21,2025-12-22,1.06,True
8925,90,14,81,2024-04-22,5.93,True
8926,90,22,134,2025-01-06,5.59,True
8927,90,29,172,2025-09-16,2.53,True
8928,90,12,70,2025-09-24,2.32,False
8929,90,24,146,2023-09-15,6.82,True
8930,90,19,116,2026-01-26,3.56,True
8931,90,22,135,2024-07-18,4.2,True
8932,90,30,175,2026-04-07,4.86,True
8933,90,20,125,2023-08-03,4.25,False
8934,90,17,,2023-07-27,1.31,False
8935,90,13,77,2023-07-12,4.3,True
8936,90,20,124,2024-05-02,5.87,True
8937,90,9,53,2025-02-05,7.06,False
8938,90,5,34,2023-08-16,3.24,True
8939,90,15,89,2026-04-21,7.05,False
8940,90,27,,2025-08-05,4.84,True
8941,90,10,55,2024-03-18,4.5,True
8942,90,5,32,2026-01-13,6.99,True
8943,90,7,44,2026-05-18,0.95,True
8944,90,30,176,2025-01-09,5.06,True
8945,90,28,166,2025-10-03,5.05,True
8946,90,16,96,2025-05-20,2.25,True
8947,90,1,1,2025-04-11,6.48,True
8948,90,21,131,2025-08-25,0.54,False
8949,90,5,29,2024-10-15,1.77,False
8950,90,23,,2024-07-25,3.98,False
8951,90,1,,2025-03-24,0.58,True
8952,90,9,51,2024-10-15,4.7,False
8953,90,22,134,2024-09-23,0.8,True
8954,90,4,,2025-07-29,2.88,False
8955,90,9,,2025-08-21,2.56,True
8956,90,27,160,2026-05-08,1.52,True
8957,90,8,46,2024-03-04,2.13,True
8958,90,22,136,2026-05-04,7.21,True
8959,90,6,39,2023-09-13,1.79,True
8960,90,9,54,2023-12-21,3.44,True
8961,90,23,142,2025-05-26,2.18,True
8962,90,17,102,2024-07-01,6.6,False
8963,90,20,125,2023-12-25,4.14,True
8964,90,22,134,2024-02-07,3.11,False
8965,90,7,43,2025-12-30,8.0,True
8966,90,14,83,2025-08-18,7.64,True
8967,90,21,133,2024-07-25,3.75,True
8968,90,21,129,2026-01-19,1.48,False
8969,90,13,80,2024-01-10,7.1,True
8970,90,27,,2024-04-17,3.98,False
8971,90,29,173,2023-08-08,1.23,True
8972,90,8,46,2025-03-25,6.29,True
8973,90,26,,2024-08-08,0.62,True
8974,90,28,169,2025-12-11,6.71,True
8975,90,26,158,2025-04-15,5.65,True
8976,90,26,157,2024-06-04,3.07,True
8977,90,1,7,2024-07-15,5.8,True
8978,90,10,55,2025-05-30,5.48,True
8979,90,6,41,2024-01-12,2.85,True
8980,90,9,52,2024-10-04,1.94,True
8981,90,7,,2024-04-09,3.63,True
8982,90,17,98,2024-02-27,0.88,True
8983,90,13,73,2024-07-22,2.44,True
8984,90,18,109,2025-06-30,6.01,False
8985,90,28,171,2024-04-12,6.16,True
8986,90,20,,2026-06-12,2.08,False
8987,90,26,158,2025-02-21,7.28,False
8988,90,20,121,2026-04-21,7.18,False
8989,90,24,150,2025-01-20,5.11,True
8990,90,18,109,2025-02-03,1.0,True
8991,90,22,134,2025-05-19,5.9,True
8992,90,6,38,2024-01-31,1.4,False
8993,90,19,115,2025-08-19,1.69,False
8994,90,1,,2025-02-24,6.65,False
8995,90,12,71,2023-07-27,3.94,False
8996,90,19,112,2024-12-23,7.49,False
8997,90,30,176,2025-05-27,5.14,False
8998,90,26,159,2026-01-22,2.47,True
8999,91,13,79,2025-12-25,3.62,True
9000,91,11,68,2025-10-31,0.6,True
9001,91,13,79,2025-04-14,3.86,True
9002,91,14,84,2026-04-02,4.78,True
9003,91,20,120,2025-10-01,7.19,True
9004,91,30,177,2026-02-16,1.89,True
9005,91,16,93,2026-03-17,3.86,True
9006,91,16,92,2025-08-28,3.61,False
9007,91,4,,2026-04-13,7.62,False
9008,91,12,72,2025-11-25,0.77,True
9009,91,22,136,2025-10-30,5.08,False
9010,91,4,25,2026-01-13,2.76,False
9011,91,16,95,2026-01-01,6.92,False
9012,91,10,61,2025-01-13,2.03,True
9013,91,29,172,2025-10-03,1.48,False
9014,91,13,80,2025-03-28,7.37,False
9015,91,5,,2025-08-04,3.58,True
9016,91,11,68,2026-03-31,2.24,True
9017,91,29,174,2026-05-08,6.18,False
9018,91,22,136,2026-03-19,3.59,False
9019,91,23,141,2025-04-18,3.63,True
9020,91,27,164,2025-09-05,6.61,True
9021,91,15,89,2025-03-17,3.92,True
9022,91,23,141,2025-03-26,2.76,True
9023,91,3,,2025-12-01,7.39,True
9024,91,26,,2025-08-25,2.03,True
9025,91,1,1,2025-08-01,5.24,True
9026,91,1,7,2025-08-29,5.36,False
9027,91,20,123,2026-01-16,0.93,True
9028,91,23,142,2025-12-25,3.63,True
9029,91,3,,2025-07-04,0.6,True
9030,91,30,177,2026-06-11,3.39,True
9031,91,21,130,2025-02-12,6.55,False
9032,91,4,22,2026-01-27,3.54,True
9033,91,13,77,2026-06-09,3.12,True
9034,91,14,,2024-12-31,2.68,True
9035,91,1,1,2025-11-05,6.84,True
9036,91,23,143,2025-02-10,1.77,False
9037,91,18,105,2026-04-01,4.76,True
9038,91,22,136,2025-09-19,3.02,False
9039,91,29,174,2025-01-10,3.06,True
9040,91,30,175,2025-04-24,4.94,True
9041,91,26,157,2025-10-16,3.26,True
9042,91,14,82,2025-02-04,3.19,True
9043,91,2,8,2025-04-14,2.97,True
9044,91,28,170,2025-06-17,2.01,True
9045,91,6,38,2025-09-12,6.61,True
9046,91,15,,2025-06-13,0.62,False
9047,91,16,92,2025-02-26,2.14,True
9048,91,20,120,2026-05-25,3.87,True
9049,91,9,52,2025-11-18,7.11,True
9050,91,4,21,2026-04-13,3.49,True
9051,91,2,8,2026-01-16,0.81,True
9052,91,15,88,2025-11-13,7.88,True
9053,91,8,48,2025-02-28,3.55,True
9054,91,28,171,2026-02-26,2.05,True
9055,91,22,134,2025-06-20,1.92,True
9056,91,10,55,2026-06-26,1.15,True
9057,91,2,8,2025-07-18,5.93,True
9058,91,5,,2025-05-16,4.31,True
9059,91,24,144,2025-09-25,1.52,False
9060,91,18,104,2025-03-06,5.44,True
9061,91,18,110,2025-08-14,1.96,False
9062,91,22,137,2026-01-09,7.52,False
9063,91,5,29,2025-01-13,6.05,True
9064,91,1,5,2026-03-26,6.46,True
9065,91,14,83,2025-08-12,4.31,True
9066,91,17,98,2026-01-02,5.54,True
9067,91,9,52,2025-12-09,2.4,True
9068,91,12,72,2026-04-22,5.22,True
9069,91,24,148,2025-08-12,0.55,True
9070,91,25,151,2026-06-19,0.71,True
9071,91,22,136,2026-01-06,3.89,False
9072,91,14,81,2025-09-02,1.86,True
9073,91,17,100,2025-11-26,2.69,False
9074,91,17,101,2025-10-21,5.24,True
9075,91,7,44,2024-12-26,7.36,True
9076,91,30,176,2025-09-01,3.83,False
9077,91,17,,2026-03-17,5.39,False
9078,91,18,,2025-10-31,2.38,False
9079,91,19,113,2025-09-12,4.85,True
9080,91,1,3,2025-11-17,4.79,True
9081,91,17,97,2025-01-27,3.1,False
9082,91,26,158,2025-03-12,3.38,True
9083,91,3,19,2026-03-26,6.22,False
9084,91,25,151,2025-01-17,2.95,True
9085,91,14,81,2025-06-20,7.54,True
9086,91,25,154,2026-06-26,6.03,True
9087,91,8,49,2026-01-14,3.64,True
9088,91,7,42,2025-07-30,7.41,False
9089,91,11,63,2025-12-19,7.1,True
9090,91,19,115,2025-09-15,5.67,True
9091,91,22,137,2026-05-27,2.03,True
9092,91,24,145,2026-06-16,4.91,True
9093,91,5,36,2025-04-09,0.71,True
9094,91,1,2,2025-08-06,5.68,True
9095,91,9,51,2025-05-22,7.43,False
9096,91,30,179,2025-03-28,1.27,True
9097,91,17,97,2025-09-18,5.52,False
9098,91,15,87,2026-01-15,2.02,True
9099,91,20,123,2025-02-07,4.95,True
9100,91,21,133,2026-05-25,6.13,False
9101,91,19,114,2025-10-01,6.3,False
9102,91,21,126,2026-05-27,7.15,True
9103,91,22,137,2025-10-02,5.26,True
9104,92,21,131,2025-11-12,2.68,False
9105,92,10,57,2026-02-02,2.38,True
9106,92,17,100,2026-03-16,3.04,True
9107,92,18,107,2025-04-15,7.99,True
9108,92,29,172,2024-11-08,6.52,False
9109,92,22,134,2025-10-14,1.23,True
9110,92,25,151,2025-10-15,2.72,False
9111,92,8,49,2024-08-19,4.79,True
9112,92,23,142,2026-06-08,1.72,False
9113,92,5,36,2024-05-28,0.77,True
9114,92,13,77,2025-07-10,7.98,True
9115,92,29,174,2026-03-11,6.39,False
9116,92,12,71,2025-02-21,2.14,True
9117,92,30,,2025-07-02,7.43,True
9118,92,30,178,2025-09-19,0.9,True
9119,92,2,9,2024-06-21,4.74,False
9120,92,25,152,2025-10-01,7.1,False
9121,92,5,36,2025-11-19,2.41,True
9122,92,25,,2026-03-23,5.66,False
9123,92,12,72,2026-02-16,3.53,True
9124,92,3,19,2025-11-10,1.11,True
9125,92,18,104,2025-10-23,5.23,True
9126,92,15,,2025-05-07,4.08,True
9127,92,13,75,2026-06-18,1.3,False
9128,92,27,,2025-09-10,5.8,True
9129,92,19,111,2025-07-18,5.42,False
9130,92,26,,2025-07-28,7.41,False
9131,92,30,175,2025-03-05,3.67,True
9132,92,3,,2025-08-13,5.25,True
9133,92,16,95,2024-11-14,3.85,True
9134,92,5,30,2026-05-11,7.01,True
9135,92,22,,2025-05-14,7.12,False
9136,92,23,139,2026-01-29,1.47,True
9137,92,2,11,2025-02-20,1.56,True
9138,92,23,141,2025-07-21,2.22,True
9139,92,19,113,2025-09-26,1.32,True
9140,92,17,98,2025-05-08,4.92,True
9141,92,12,70,2026-03-20,3.71,True
9142,92,10,59,2024-09-04,5.06,True
9143,92,4,24,2025-12-02,1.4,True
9144,92,7,44,2025-10-13,1.68,False
9145,92,20,124,2025-08-11,2.9,True
9146,92,7,43,2024-06-19,3.29,True
9147,92,10,57,2024-11-12,1.87,False
9148,92,30,179,2024-06-10,6.59,True
9149,92,22,137,2024-08-08,4.04,True
9150,92,12,72,2025-05-26,7.36,True
9151,92,10,59,2025-02-12,1.55,False
9152,92,8,48,2024-11-28,1.75,True
9153,92,30,177,2024-11-21,3.88,True
9154,92,4,23,2025-05-21,7.31,True
9155,92,3,17,2025-06-30,4.98,False
9156,92,2,,2024-08-06,6.32,False
9157,92,23,140,2024-12-27,6.98,True
9158,92,2,15,2024-05-17,4.31,True
9159,92,8,49,2025-08-26,0.67,True
9160,92,9,,2024-11-26,7.93,True
9161,92,18,110,2025-11-21,6.58,True
9162,92,8,48,2026-01-13,1.45,True
9163,92,1,5,2026-02-04,5.0,True
9164,92,1,7,2026-05-27,7.91,True
9165,92,4,25,2026-01-09,0.6,False
9166,92,26,159,2024-05-10,7.18,True
9167,92,20,,2024-08-15,7.8,True
9168,92,12,70,2025-11-20,7.15,True
9169,92,24,148,2026-01-19,4.68,True
9170,92,19,114,2024-07-15,6.38,True
9171,92,12,71,2025-03-26,7.58,True
9172,92,23,142,2024-09-10,4.4,True
9173,92,28,169,2024-05-01,0.8,True
9174,92,28,170,2025-11-12,3.61,False
9175,92,12,70,2025-12-22,5.56,True
9176,92,22,136,2025-08-27,6.72,True
9177,92,21,,2025-03-20,6.95,True
9178,92,24,150,2024-05-06,0.78,False
9179,92,7,42,2024-05-22,3.56,True
9180,92,1,4,2025-09-11,1.79,False
9181,92,23,139,2026-01-01,3.52,True
9182,92,14,85,2024-07-26,5.75,True
9183,92,6,38,2025-04-18,4.01,True
9184,92,5,34,2026-04-07,2.15,False
9185,92,5,29,2024-07-09,5.26,True
9186,92,4,24,2024-05-16,4.1,True
9187,92,27,165,2024-07-01,7.51,True
9188,92,21,132,2025-04-23,7.58,False
9189,92,6,37,2026-05-12,3.11,True
9190,92,20,122,2024-08-27,2.91,True
9191,92,26,156,2024-07-24,7.79,True
9192,92,29,173,2024-05-23,5.48,True
9193,92,27,,2024-10-17,7.29,True
9194,92,25,151,2025-10-15,1.86,True
9195,92,2,8,2025-12-24,4.14,True
9196,92,20,,2025-02-06,3.27,True
9197,92,9,54,2025-09-25,6.45,True
9198,92,16,94,2024-07-04,0.82,True
9199,92,8,47,2025-11-03,5.92,True
9200,92,20,,2024-10-10,4.01,False
9201,92,14,83,2025-08-27,5.11,True
9202,92,2,11,2026-03-30,1.95,True
9203,92,24,146,2024-05-13,6.54,False
9204,94,19,118,2024-07-30,3.17,True
9205,94,21,131,2026-06-15,7.55,True
9206,94,3,18,2025-06-17,3.88,True
9207,94,1,4,2025-07-09,4.04,False
9208,94,14,84,2023-11-24,0.94,False
9209,94,13,73,2025-02-03,1.79,False
9210,94,8,,2024-08-27,7.41,True
9211,94,28,168,2026-02-11,4.52,True
9212,94,2,13,2024-11-14,2.45,True
9213,94,11,,2025-12-15,2.73,True
9214,94,9,52,2024-10-28,6.22,True
9215,94,14,82,2025-09-26,3.49,True
9216,94,19,112,2024-10-10,4.51,False
9217,94,3,18,2024-07-04,4.8,False
9218,94,20,122,2026-02-19,7.95,True
9219,94,7,44,2025-10-20,1.38,False
9220,94,1,,2024-08-23,1.28,True
9221,94,30,178,2026-04-23,3.84,False
9222,94,18,110,2026-06-09,5.31,True
9223,94,19,111,2023-10-26,7.42,True
9224,94,16,93,2025-03-03,0.86,False
9225,94,20,125,2025-10-27,7.58,True
9226,94,1,7,2025-01-07,3.56,True
9227,94,13,,2023-07-04,3.62,True
9228,94,30,176,2025-07-14,6.06,True
9229,94,1,1,2024-12-20,7.13,True
9230,94,15,88,2026-04-16,4.78,True
9231,94,8,,2023-07-31,2.96,True
9232,94,27,160,2024-02-23,5.56,True
9233,94,4,27,2025-01-28,3.86,True
9234,94,12,71,2023-10-02,1.78,True
9235,94,27,162,2025-08-13,3.19,True
9236,94,1,5,2026-05-20,2.16,True
9237,94,14,81,2023-12-15,1.57,True
9238,94,26,158,2024-04-19,3.53,False
9239,94,19,118,2025-04-02,5.59,True
9240,94,5,29,2025-12-10,6.87,True
9241,94,26,158,2024-04-29,6.89,True
9242,94,1,6,2023-12-08,6.55,True
9243,94,3,16,2024-08-07,5.69,True
9244,94,24,147,2025-07-08,4.3,True
9245,94,3,19,2023-12-06,1.49,True
9246,94,23,,2026-01-09,3.08,True
9247,94,18,109,2024-12-26,7.63,False
9248,94,7,44,2025-01-10,2.8,True
9249,94,6,41,2025-05-16,5.66,False
9250,94,19,112,2023-10-24,4.33,True
9251,94,16,94,2025-08-12,5.96,True
9252,94,16,92,2026-05-05,1.01,True
9253,94,17,97,2023-07-20,4.01,True
9254,94,29,173,2023-07-07,1.29,True
9255,94,13,75,2026-06-10,5.07,True
9256,94,3,17,2025-03-27,6.62,True
9257,94,30,177,2025-07-14,1.98,False
9258,94,9,53,2025-07-01,6.94,True
9259,94,9,,2024-07-11,5.27,False
9260,94,7,43,2025-10-27,4.22,True
9261,94,27,,2024-05-27,2.75,True
9262,94,3,19,2024-04-04,1.41,True
9263,94,30,179,2023-12-18,2.36,False
9264,94,17,101,2023-10-06,1.77,False
9265,94,24,150,2023-08-03,4.21,False
9266,94,12,,2024-10-08,1.92,True
9267,94,14,83,2025-02-26,4.18,True
9268,94,10,55,2025-05-07,7.64,True
9269,94,16,94,2025-10-01,0.82,True
9270,94,16,94,2024-01-01,3.39,True
9271,94,27,162,2025-03-26,1.89,False
9272,94,7,42,2024-06-20,2.54,True
9273,94,1,5,2025-07-30,7.76,False
9274,94,24,147,2024-02-22,1.74,True
9275,94,18,,2023-09-28,3.35,True
9276,94,9,54,2026-02-25,5.29,True
9277,94,20,123,2024-09-27,4.83,True
9278,94,23,142,2023-10-13,3.22,True
9279,94,6,39,2024-02-22,1.0,True
9280,94,1,6,2025-01-03,3.51,True
9281,94,1,7,2025-11-12,5.01,True
9282,94,9,54,2023-11-27,0.72,True
9283,94,8,45,2025-12-16,1.76,True
9284,94,3,18,2023-10-03,3.08,True
9285,94,20,121,2023-08-11,6.16,True
9286,94,6,37,2023-07-17,1.04,True
9287,94,1,6,2024-10-30,2.94,True
9288,94,16,,2025-07-08,2.3,False
9289,94,17,98,2024-10-31,6.81,True
9290,94,4,24,2026-04-24,5.54,True
9291,94,3,19,2025-01-20,7.18,False
9292,94,2,12,2024-09-30,6.15,True
9293,94,6,40,2025-08-26,0.81,True
9294,94,28,169,2026-02-25,7.75,True
9295,94,9,52,2026-03-12,1.79,True
9296,94,29,173,2024-05-01,4.26,True
9297,94,8,46,2024-05-20,5.25,True
9298,94,29,174,2024-09-17,1.85,True
9299,94,15,87,2026-04-17,5.38,False
9300,94,30,176,2025-03-17,5.61,True
9301,94,3,17,2023-08-21,5.17,False
9302,94,26,156,2026-05-21,6.14,True
9303,94,19,113,2025-02-11,5.99,False
9304,94,5,31,2025-12-12,7.86,True
9305,94,17,98,2024-05-01,0.73,True
9306,94,19,115,2023-09-12,6.63,False
9307,95,9,52,2025-01-03,6.28,True
9308,95,16,91,2024-10-17,7.77,True
9309,95,29,,2025-09-05,2.97,True
9310,95,28,168,2025-06-09,7.54,True
9311,95,20,121,2025-12-24,0.76,True
9312,95,27,160,2025-07-10,5.17,True
9313,95,8,46,2025-07-31,3.03,True
9314,95,15,88,2023-08-18,7.51,True
9315,95,28,169,2023-09-19,7.71,True
9316,95,8,,2026-03-11,0.62,True
9317,95,26,159,2025-04-01,7.66,True
9318,95,4,26,2023-12-13,1.15,True
9319,95,20,121,2024-08-29,4.45,True
9320,95,1,2,2024-04-25,7.5,True
9321,95,5,35,2025-02-13,6.86,True
9322,95,7,44,2024-03-14,0.91,False
9323,95,28,166,2025-09-19,6.78,False
9324,95,7,44,2025-09-10,7.35,False
9325,95,3,20,2025-08-11,3.35,False
9326,95,3,19,2025-02-20,6.72,False
9327,95,27,163,2025-05-13,5.04,True
9328,95,17,,2025-01-28,3.91,True
9329,95,6,37,2026-06-16,4.28,False
9330,95,10,60,2024-07-23,7.35,True
9331,95,23,142,2026-01-27,2.34,False
9332,95,27,,2025-07-17,2.1,True
9333,95,21,129,2024-01-23,6.22,True
9334,95,1,6,2025-01-08,1.71,False
9335,95,22,137,2024-04-29,6.1,False
9336,95,20,120,2026-06-23,1.79,True
9337,95,24,144,2023-09-19,1.23,True
9338,95,4,,2025-10-27,7.79,False
9339,95,20,123,2025-03-11,4.73,True
9340,95,22,137,2025-10-08,6.83,True
9341,95,27,160,2023-10-12,5.03,True
9342,95,7,,2025-01-21,1.55,False
9343,95,16,,2026-03-13,6.32,True
9344,95,22,137,2025-08-13,6.58,True
9345,95,27,163,2025-08-01,0.8,True
9346,95,30,177,2026-05-19,2.17,True
9347,95,30,177,2024-09-11,7.94,True
9348,95,3,19,2026-05-15,4.06,True
9349,95,30,178,2024-05-29,1.64,False
9350,95,8,49,2024-02-29,3.83,True
9351,95,27,164,2024-01-25,0.54,True
9352,95,6,38,2024-10-18,5.58,False
9353,95,28,168,2026-06-19,3.72,True
9354,95,28,167,2024-10-09,6.68,False
9355,95,1,6,2025-01-13,7.65,True
9356,95,29,,2025-08-19,6.67,False
9357,95,25,154,2023-07-26,5.96,True
9358,95,21,131,2024-03-11,4.14,True
9359,95,8,49,2026-05-14,7.49,False
9360,95,23,138,2024-11-21,5.79,True
9361,95,1,2,2025-09-11,5.49,True
9362,95,4,22,2025-12-29,6.7,True
9363,95,9,53,2025-04-28,6.39,True
9364,95,30,179,2023-09-21,1.87,False
9365,95,14,83,2024-07-10,2.99,True
9366,95,16,95,2024-11-18,3.22,False
9367,95,6,41,2023-12-06,2.26,True
9368,95,14,82,2025-04-02,1.69,True
9369,95,21,,2025-05-22,6.57,False
9370,95,5,36,2026-01-16,4.79,True
9371,95,2,8,2024-04-23,5.91,True
9372,95,24,,2024-01-05,1.48,True
9373,95,16,91,2023-10-13,3.38,True
9374,95,18,107,2023-10-19,3.74,True
9375,95,24,149,2025-12-03,1.55,True
9376,95,22,137,2025-04-21,0.97,True
9377,95,2,9,2025-03-13,1.39,True
9378,95,18,110,2023-10-30,6.25,True
9379,95,17,99,2023-10-23,3.55,True
9380,95,26,159,2025-09-24,2.3,True
9381,95,28,167,2024-08-01,7.16,False
9382,95,21,129,2025-11-27,0.85,True
9383,95,1,4,2023-10-23,1.47,False
9384,95,16,94,2025-11-05,6.7,True
9385,95,3,20,2025-12-22,3.77,True
9386,95,20,,2025-08-26,5.33,True
9387,95,11,65,2023-11-10,4.88,True
9388,95,7,43,2023-11-16,5.4,True
9389,95,12,70,2025-12-15,5.07,True
9390,95,5,31,2024-04-11,7.58,True
9391,95,11,66,2024-02-05,5.15,True
9392,95,12,70,2026-06-02,5.25,True
9393,95,14,82,2025-10-29,2.25,True
9394,95,21,,2025-08-18,7.08,True
9395,95,14,81,2024-11-14,7.47,False
9396,95,8,47,2025-04-22,6.45,True
9397,95,6,40,2024-12-09,2.58,False
9398,95,26,159,2025-03-10,4.89,True
9399,95,29,174,2025-10-17,4.64,True
9400,95,30,177,2025-10-23,4.0,True
9401,95,1,6,2024-11-28,4.78,True
9402,95,23,143,2023-08-29,3.68,True
9403,95,18,104,2024-04-11,3.08,False
9404,95,13,,2026-06-22,5.91,False
9405,96,3,16,2025-10-17,4.16,True
9406,96,27,160,2023-08-08,1.87,True
9407,96,19,118,2025-11-10,2.78,True
9408,96,1,6,2025-10-16,5.47,True
9409,96,11,64,2025-03-27,3.77,True
9410,96,14,83,2023-11-09,1.56,True
9411,96,14,82,2026-04-23,5.94,True
9412,96,13,77,2024-07-01,7.39,False
9413,96,10,58,2026-06-02,3.08,True
9414,96,29,172,2025-01-14,2.5,True
9415,96,30,179,2023-09-18,6.64,True
9416,96,20,,2024-01-25,2.5,True
9417,96,4,21,2025-06-09,4.42,False
9418,96,17,101,2024-08-05,7.67,True
9419,96,24,147,2024-09-03,1.18,True
9420,96,1,1,2026-05-12,1.7,True
9421,96,6,38,2024-03-06,7.64,True
9422,96,12,71,2026-03-16,6.63,True
9423,96,15,87,2024-12-09,7.03,True
9424,96,22,135,2023-12-08,6.43,True
9425,96,6,,2023-09-11,2.86,True
9426,96,11,66,2024-11-12,6.18,True
9427,96,17,102,2023-12-04,7.47,False
9428,96,10,55,2024-12-20,7.72,True
9429,96,7,,2023-07-13,4.89,True
9430,96,2,14,2024-08-07,1.61,True
9431,96,27,160,2024-02-21,3.33,False
9432,96,30,,2025-10-28,4.56,True
9433,96,29,172,2026-05-28,1.29,True
9434,96,29,174,2023-09-04,3.91,True
9435,96,17,101,2023-08-07,3.73,False
9436,96,12,72,2025-05-15,3.69,False
9437,96,8,45,2023-10-11,6.49,True
9438,96,11,67,2024-12-12,7.08,True
9439,96,4,27,2026-05-25,1.33,True
9440,96,23,143,2024-02-22,4.3,True
9441,96,19,111,2023-08-21,7.09,True
9442,96,9,51,2024-12-27,3.6,False
9443,96,20,124,2024-01-25,3.56,True
9444,96,4,26,2026-02-03,0.77,True
9445,96,27,,2024-05-17,0.95,False
9446,96,16,95,2025-12-11,3.51,True
9447,96,29,172,2025-05-19,7.89,True
9448,96,6,38,2024-12-25,1.02,True
9449,96,14,81,2026-02-05,3.39,True
9450,96,22,135,2026-03-04,1.61,True
9451,96,12,72,2023-08-28,3.49,True
9452,96,20,119,2024-05-16,6.29,True
9453,96,3,16,2023-09-01,5.04,False
9454,96,4,23,2025-01-10,4.42,False
9455,96,4,22,2024-01-15,0.5,False
9456,96,28,166,2024-01-05,1.75,False
9457,96,8,47,2025-09-08,4.6,True
9458,96,14,82,2023-10-05,0.57,False
9459,96,8,48,2025-06-04,4.09,False
9460,96,2,13,2023-11-08,5.71,False
9461,96,14,,2025-03-12,3.47,False
9462,96,29,,2024-04-04,7.94,False
9463,96,18,110,2025-03-26,6.86,True
9464,96,11,63,2025-01-10,4.43,False
9465,96,6,39,2024-03-26,5.15,True
9466,96,12,72,2026-04-10,4.76,True
9467,96,9,,2025-05-14,4.63,True
9468,96,15,89,2024-12-06,2.98,False
9469,96,28,171,2024-05-01,2.56,False
9470,96,5,30,2024-04-05,1.72,False
9471,96,19,118,2024-02-01,7.78,False
9472,96,29,172,2024-03-05,3.81,True
9473,96,24,149,2024-01-16,4.75,False
9474,96,27,,2023-07-13,4.93,True
9475,96,22,136,2023-11-08,1.05,True
9476,96,28,168,2026-01-22,5.33,False
9477,96,15,90,2025-01-09,6.09,True
9478,96,5,36,2024-06-24,1.05,True
9479,96,12,71,2024-07-25,5.57,True
9480,96,28,167,2024-01-15,1.15,False
9481,96,12,72,2024-07-04,2.85,True
9482,96,9,52,2025-03-31,8.0,True
9483,96,6,37,2025-08-04,7.49,True
9484,96,14,82,2024-10-25,7.84,True
9485,96,20,124,2025-02-17,7.86,True
9486,96,17,100,2025-12-22,7.81,True
9487,96,5,29,2024-02-08,4.35,True
9488,96,20,125,2026-03-26,7.46,False
9489,96,30,176,2026-03-30,3.89,True
9490,96,12,70,2026-04-06,2.91,True
9491,96,21,129,2025-11-18,1.12,False
9492,96,8,47,2023-10-25,6.5,False
9493,96,27,161,2024-06-14,1.95,True
9494,96,17,102,2026-01-20,4.72,False
9495,96,1,4,2025-09-01,1.18,False
9496,96,17,,2024-06-19,3.51,True
9497,96,25,154,2024-06-20,3.55,True
9498,96,7,42,2024-04-08,3.89,True
9499,96,25,154,2023-08-08,5.05,True
9500,96,5,30,2025-11-25,4.06,False
9501,96,14,84,2024-01-05,6.68,True
9502,96,9,,2025-03-06,4.56,False
9503,96,21,126,2025-10-13,1.29,True
9504,96,17,98,2026-02-17,0.59,True
9505,96,20,125,2026-04-24,3.92,True
9506,96,23,142,2024-03-14,6.2,False
9507,96,16,91,2024-04-23,5.66,True
9508,96,8,49,2023-12-05,4.93,False
9509,96,22,137,2026-04-23,3.65,False
9510,97,6,37,2023-12-13,7.32,True
9511,97,26,156,2023-11-13,5.93,True
9512,97,5,34,2025-08-12,5.44,True
9513,97,16,96,2026-02-11,2.21,False
9514,97,14,83,2024-05-27,3.77,True
9515,97,15,87,2023-12-26,2.47,True
9516,97,10,,2026-01-23,1.04,True
9517,97,24,150,2026-03-20,3.51,True
9518,97,17,102,2025-03-21,4.41,True
9519,97,3,19,2025-09-30,3.45,False
9520,97,5,34,2024-02-26,2.02,True
9521,97,13,73,2025-11-25,5.2,False
9522,97,27,165,2023-07-03,7.71,True
9523,97,27,161,2025-11-27,1.79,True
9524,97,11,,2025-02-21,2.07,False
9525,97,24,145,2026-03-13,4.7,False
9526,97,27,165,2024-12-12,5.88,True
9527,97,28,167,2024-09-10,6.14,True
9528,97,13,73,2025-10-23,3.88,True
9529,97,22,134,2026-04-10,5.76,False
9530,97,11,67,2023-08-04,3.9,True
9531,97,10,55,2025-09-15,2.83,False
9532,97,19,117,2023-10-12,0.88,True
9533,97,5,34,2025-11-11,4.2,True
9534,97,6,38,2025-03-11,2.22,True
9535,97,23,138,2026-02-04,6.41,False
9536,97,3,20,2023-09-25,4.53,True
9537,97,27,164,2026-02-05,6.13,True
9538,97,3,17,2026-05-06,4.05,True
9539,97,22,136,2026-02-26,6.52,True
9540,97,19,112,2024-10-08,7.22,True
9541,97,23,143,2024-10-17,2.88,True
9542,97,21,130,2024-07-11,4.0,True
9543,97,30,,2023-12-18,5.95,False
9544,97,8,46,2024-04-01,5.9,True
9545,97,6,40,2025-10-03,5.73,False
9546,97,2,13,2025-09-10,3.59,False
9547,97,23,142,2025-05-09,6.47,True
9548,97,27,,2024-02-29,5.27,True
9549,97,12,,2025-08-08,7.08,False
9550,97,15,90,2024-01-03,5.34,True
9551,97,2,13,2024-04-05,7.05,True
9552,97,14,84,2026-05-04,7.56,True
9553,97,28,171,2024-11-28,7.46,True
9554,97,5,34,2024-02-09,7.77,True
9555,97,12,72,2025-08-26,2.57,True
9556,97,7,44,2024-02-05,1.29,True
9557,97,13,79,2025-11-13,4.28,True
9558,97,11,67,2026-01-01,2.97,False
9559,97,28,167,2023-09-05,5.83,False
9560,97,3,19,2023-09-27,5.85,True
9561,97,19,117,2024-01-04,1.96,True
9562,97,26,156,2024-08-20,4.22,True
9563,97,28,167,2024-03-11,6.49,False
9564,97,20,123,2026-05-15,6.34,True
9565,97,23,141,2025-05-02,3.85,True
9566,97,12,71,2025-08-28,1.54,True
9567,97,19,118,2025-10-30,2.82,True
9568,97,23,143,2025-01-28,6.76,True
9569,97,26,156,2025-05-19,1.4,True
9570,97,30,179,2025-04-01,4.97,False
9571,97,2,8,2024-09-13,6.66,True
9572,97,28,167,2025-05-27,6.0,True
9573,97,4,24,2023-08-21,4.32,False
9574,97,8,46,2025-01-16,3.58,False
9575,97,14,86,2025-11-07,4.65,True
9576,97,28,166,2025-11-17,7.55,True
9577,97,17,,2023-11-13,0.56,True
9578,97,29,174,2025-12-05,4.22,True
9579,97,25,153,2025-06-19,1.37,False
9580,97,15,,2024-08-19,2.44,False
9581,97,26,159,2023-12-05,5.48,True
9582,97,8,47,2026-03-31,3.31,True
9583,97,19,113,2026-05-04,3.49,True
9584,97,30,176,2024-11-27,7.87,True
9585,97,14,81,2025-09-25,3.15,True
9586,97,27,165,2024-10-08,6.74,True
9587,97,19,112,2025-01-16,4.33,True
9588,97,28,169,2024-04-15,3.04,False
9589,97,27,164,2024-11-19,0.78,True
9590,97,21,128,2025-01-21,6.96,True
9591,97,16,93,2025-06-20,5.78,True
9592,97,16,96,2026-03-17,6.45,False
9593,97,5,31,2025-12-04,6.09,False
9594,97,14,,2026-04-10,0.8,True
9595,97,20,121,2024-01-22,2.24,True
9596,97,8,49,2025-11-24,6.27,True
9597,97,25,153,2025-02-24,1.25,True
9598,97,22,136,2025-08-14,6.19,True
9599,97,8,48,2023-09-12,5.06,True
9600,97,5,35,2024-08-30,4.31,True
9601,97,4,22,2025-03-06,2.49,True
9602,97,18,107,2025-05-09,6.81,True
9603,97,11,66,2024-07-09,1.66,True
9604,97,5,36,2023-11-29,7.26,True
9605,97,21,,2025-03-11,2.56,True
9606,97,10,58,2024-05-31,5.06,True
9607,97,16,92,2024-03-25,5.28,False
9608,97,11,63,2024-06-03,6.23,True
9609,97,29,173,2023-10-26,6.94,True
9610,97,29,172,2024-10-04,6.01,True
9611,97,15,,2026-02-17,1.59,False
9612,97,23,,2024-12-23,5.35,False
9613,97,15,89,2024-12-12,6.47,True
9614,97,11,65,2024-01-01,7.81,True
9615,97,5,35,2025-03-04,4.87,True
9616,97,10,60,2025-01-24,7.69,True
9617,98,28,171,2026-02-23,4.07,True
9618,98,6,40,2025-12-22,0.97,True
9619,98,9,52,2024-03-06,2.65,False
9620,98,12,71,2026-04-20,3.04,True
9621,98,4,21,2024-09-23,7.48,True
9622,98,26,158,2024-09-06,5.78,False
9623,98,29,,2026-06-26,6.65,True
9624,98,27,161,2024-01-31,6.91,False
9625,98,4,28,2025-11-06,1.55,False
9626,98,25,154,2024-08-27,6.8,True
9627,98,1,6,2026-05-25,5.27,True
9628,98,4,26,2024-04-15,5.4,True
9629,98,3,18,2024-12-05,4.42,True
9630,98,26,156,2023-10-26,4.56,True
9631,98,14,86,2023-12-06,2.86,True
9632,98,8,48,2024-05-14,1.6,False
9633,98,25,155,2024-09-04,3.39,False
9634,98,30,179,2024-04-19,0.61,True
9635,98,18,103,2026-02-12,7.26,True
9636,98,22,134,2026-03-11,7.25,True
9637,98,20,120,2024-09-03,7.42,True
9638,98,20,122,2024-04-25,3.89,False
9639,98,5,29,2026-03-24,0.58,True
9640,98,5,33,2026-05-15,2.91,True
9641,98,29,,2026-05-18,7.08,True
9642,98,9,,2025-06-19,2.25,True
9643,98,16,94,2025-12-16,3.92,True
9644,98,7,44,2024-07-23,3.82,False
9645,98,30,176,2023-09-19,2.02,True
9646,98,24,144,2023-12-28,1.9,False
9647,98,16,92,2024-08-07,5.3,True
9648,98,29,173,2023-09-13,7.44,True
9649,98,20,120,2025-09-19,2.84,True
9650,98,18,110,2025-12-18,7.49,True
9651,98,19,115,2024-03-05,4.26,True
9652,98,17,97,2026-06-11,7.41,True
9653,98,23,142,2024-07-30,1.75,True
9654,98,27,162,2024-03-22,6.61,False
9655,98,8,45,2024-07-08,6.23,False
9656,98,29,,2024-07-29,0.88,True
9657,98,16,94,2023-10-23,7.65,False
9658,98,7,,2024-03-14,4.33,True
9659,98,24,147,2025-01-06,2.18,True
9660,98,1,6,2026-06-22,4.4,True
9661,98,5,30,2025-12-15,5.99,True
9662,98,14,81,2025-02-21,5.86,True
9663,98,3,17,2023-12-20,4.89,False
9664,98,7,43,2024-11-29,3.43,False
9665,98,24,145,2025-08-12,2.72,False
9666,98,2,15,2024-01-19,1.79,True
9667,98,20,119,2026-02-19,3.68,False
9668,98,11,64,2024-09-24,7.19,True
9669,98,23,138,2025-02-21,5.19,True
9670,98,21,131,2025-10-30,6.85,True
9671,98,4,23,2023-10-05,0.76,True
9672,98,30,177,2026-04-02,7.01,True
9673,98,19,112,2025-07-02,7.8,True
9674,98,20,,2023-07-17,1.99,True
9675,98,6,39,2026-03-06,5.35,False
9676,98,28,170,2024-03-26,6.7,True
9677,98,2,11,2026-04-13,1.0,True
9678,98,26,158,2025-10-02,1.26,True
9679,98,12,71,2024-03-08,6.83,True
9680,98,7,42,2025-11-10,7.84,False
9681,98,2,10,2025-07-31,3.52,False
9682,98,3,18,2023-08-14,6.94,True
9683,98,12,70,2026-05-08,6.55,False
9684,98,15,87,2024-06-10,6.7,False
9685,98,22,135,2023-12-22,6.11,True
9686,98,17,100,2024-06-28,6.5,True
9687,98,6,39,2025-12-01,3.04,False
9688,98,16,91,2024-12-03,7.12,True
9689,98,28,171,2024-04-10,0.98,True
9690,98,4,22,2023-10-04,6.11,True
9691,98,10,59,2024-07-16,0.55,True
9692,98,9,53,2024-01-15,7.9,True
9693,98,14,84,2023-07-06,5.18,True
9694,98,17,101,2026-05-27,6.67,False
9695,98,6,38,2024-11-11,5.84,False
9696,98,15,89,2024-08-21,7.0,False
9697,98,2,13,2026-04-21,4.5,True
9698,98,6,39,2025-06-17,7.97,True
9699,98,19,111,2026-04-30,4.04,True
9700,98,25,151,2026-06-05,7.68,True
9701,98,13,73,2025-11-17,5.67,True
9702,98,26,159,2026-02-20,2.51,True
9703,98,23,141,2026-05-13,0.69,True
9704,98,24,145,2025-03-14,4.58,True
9705,98,15,87,2025-05-30,3.8,False
9706,98,16,,2025-12-23,1.3,True
9707,98,9,51,2024-12-18,6.34,True
9708,98,8,49,2024-01-23,2.94,True
9709,98,20,123,2024-08-07,5.77,True
9710,98,6,39,2024-08-05,0.89,True
9711,98,6,,2025-01-30,4.34,True
9712,98,4,26,2024-04-23,1.03,False
9713,98,18,104,2026-06-03,6.65,False
9714,98,8,46,2025-02-03,6.42,True
9715,98,29,174,2023-11-01,1.92,False
9716,98,9,,2024-11-07,6.45,True
9717,98,3,20,2025-06-26,5.21,True
9718,98,9,54,2025-12-08,5.81,True
9719,98,18,110,2023-11-02,1.2,True
9720,98,23,139,2024-03-29,7.59,True
9721,98,2,13,2025-08-05,4.07,False
9722,98,26,156,2023-10-05,5.9,True
9723,98,18,107,2024-09-24,2.85,True
9724,98,8,46,2023-09-04,1.27,True
9725,98,14,81,2024-05-31,7.06,True
9726,99,30,177,2023-12-05,7.19,True
9727,99,21,,2024-02-06,1.62,True
9728,99,2,11,2025-08-28,3.5,True
9729,99,14,82,2026-04-13,1.44,False
9730,99,9,50,2025-11-25,4.03,True
9731,99,15,,2024-04-23,2.25,True
9732,99,29,173,2025-06-11,5.56,True
9733,99,23,140,2025-12-26,3.56,True
9734,99,4,21,2023-09-13,7.03,True
9735,99,11,67,2024-11-11,0.86,True
9736,99,1,6,2025-01-20,1.99,False
9737,99,7,42,2026-01-06,6.93,True
9738,99,29,174,2024-09-12,2.2,True
9739,99,23,142,2023-07-26,1.23,True
9740,99,2,15,2026-06-10,7.55,True
9741,99,4,24,2024-09-05,4.88,True
9742,99,30,177,2024-07-26,2.58,True
9743,99,27,160,2024-09-19,6.18,True
9744,99,2,15,2023-07-14,2.39,True
9745,99,5,32,2025-04-30,1.26,False
9746,99,2,10,2024-07-22,6.81,True
9747,99,1,7,2024-11-12,7.58,True
9748,99,20,120,2024-08-06,2.08,True
9749,99,11,62,2025-04-29,6.74,True
9750,99,20,125,2026-06-22,5.02,True
9751,99,24,146,2026-05-25,4.52,True
9752,99,5,31,2026-02-02,1.99,True
9753,99,9,53,2023-10-31,2.7,True
9754,99,30,177,2024-02-08,5.03,True
9755,99,29,173,2025-11-11,2.11,True
9756,99,15,88,2026-05-11,0.64,True
9757,99,15,87,2024-11-11,6.8,True
9758,99,15,90,2024-09-16,1.25,True
9759,99,24,149,2023-11-20,7.83,False
9760,99,6,38,2025-04-11,3.26,True
9761,99,3,16,2024-11-22,1.61,True
9762,99,4,27,2023-11-17,4.66,True
9763,99,16,93,2023-12-29,7.43,True
9764,99,24,149,2024-12-06,3.13,False
9765,99,24,148,2023-11-29,5.19,False
9766,99,12,71,2023-07-20,3.23,True
9767,99,2,9,2023-10-11,4.03,True
9768,99,12,70,2024-10-02,4.92,True
9769,99,16,92,2025-09-03,3.91,True
9770,99,22,135,2024-10-04,5.11,True
9771,99,24,148,2023-12-08,3.81,True
9772,99,1,2,2026-03-11,1.24,True
9773,99,24,147,2024-08-12,7.26,False
9774,99,13,76,2024-07-23,3.04,True
9775,99,5,34,2023-07-26,1.91,True
9776,99,21,131,2025-03-28,1.83,False
9777,99,30,176,2025-05-23,4.05,False
9778,99,3,18,2025-02-27,0.67,True
9779,99,19,115,2024-09-24,1.12,True
9780,99,6,41,2023-12-20,1.33,True
9781,99,10,57,2023-09-21,3.54,False
9782,99,8,,2023-07-14,0.69,True
9783,99,6,,2024-04-04,6.75,True
9784,99,29,173,2024-05-16,4.41,False
9785,99,3,19,2024-04-08,2.72,True
9786,99,20,124,2023-10-18,6.85,True
9787,99,29,174,2025-12-23,2.92,True
9788,99,4,,2024-02-23,6.04,False
9789,99,1,4,2025-05-30,7.39,True
9790,99,12,72,2026-02-17,7.17,False
9791,99,5,,2024-06-17,3.93,True
9792,99,20,123,2024-09-09,1.81,True
9793,99,1,2,2025-10-01,4.27,True
9794,99,15,87,2026-02-09,4.08,True
9795,99,14,86,2026-05-20,1.42,True
9796,99,22,137,2023-07-14,1.37,True
9797,99,7,44,2024-03-06,5.77,True
9798,99,2,15,2025-10-09,3.04,True
9799,99,7,42,2023-11-16,7.38,True
9800,99,1,1,2023-08-04,4.4,True
9801,99,23,141,2024-05-17,0.92,False
9802,99,28,171,2025-06-17,1.46,True
9803,99,4,25,2026-02-24,2.8,True
9804,99,11,67,2025-04-01,2.28,False
9805,99,8,48,2025-06-05,5.71,True
9806,99,7,42,2026-02-20,5.3,True
9807,99,9,54,2026-03-20,4.77,True
9808,99,30,176,2024-10-24,5.59,True
9809,99,5,31,2026-06-10,4.26,True
9810,99,24,144,2024-07-05,7.97,True
9811,99,5,,2024-02-20,0.73,False
9812,99,10,55,2025-08-29,6.21,False
9813,99,11,64,2024-11-08,4.62,True
9814,99,21,129,2025-10-03,5.98,True
9815,99,15,90,2024-05-24,6.94,True
9816,99,22,136,2024-09-30,3.47,True
9817,99,24,150,2024-07-18,6.03,True
9818,99,2,14,2023-12-29,4.86,True
9819,99,2,9,2026-02-26,2.75,True
9820,99,16,91,2024-11-26,7.47,False
9821,99,25,154,2025-02-06,7.54,True
9822,99,29,173,2026-02-20,5.39,True
9823,99,18,104,2024-10-01,7.63,True
9824,99,26,158,2026-01-08,1.07,True
9825,99,20,123,2024-09-26,1.04,True
9826,99,9,,2026-03-20,6.15,True
9827,99,23,138,2026-03-17,6.62,True
9828,99,20,119,2026-02-26,5.09,True
9829,99,17,98,2026-03-17,2.36,True
9830,100,1,7,2026-03-13,3.51,False
9831,100,26,159,2026-01-01,3.39,True
9832,100,11,63,2026-04-02,3.77,True
9833,100,20,122,2026-01-13,4.86,False
9834,100,18,105,2025-12-24,2.41,True
9835,100,28,168,2025-12-26,3.4,False
9836,100,25,152,2026-02-06,2.41,True
9837,100,1,1,2026-06-24,3.28,True
9838,100,3,19,2026-03-25,6.39,True
9839,100,25,155,2025-11-26,6.42,True
9840,100,4,,2025-12-16,3.94,True
9841,100,14,82,2025-12-24,2.01,True
9842,100,14,82,2025-12-01,1.64,False
9843,100,13,80,2026-04-15,3.73,True
9844,100,15,87,2026-05-15,2.05,True
9845,100,6,41,2026-02-26,3.56,True
9846,100,6,37,2026-06-22,2.46,True
9847,100,20,125,2026-03-04,4.11,True
9848,100,26,158,2026-04-27,3.11,False
9849,100,13,75,2026-02-17,6.72,True
9850,100,20,119,2025-12-12,3.1,True
9851,100,4,27,2025-12-26,2.44,True
9852,100,25,154,2026-03-23,4.02,True
9853,100,21,132,2026-05-08,7.65,True
9854,100,13,74,2026-01-26,7.35,True
9855,100,24,145,2026-05-15,6.8,True
9856,100,28,168,2026-06-17,1.03,True
9857,100,29,,2026-06-04,4.86,True
9858,100,16,94,2026-04-08,2.89,True
9859,100,15,89,2026-03-18,3.62,True
9860,100,28,166,2026-04-01,1.33,False
9861,100,12,70,2026-01-01,2.48,True
9862,100,16,94,2026-03-23,4.42,True
9863,100,4,27,2026-06-02,7.98,True
9864,100,7,42,2026-03-16,2.2,True
9865,100,26,158,2026-03-12,3.5,False
9866,100,3,,2026-03-13,3.93,True
9867,100,8,48,2026-01-26,1.09,False
9868,100,27,164,2026-04-10,0.6,True
9869,100,5,,2026-04-24,6.85,True
9870,100,6,37,2025-12-29,0.51,True
9871,100,10,58,2026-03-27,7.03,True
9872,100,10,60,2026-04-09,3.95,False
9873,100,15,,2026-01-29,1.25,False
9874,100,4,27,2025-12-08,0.76,True
9875,100,7,,2026-02-23,1.95,False
9876,100,1,,2026-05-25,2.95,False
9877,100,17,98,2026-06-09,4.68,True
9878,100,10,,2026-02-26,1.55,True
9879,100,26,158,2026-01-26,3.79,True
9880,100,1,4,2026-04-17,1.75,True
9881,100,24,,2026-04-07,1.98,True
9882,100,14,83,2026-01-09,4.47,True
9883,100,11,66,2025-12-18,5.06,True
9884,100,29,173,2026-01-19,1.24,True
9885,100,30,179,2026-02-25,5.14,True
9886,100,28,171,2026-03-16,5.76,True
9887,100,20,123,2026-02-20,3.37,True
9888,100,2,13,2026-05-28,5.66,True
9889,100,30,176,2026-05-15,5.3,True
9890,100,9,54,2025-11-26,1.44,True
9891,100,4,25,2026-06-12,7.44,True
9892,100,8,47,2026-05-01,4.07,True
9893,100,1,2,2026-02-16,1.51,False
9894,100,27,,2026-05-20,5.71,True
9895,100,5,29,2026-04-27,1.1,True
9896,100,24,145,2026-03-03,7.79,True
9897,100,23,138,2026-04-24,6.47,False
9898,100,23,,2026-02-24,5.36,True
9899,100,24,145,2026-05-27,1.96,True
9900,100,30,177,2026-05-14,2.42,False
9901,100,2,,2026-04-13,7.94,True
9902,100,4,,2026-06-05,1.78,False
9903,100,4,22,2026-03-25,2.72,True
9904,100,4,24,2026-04-09,4.77,True
9905,100,8,47,2026-06-18,0.62,True
9906,100,18,108,2026-02-02,3.77,True
9907,100,26,159,2025-12-25,2.43,True
9908,100,19,117,2026-02-24,6.65,True
9909,100,28,168,2025-12-23,5.46,True
9910,100,7,44,2026-04-28,1.13,True
9911,100,29,172,2026-01-06,6.68,True
9912,100,2,14,2025-11-25,5.18,False
9913,100,29,172,2025-12-08,2.64,True
9914,100,8,46,2026-02-27,1.34,True
9915,100,7,42,2026-04-09,4.93,True
9916,100,21,133,2026-02-17,6.65,True
9917,100,22,135,2026-01-20,6.3,True
9918,100,18,105,2026-02-17,0.66,False
9919,100,29,174,2025-12-09,2.18,True
9920,100,22,137,2026-06-17,7.45,True
9921,100,1,2,2025-12-16,2.3,False
9922,100,10,56,2026-04-23,0.57,True
9923,100,22,135,2026-04-16,7.2,True
9924,100,5,35,2026-02-20,0.79,True
9925,100,8,47,2026-02-13,5.01,False
9926,100,8,45,2026-06-03,0.93,True
9927,100,30,179,2026-04-20,1.01,False
9928,100,7,44,2026-05-27,0.8,True
9929,100,5,36,2026-06-23,2.83,True
9930,100,14,82,2026-02-05,6.87,False
9931,100,18,110,2026-03-27,1.62,False
9932,100,11,65,2026-04-09,3.63,True
9933,100,23,138,2026-03-13,2.06,True
9934,100,21,127,2026-04-06,7.27,True
9935,100,25,152,2025-12-17,3.48,False
9936,100,16,95,2026-05-29,3.29,False
9937,100,10,60,2025-11-27,2.97,True
9938,100,1,2,2026-02-19,6.59,True
9939,100,15,90,2026-02-18,7.11,True
9940,100,28,171,2026-04-07,7.48,True
9941,100,21,126,2026-06-12,1.96,True
9942,100,27,,2026-01-27,5.2,False
9943,101,4,,2023-08-17,1.23,True
9944,101,20,119,2026-02-16,1.77,True
9945,101,29,172,2023-07-20,3.21,True
9946,101,25,153,2024-12-20,1.09,False
9947,101,9,53,2025-01-30,1.62,True
9948,101,19,,2025-04-07,5.11,False
9949,101,19,117,2025-08-05,3.34,False
9950,101,4,21,2024-08-21,1.89,True
9951,101,18,107,2026-06-30,7.69,True
9952,101,27,162,2024-02-01,5.7,False
9953,101,5,31,2026-04-24,0.58,True
9954,101,6,37,2025-03-31,1.94,True
9955,101,23,,2024-05-07,3.12,True
9956,101,21,126,2025-02-13,1.71,True
9957,101,23,142,2026-03-06,4.58,False
9958,101,19,118,2026-04-28,6.11,True
9959,101,25,154,2023-11-15,2.37,True
9960,101,21,132,2025-10-02,5.09,True
9961,101,10,55,2026-01-29,4.76,False
9962,101,27,,2023-12-18,3.81,True
9963,101,20,124,2025-03-25,5.38,True
9964,101,30,175,2024-12-09,3.01,True
9965,101,22,135,2023-11-29,7.36,True
9966,101,4,22,2025-08-11,6.52,False
9967,101,15,89,2023-11-22,3.66,False
9968,101,24,144,2025-11-17,2.66,False
9969,101,29,173,2024-04-12,5.17,False
9970,101,26,159,2024-05-28,5.53,True
9971,101,20,120,2024-08-26,7.36,True
9972,101,19,114,2024-12-05,3.25,True
9973,101,25,155,2026-06-26,1.16,True
9974,101,13,79,2025-12-16,6.25,True
9975,101,29,174,2024-04-04,6.13,True
9976,101,6,40,2025-10-10,4.39,True
9977,101,11,69,2025-06-30,6.82,True
9978,101,3,18,2025-11-03,1.91,True
9979,101,14,81,2024-09-17,5.64,False
9980,101,14,83,2025-01-15,7.51,True
9981,101,11,,2025-02-04,4.46,False
9982,101,22,135,2025-09-22,6.14,False
9983,101,1,3,2025-01-07,4.19,True
9984,101,22,136,2025-01-10,2.96,True
9985,101,2,15,2026-01-15,6.63,True
9986,101,17,98,2025-08-18,2.39,True
9987,101,28,168,2024-04-02,7.85,True
9988,101,6,40,2025-10-08,4.9,True
9989,101,6,40,2025-01-22,3.03,False
9990,101,22,137,2024-01-05,6.7,True
9991,101,15,89,2024-09-27,5.29,True
9992,101,12,70,2026-01-01,5.82,True
9993,101,4,21,2025-06-25,2.86,True
9994,101,16,,2025-10-29,7.45,False
9995,101,18,106,2023-07-10,5.19,False
9996,101,25,154,2024-04-26,6.14,False
9997,101,15,,2024-05-22,6.1,True
9998,101,6,40,2024-11-13,1.42,True
9999,101,13,80,2024-06-18,3.3,False
10000,101,24,144,2025-10-28,6.98,True
10001,101,1,2,2026-05-28,1.19,False
10002,101,16,94,2026-02-04,2.72,False
10003,101,26,159,2024-12-24,1.92,True
10004,101,18,107,2024-04-09,3.96,True
10005,101,3,19,2025-05-02,6.74,True
10006,101,2,12,2026-02-09,3.04,True
10007,101,2,11,2024-07-03,4.53,True
10008,101,5,30,2026-03-09,1.15,False
10009,101,19,114,2024-08-19,2.43,True
10010,101,15,88,2024-09-05,3.38,False
10011,101,8,49,2025-01-28,3.06,True
10012,101,22,137,2026-06-10,1.21,True
10013,101,26,157,2024-01-31,7.0,True
10014,101,12,70,2026-05-27,4.37,False
10015,101,25,155,2024-06-03,1.86,True
10016,101,15,87,2026-06-25,6.6,False
10017,101,19,116,2023-11-01,3.88,True
10018,101,22,,2024-12-12,7.02,False
10019,101,13,75,2023-08-09,1.16,False
10020,101,3,20,2024-01-03,6.0,True
10021,101,18,109,2025-12-31,1.92,True
10022,101,9,54,2024-12-06,6.61,False
10023,101,21,131,2024-01-29,1.39,True
10024,101,17,,2024-06-27,0.55,True
10025,101,3,17,2024-01-24,5.5,True
10026,101,2,12,2024-10-16,2.93,True
10027,101,16,91,2026-06-01,0.9,True
10028,101,2,13,2025-03-20,6.88,True
10029,101,6,39,2025-02-10,6.07,True
10030,101,8,48,2025-05-01,3.67,True
10031,101,11,62,2026-06-01,7.78,True
10032,101,6,41,2025-12-11,1.48,True
10033,101,6,39,2025-10-22,4.1,True
10034,101,9,53,2024-07-23,1.55,True
10035,101,1,4,2025-08-25,3.85,True
10036,101,21,,2023-07-27,1.25,True
10037,101,30,178,2025-11-20,7.33,True
10038,101,27,161,2025-06-05,4.79,True
10039,101,3,16,2024-11-26,5.53,True
10040,101,23,138,2025-06-10,3.36,True
10041,101,10,55,2026-06-25,0.94,False
10042,103,6,41,2025-10-01,6.08,False
10043,103,15,90,2025-05-19,6.33,False
10044,103,1,4,2025-12-26,6.71,False
10045,103,3,17,2023-07-24,5.8,True
10046,103,7,43,2026-04-24,7.66,True
10047,103,28,169,2024-11-06,7.45,True
10048,103,18,104,2024-10-30,2.88,False
10049,103,29,173,2025-07-15,3.93,True
10050,103,18,104,2026-04-28,6.42,True
10051,103,2,15,2023-10-27,6.37,True
10052,103,14,,2025-11-19,3.97,True
10053,103,9,54,2023-12-26,1.64,True
10054,103,8,46,2024-04-23,1.6,True
10055,103,20,119,2023-11-27,2.09,True
10056,103,5,29,2025-12-05,4.18,True
10057,103,12,71,2026-01-22,7.95,True
10058,103,20,120,2026-03-12,2.76,False
10059,103,3,20,2024-10-28,5.13,True
10060,103,10,61,2026-03-30,7.39,True
10061,103,18,105,2026-03-26,0.89,True
10062,103,27,165,2026-05-01,5.09,True
10063,103,2,11,2026-01-05,2.51,True
10064,103,21,129,2025-03-13,0.63,True
10065,103,5,33,2026-06-01,7.37,True
10066,103,12,71,2024-07-15,6.87,True
10067,103,9,53,2025-06-27,5.09,True
10068,103,20,120,2024-11-15,4.06,False
10069,103,23,,2024-08-15,2.89,False
10070,103,1,4,2024-02-12,3.62,True
10071,103,26,159,2023-10-10,2.03,True
10072,103,15,88,2025-05-01,1.72,True
10073,103,4,25,2025-05-05,2.3,True
10074,103,25,155,2026-01-02,5.23,True
10075,103,10,59,2024-04-29,7.97,True
10076,103,7,44,2024-07-03,3.25,True
10077,103,14,83,2023-07-18,3.35,True
10078,103,11,68,2025-06-24,1.21,True
10079,103,30,,2025-04-24,3.23,True
10080,103,26,156,2023-10-13,3.62,True
10081,103,12,72,2026-03-17,4.1,False
10082,103,2,12,2024-09-10,4.55,False
10083,103,29,172,2024-10-22,4.21,True
10084,103,28,170,2024-02-19,0.6,True
10085,103,1,4,2024-07-12,1.26,True
10086,103,16,91,2023-08-11,5.1,True
10087,103,29,172,2025-06-19,7.54,False
10088,103,12,,2024-02-08,6.12,True
10089,103,22,135,2024-08-07,2.43,True
10090,103,25,151,2024-06-19,5.58,True
10091,103,1,5,2024-08-19,2.35,True
10092,103,13,76,2024-04-02,1.55,True
10093,103,14,81,2024-12-04,6.67,True
10094,103,16,92,2023-07-25,5.04,True
10095,103,30,179,2023-07-28,6.55,False
10096,103,16,94,2026-03-11,4.46,True
10097,103,30,176,2024-11-08,3.13,False
10098,103,17,100,2023-09-19,6.36,True
10099,103,17,102,2023-10-02,1.99,True
10100,103,13,76,2025-09-10,2.09,True
10101,103,11,,2023-08-14,2.85,True
10102,103,24,144,2024-02-16,3.46,False
10103,103,28,169,2024-10-24,3.59,False
10104,103,12,70,2023-07-27,2.34,True
10105,103,5,29,2024-06-10,3.8,True
10106,103,29,174,2026-05-25,3.98,True
10107,103,20,119,2023-08-03,4.91,True
10108,103,25,152,2024-12-23,7.88,True
10109,103,26,158,2025-11-03,4.01,False
10110,103,19,117,2025-01-13,7.23,True
10111,103,6,38,2025-02-17,2.74,True
10112,103,4,25,2024-08-21,2.13,True
10113,103,8,46,2023-09-15,7.13,True
10114,103,10,56,2025-05-08,3.32,True
10115,103,25,152,2023-07-04,4.86,False
10116,103,16,91,2024-06-12,0.68,True
10117,103,5,,2024-06-17,2.94,True
10118,103,7,,2025-12-02,0.55,True
10119,103,8,45,2024-12-26,2.31,True
10120,103,10,61,2024-11-14,0.55,True
10121,103,12,70,2026-03-26,3.6,True
10122,103,24,147,2025-08-21,6.23,False
10123,103,21,128,2026-01-23,5.43,True
10124,103,29,173,2023-12-29,2.24,True
10125,103,9,50,2024-10-16,7.79,True
10126,103,13,77,2023-11-06,6.46,True
10127,103,27,160,2024-10-23,4.92,True
10128,103,23,139,2025-07-23,2.31,False
10129,103,24,144,2026-05-19,7.46,True
10130,103,25,153,2023-07-25,6.44,True
10131,103,18,108,2025-10-20,5.55,True
10132,103,6,39,2024-04-30,1.02,False
10133,103,28,168,2025-10-08,2.46,False
10134,103,27,,2024-04-03,7.48,True
10135,103,1,3,2023-09-22,5.95,True
10136,103,28,170,2025-01-23,1.73,True
10137,103,28,168,2023-07-18,1.51,False
10138,103,29,172,2024-10-08,3.07,True
10139,103,22,137,2024-04-25,1.57,True
10140,103,14,84,2025-05-14,3.23,True
10141,103,22,137,2024-03-19,6.65,False
10142,103,11,63,2026-03-09,1.49,True
10143,103,23,141,2024-07-15,4.0,False
10144,103,19,115,2025-08-12,1.24,True
10145,103,8,48,2026-04-20,2.65,True
10146,103,10,,2023-11-07,5.63,True
10147,103,5,36,2023-10-20,0.68,False
10148,103,15,87,2023-08-22,3.72,True
10149,104,7,43,2025-12-05,6.16,True
10150,104,20,123,2024-02-01,0.96,True
10151,104,17,102,2025-09-25,2.83,True
10152,104,27,160,2026-01-01,1.01,True
10153,104,23,139,2025-09-19,3.58,False
10154,104,14,81,2024-09-27,6.4,True
10155,104,24,149,2024-06-26,6.06,True
10156,104,14,85,2026-06-04,1.58,False
10157,104,22,137,2024-12-11,3.72,True
10158,104,23,140,2025-12-17,7.17,True
10159,104,15,89,2024-12-23,4.92,True
10160,104,5,30,2025-07-11,5.99,True
10161,104,14,84,2025-10-21,4.53,True
10162,104,15,90,2026-03-11,6.31,True
10163,104,6,41,2024-05-07,2.26,True
10164,104,22,135,2025-02-27,2.81,True
10165,104,13,75,2025-12-04,4.54,False
10166,104,23,,2024-11-25,5.22,True
10167,104,6,39,2024-04-16,5.31,False
10168,104,5,30,2026-01-27,1.47,True
10169,104,3,16,2024-10-18,1.77,False
10170,104,12,,2025-07-08,7.44,True
10171,104,22,135,2024-02-21,3.11,True
10172,104,19,113,2026-01-20,7.93,True
10173,104,2,15,2025-05-23,5.35,True
10174,104,9,53,2025-02-24,2.69,True
10175,104,20,125,2025-11-04,0.85,False
10176,104,5,31,2024-09-04,2.62,False
10177,104,23,143,2024-05-02,3.93,True
10178,104,6,41,2025-02-21,0.6,True
10179,104,6,37,2025-05-22,1.78,True
10180,104,22,134,2024-06-24,3.84,True
10181,104,29,172,2024-04-18,3.14,True
10182,104,25,155,2026-05-13,4.17,True
10183,104,8,49,2025-02-27,2.55,True
10184,104,1,4,2024-06-27,4.38,True
10185,104,16,95,2024-07-08,4.69,False
10186,104,17,100,2024-04-03,6.58,True
10187,104,23,143,2025-03-11,2.25,False
10188,104,22,134,2025-04-07,5.91,True
10189,104,10,59,2026-04-03,7.45,False
10190,104,28,170,2026-01-15,1.17,True
10191,104,24,150,2025-05-16,4.91,True
10192,104,1,4,2025-02-27,3.79,False
10193,104,9,50,2025-09-18,2.07,True
10194,104,25,154,2025-03-26,6.83,True
10195,104,24,144,2024-02-29,3.08,True
10196,104,14,84,2024-10-29,0.79,True
10197,104,10,57,2024-04-01,2.33,False
10198,104,30,176,2024-12-04,4.56,True
10199,104,8,47,2025-01-01,1.58,True
10200,104,7,42,2026-06-02,3.38,True
10201,104,16,95,2025-08-15,0.84,False
10202,104,1,1,2024-01-18,2.86,True
10203,104,24,146,2024-02-13,3.96,True
10204,104,9,,2024-10-11,4.36,True
10205,104,4,27,2025-09-17,0.95,False
10206,104,8,46,2025-08-07,1.6,True
10207,104,20,119,2025-10-13,1.31,True
10208,104,24,145,2024-05-14,5.65,True
10209,104,27,163,2025-10-14,1.95,True
10210,104,29,172,2025-10-20,7.98,True
10211,104,1,1,2024-08-29,7.22,True
10212,104,5,31,2025-12-15,6.86,True
10213,104,7,43,2025-12-11,4.23,True
10214,104,23,,2025-10-03,1.49,True
10215,104,30,179,2025-04-14,1.64,True
10216,104,13,80,2025-07-28,7.35,True
10217,104,4,21,2025-06-23,5.2,False
10218,104,17,100,2024-05-29,0.51,True
10219,104,23,139,2025-10-09,3.01,True
10220,104,18,108,2025-04-09,2.83,False
10221,104,15,87,2025-04-01,6.12,True
10222,104,28,168,2024-01-24,0.52,True
10223,104,2,8,2024-04-15,3.15,True
10224,104,12,70,2024-01-26,6.14,True
10225,104,7,42,2024-11-20,5.66,True
10226,104,29,172,2024-12-19,2.96,True
10227,104,30,175,2026-02-06,3.81,True
10228,104,7,43,2025-02-18,0.71,False
10229,104,24,145,2026-03-23,3.19,True
10230,104,17,102,2025-02-12,4.97,True
10231,104,25,153,2024-06-17,2.46,True
10232,104,22,136,2026-03-04,5.87,True
10233,104,30,177,2026-02-12,6.52,True
10234,104,1,,2024-09-19,7.41,False
10235,104,24,148,2025-06-20,1.1,True
10236,104,24,149,2024-07-24,2.6,False
10237,104,29,173,2026-01-13,2.83,True
10238,104,21,131,2025-10-22,1.07,False
10239,104,19,114,2026-06-29,6.04,False
10240,104,21,127,2024-03-06,3.76,True
10241,104,18,105,2024-04-25,5.63,True
10242,104,15,87,2024-04-03,2.02,True
10243,104,21,133,2024-02-08,5.35,True
10244,104,26,158,2025-06-20,1.57,True
10245,104,17,99,2025-04-14,2.07,False
10246,104,13,,2025-01-17,3.16,True
10247,104,22,136,2026-04-06,6.87,True
10248,104,9,51,2026-05-27,6.3,True
10249,104,23,142,2026-05-06,6.38,True
10250,104,7,43,2024-08-28,7.24,True
10251,104,12,70,2025-05-13,7.38,False
10252,104,15,87,2024-05-20,4.49,True
10253,104,16,91,2025-01-15,1.63,True
10254,104,28,166,2025-08-20,0.67,False
10255,105,6,39,2026-05-22,3.93,True
10256,105,28,166,2024-09-06,0.67,True
10257,105,26,,2024-10-17,3.9,False
10258,105,30,177,2023-09-25,6.93,True
10259,105,26,159,2025-01-20,7.79,False
10260,105,22,136,2023-11-02,6.65,True
10261,105,2,11,2024-08-09,4.25,True
10262,105,13,78,2023-11-23,0.66,True
10263,105,23,143,2023-11-20,6.6,True
10264,105,6,38,2023-08-15,6.43,True
10265,105,3,18,2023-08-30,1.1,False
10266,105,15,90,2025-04-03,0.66,False
10267,105,15,87,2023-07-24,6.96,True
10268,105,30,178,2025-05-13,5.08,True
10269,105,10,60,2023-09-15,7.83,False
10270,105,7,42,2025-10-15,7.11,True
10271,105,21,126,2026-02-05,7.79,False
10272,105,1,1,2025-07-04,4.2,True
10273,105,19,113,2024-04-11,7.37,True
10274,105,23,141,2023-07-18,1.32,False
10275,105,22,136,2025-01-01,3.08,True
10276,105,14,,2026-03-27,0.61,True
10277,105,27,162,2026-02-27,4.41,True
10278,105,21,129,2024-02-23,6.93,True
10279,105,5,,2025-04-08,6.49,True
10280,105,16,95,2025-09-16,0.95,True
10281,105,2,11,2024-07-24,5.27,True
10282,105,8,45,2024-04-29,0.88,True
10283,105,18,105,2023-07-28,2.91,False
10284,105,17,98,2024-02-14,2.05,True
10285,105,28,167,2024-04-22,3.33,True
10286,105,25,151,2024-03-19,3.29,False
10287,105,3,20,2025-09-11,6.66,True
10288,105,21,133,2023-08-03,4.06,True
10289,105,12,71,2024-12-06,1.65,False
10290,105,13,74,2025-06-30,6.19,True
10291,105,19,115,2024-02-20,5.47,True
10292,105,9,54,2023-10-09,3.76,True
10293,105,28,171,2024-04-26,5.07,True
10294,105,13,,2024-02-07,7.0,False
10295,105,9,54,2023-07-26,0.6,True
10296,105,2,8,2024-07-23,1.36,True
10297,105,29,173,2024-07-15,1.36,False
10298,105,24,150,2025-06-27,7.27,True
10299,105,14,83,2026-01-20,4.46,False
10300,105,19,,2025-04-09,6.45,True
10301,105,20,122,2026-04-01,7.58,False
10302,105,22,134,2025-03-21,1.5,False
10303,105,17,,2025-02-25,1.59,True
10304,105,24,147,2023-07-25,0.58,True
10305,105,6,38,2024-11-12,1.48,True
10306,105,23,139,2026-05-12,2.69,True
10307,105,16,,2026-05-11,2.78,True
10308,105,20,,2025-05-07,1.33,True
10309,105,4,24,2025-08-19,6.05,False
10310,105,12,70,2023-10-16,5.6,True
10311,105,18,106,2023-08-23,6.41,True
10312,105,28,,2023-10-24,1.92,False
10313,105,22,137,2025-01-13,1.68,True
10314,105,8,46,2024-07-18,5.07,True
10315,105,23,138,2024-05-29,4.3,True
10316,105,20,125,2023-12-21,4.01,True
10317,105,3,20,2024-07-17,6.78,True
10318,105,26,158,2025-10-06,4.22,True
10319,105,21,132,2025-12-11,1.42,True
10320,105,15,89,2024-12-10,2.83,True
10321,105,13,77,2024-09-11,7.61,False
10322,105,29,173,2026-06-16,1.88,False
10323,105,17,97,2024-07-05,5.12,True
10324,105,17,99,2025-04-09,3.86,True
10325,105,6,37,2026-01-01,1.31,True
10326,105,10,59,2023-12-19,1.98,True
10327,105,14,83,2024-04-19,4.24,True
10328,105,24,147,2024-11-26,2.91,False
10329,105,3,20,2023-10-24,2.28,False
10330,105,14,82,2024-12-04,3.88,True
10331,105,15,,2023-09-07,4.99,True
10332,105,7,44,2023-12-18,5.59,True
10333,105,5,35,2024-01-19,3.13,True
10334,105,5,30,2023-12-26,7.32,True
10335,105,17,97,2024-09-17,1.78,True
10336,105,30,179,2025-12-23,6.91,True
10337,105,28,168,2026-06-30,3.27,True
10338,105,24,150,2025-04-04,1.51,True
10339,105,21,132,2025-04-10,1.43,True
10340,105,3,18,2025-09-24,6.74,True
10341,105,23,139,2023-10-11,6.72,True
10342,105,20,122,2024-03-05,0.81,True
10343,105,4,22,2026-03-30,0.75,True
10344,105,23,142,2026-02-16,2.23,True
10345,105,2,9,2026-02-03,5.96,True
10346,105,16,95,2026-03-16,6.26,True
10347,105,3,17,2024-03-12,3.67,True
10348,105,14,86,2024-12-06,1.0,True
10349,105,27,,2024-12-27,4.61,False
10350,105,22,136,2025-03-31,2.49,True
10351,105,11,,2025-01-09,6.0,True
10352,105,17,99,2024-09-27,4.27,True
10353,105,24,144,2024-06-17,3.63,False
10354,105,8,47,2025-07-25,1.79,False
10355,105,13,74,2025-10-22,4.38,True
10356,105,22,137,2026-03-19,0.98,True
10357,105,30,177,2024-06-26,6.63,True
10358,106,6,38,2025-09-01,4.51,False
10359,106,4,22,2024-12-06,5.2,True
10360,106,15,88,2024-12-10,6.26,True
10361,106,5,36,2025-04-15,2.31,True
10362,106,2,,2025-01-06,1.35,True
10363,106,20,122,2026-04-20,5.07,False
10364,106,25,155,2024-10-11,1.77,True
10365,106,8,47,2025-03-13,2.3,False
10366,106,21,131,2026-06-04,3.75,False
10367,106,7,44,2026-03-13,2.81,True
10368,106,10,55,2025-11-07,6.11,True
10369,106,28,168,2025-08-28,3.77,True
10370,106,20,124,2024-11-22,6.46,True
10371,106,21,127,2024-10-07,2.68,True
10372,106,5,33,2025-11-07,3.31,False
10373,106,19,114,2025-09-12,4.08,True
10374,106,7,43,2026-05-28,5.12,True
10375,106,17,99,2026-01-07,3.98,True
10376,106,15,87,2025-08-01,0.5,True
10377,106,28,169,2025-06-20,0.89,True
10378,106,18,110,2025-05-30,3.74,True
10379,106,17,102,2025-09-17,1.62,False
10380,106,9,52,2025-02-14,1.13,False
10381,106,3,16,2025-10-09,4.82,True
10382,106,14,82,2026-04-29,1.3,False
10383,106,16,96,2026-04-02,2.39,True
10384,106,15,90,2026-06-29,5.33,True
10385,106,11,65,2026-01-22,0.96,True
10386,106,21,129,2026-06-10,6.25,True
10387,106,30,,2025-06-23,5.3,False
10388,106,7,43,2025-04-07,4.76,True
10389,106,23,138,2026-05-27,0.8,True
10390,106,10,58,2024-11-29,4.3,True
10391,106,26,159,2025-06-10,2.97,True
10392,106,2,,2026-02-12,4.86,True
10393,106,2,15,2025-12-22,4.37,False
10394,106,9,54,2025-03-05,2.85,True
10395,106,19,115,2026-03-30,7.17,True
10396,106,15,90,2025-10-07,2.01,True
10397,106,16,93,2026-06-24,3.04,True
10398,106,5,32,2025-08-04,7.56,True
10399,106,27,165,2025-06-04,2.66,False
10400,106,21,126,2025-06-04,3.96,True
10401,106,28,169,2026-03-09,3.31,True
10402,106,20,,2026-06-16,1.28,True
10403,106,13,76,2025-05-29,1.46,True
10404,106,20,123,2025-01-15,6.4,True
10405,106,25,153,2025-01-29,1.81,True
10406,106,10,61,2025-09-23,6.38,True
10407,106,14,86,2025-10-22,6.92,True
10408,106,4,21,2026-03-24,2.98,True
10409,106,2,8,2026-06-18,5.2,True
10410,106,2,,2026-02-10,4.61,True
10411,106,19,114,2025-09-12,6.26,True
10412,106,4,28,2025-04-04,7.55,False
10413,106,5,,2025-09-25,1.04,True
10414,106,18,108,2026-01-05,4.93,True
10415,106,18,106,2025-04-09,0.95,True
10416,106,1,,2025-05-16,5.59,True
10417,106,11,67,2025-08-12,2.07,True
10418,106,1,7,2026-06-25,2.66,False
10419,106,3,18,2026-03-26,4.0,False
10420,106,8,45,2025-11-27,5.73,False
10421,106,29,172,2025-09-23,3.97,True
10422,106,4,24,2025-05-14,6.64,True
10423,106,4,23,2026-06-05,7.09,True
10424,106,22,136,2025-08-12,4.67,True
10425,106,10,60,2025-06-10,2.15,False
10426,106,30,175,2025-08-19,3.54,True
10427,106,22,135,2025-08-05,7.12,False
10428,106,30,179,2026-02-04,7.78,True
10429,106,16,,2025-09-24,3.16,True
10430,106,15,,2025-09-25,5.83,True
10431,106,15,90,2026-04-09,7.88,False
10432,106,15,90,2026-01-26,5.13,False
10433,106,20,121,2026-06-02,4.9,True
10434,106,16,92,2024-11-22,2.04,True
10435,106,4,,2026-04-07,7.71,True
10436,106,27,163,2026-03-26,5.24,True
10437,106,3,19,2025-04-22,5.64,True
10438,106,10,56,2025-08-28,5.71,True
10439,106,5,32,2026-02-12,6.11,True
10440,106,30,178,2025-11-12,1.9,False
10441,106,30,175,2024-10-07,2.37,True
10442,106,26,156,2025-11-26,2.56,True
10443,106,23,143,2025-11-14,1.47,True
10444,106,10,56,2024-12-11,5.06,True
10445,106,4,27,2025-02-28,6.59,True
10446,106,10,,2025-08-20,6.13,True
10447,106,20,122,2025-09-04,3.39,False
10448,106,3,18,2025-05-16,1.08,True
10449,106,6,37,2025-06-23,4.89,True
10450,106,25,153,2026-06-17,6.87,True
10451,106,6,40,2025-01-15,7.22,False
10452,106,8,48,2025-08-22,7.19,True
10453,106,22,137,2025-04-22,0.54,True
10454,106,5,29,2025-05-28,3.47,True
10455,106,29,,2025-03-19,5.48,True
10456,106,22,137,2025-07-03,7.27,True
10457,106,21,132,2026-01-08,3.67,False
10458,106,16,96,2026-02-24,7.36,True
10459,106,8,45,2025-02-12,2.02,True
10460,106,20,,2026-04-27,1.87,False
10461,106,8,,2025-03-18,1.54,True
10462,106,8,46,2025-10-31,2.54,True
10463,106,26,156,2025-10-23,3.7,True
10464,107,10,57,2023-11-14,2.99,True
10465,107,22,135,2023-10-12,0.59,True
10466,107,27,164,2024-04-16,7.04,True
10467,107,9,,2023-10-16,0.58,True
10468,107,11,69,2026-02-25,4.98,True
10469,107,10,60,2024-05-09,6.76,True
10470,107,13,75,2026-04-20,3.74,True
10471,107,26,157,2025-02-20,4.25,False
10472,107,20,120,2025-07-09,4.05,True
10473,107,29,174,2023-12-21,2.87,False
10474,107,22,136,2026-01-23,4.95,True
10475,107,11,63,2023-08-18,0.77,True
10476,107,10,57,2023-11-08,1.85,False
10477,107,16,96,2024-12-31,4.33,True
10478,107,6,41,2026-04-08,6.89,False
10479,107,15,90,2023-11-16,4.09,True
10480,107,25,152,2024-03-29,3.3,True
10481,107,23,140,2025-07-08,3.89,True
10482,107,5,31,2025-09-30,7.13,True
10483,107,20,124,2026-06-22,4.4,False
10484,107,6,,2023-12-11,1.52,True
10485,107,9,53,2026-03-17,1.58,True
10486,107,16,92,2024-09-03,5.46,True
10487,107,10,58,2025-12-22,1.1,True
10488,107,20,120,2025-12-23,0.8,True
10489,107,14,86,2026-03-05,6.49,True
10490,107,3,16,2025-07-08,7.01,True
10491,107,14,83,2023-12-18,3.3,True
10492,107,4,25,2025-05-28,5.06,True
10493,107,19,116,2023-12-20,4.06,False
10494,107,8,45,2023-08-25,4.61,True
10495,107,7,43,2024-09-27,3.28,True
10496,107,20,120,2026-01-05,1.86,False
10497,107,23,140,2024-04-12,0.52,True
10498,107,20,122,2023-10-05,3.84,False
10499,107,30,,2025-09-04,5.8,True
10500,107,21,129,2024-04-04,1.72,False
10501,107,6,39,2024-10-01,1.99,True
10502,107,30,176,2025-11-27,5.76,True
10503,107,23,138,2024-06-17,1.11,True
10504,107,17,99,2025-08-22,7.4,True
10505,107,8,48,2024-04-19,2.59,False
10506,107,24,149,2023-10-10,4.98,True
10507,107,24,149,2023-10-31,7.52,True
10508,107,3,18,2024-08-13,5.68,True
10509,107,23,140,2023-11-07,6.3,True
10510,107,23,142,2024-10-10,5.41,True
10511,107,5,34,2023-07-19,5.78,True
10512,107,2,14,2024-12-20,6.77,False
10513,107,4,26,2026-01-01,5.44,False
10514,107,19,113,2024-12-31,3.52,True
10515,107,30,176,2026-06-16,5.13,True
10516,107,23,142,2024-07-29,6.74,True
10517,107,10,57,2024-06-10,6.05,True
10518,107,5,30,2024-05-20,3.32,False
10519,107,24,144,2026-03-18,5.36,True
10520,107,4,21,2025-09-15,3.71,True
10521,107,5,32,2023-11-29,3.58,False
10522,107,4,25,2023-10-31,2.72,True
10523,107,24,146,2024-01-15,7.16,True
10524,107,22,137,2024-02-19,2.0,True
10525,107,27,,2024-05-06,0.82,True
10526,107,28,169,2025-02-28,4.2,True
10527,107,7,44,2024-12-31,2.37,True
10528,107,3,17,2025-09-01,5.03,True
10529,107,8,47,2024-08-09,1.41,True
10530,107,30,,2025-06-10,6.14,True
10531,107,25,152,2025-08-06,7.32,False
10532,107,6,39,2023-07-18,5.8,False
10533,107,29,173,2023-08-03,7.17,True
10534,107,19,114,2024-12-24,7.16,True
10535,107,29,172,2025-04-17,5.35,True
10536,107,19,114,2024-09-04,1.52,True
10537,107,28,,2024-08-27,4.9,True
10538,107,4,27,2025-04-30,4.25,True
10539,107,9,54,2025-07-30,6.42,True
10540,107,22,,2026-05-07,7.83,False
10541,107,1,4,2023-08-29,6.39,True
10542,107,13,78,2023-08-17,4.23,True
10543,107,24,150,2025-05-22,7.16,True
10544,107,15,88,2024-09-19,3.14,True
10545,107,30,176,2024-07-30,7.33,True
10546,107,22,135,2024-08-07,6.89,True
10547,107,1,7,2026-06-12,6.3,False
10548,107,8,49,2023-08-11,1.7,False
10549,107,16,96,2024-06-25,4.05,True
10550,107,27,163,2024-11-26,6.15,True
10551,107,17,100,2026-04-20,3.18,True
10552,107,5,29,2024-01-12,1.27,True
10553,107,26,159,2023-07-25,6.4,True
10554,107,24,146,2025-07-01,3.57,True
10555,107,11,63,2025-01-20,1.82,True
10556,107,1,1,2024-10-03,5.28,True
10557,107,23,,2023-07-19,7.81,True
10558,107,22,136,2024-06-14,5.51,True
10559,107,21,129,2025-05-09,3.17,True
10560,107,26,157,2025-02-17,5.82,True
10561,107,14,85,2024-05-20,2.68,True
10562,107,5,34,2026-06-29,6.93,True
10563,107,16,91,2025-07-28,0.83,True
10564,107,13,,2024-04-12,3.71,True
10565,108,19,118,2026-01-23,3.75,True
10566,108,27,161,2025-12-26,3.85,True
10567,108,28,167,2025-07-07,5.6,True
10568,108,29,,2025-12-05,1.73,True
10569,108,11,65,2026-06-09,4.69,True
10570,108,29,172,2026-02-13,4.07,True
10571,108,29,174,2026-04-30,6.67,True
10572,108,5,30,2025-09-02,1.08,False
10573,108,19,116,2025-09-18,5.11,True
10574,108,4,24,2025-12-09,2.75,True
10575,108,6,41,2025-10-27,0.87,True
10576,108,15,87,2025-12-04,7.67,False
10577,108,15,89,2025-11-20,5.81,True
10578,108,11,,2026-05-26,3.57,True
10579,108,16,93,2026-01-15,4.31,True
10580,108,3,17,2025-09-10,4.1,True
10581,108,16,95,2025-11-14,3.75,True
10582,108,21,131,2025-10-07,4.04,True
10583,108,15,87,2025-12-17,4.45,True
10584,108,22,134,2025-05-23,4.67,True
10585,108,7,44,2025-09-08,6.97,True
10586,108,22,134,2026-06-23,7.43,True
10587,108,22,136,2025-09-05,0.65,True
10588,108,3,19,2025-10-03,6.18,True
10589,108,3,20,2025-07-16,2.34,False
10590,108,20,120,2026-06-23,7.54,True
10591,108,7,43,2025-07-08,7.1,True
10592,108,14,,2025-08-05,7.77,True
10593,108,28,168,2025-11-06,5.63,True
10594,108,18,105,2026-04-21,7.45,False
10595,108,25,153,2025-08-22,6.34,True
10596,108,26,157,2025-05-26,2.85,False
10597,108,10,55,2025-09-11,0.56,False
10598,108,4,22,2025-12-01,6.71,False
10599,108,20,121,2025-12-10,3.93,True
10600,108,1,3,2025-10-17,1.3,True
10601,108,2,9,2025-08-29,4.27,True
10602,108,21,127,2025-09-25,3.77,True
10603,108,15,89,2026-02-13,5.71,True
10604,108,23,141,2025-08-14,0.51,False
10605,108,27,165,2025-10-07,6.35,False
10606,108,30,178,2025-05-23,7.36,True
10607,108,23,141,2026-06-26,1.41,False
10608,108,7,43,2025-10-17,5.9,True
10609,108,26,158,2025-05-26,1.43,True
10610,108,19,111,2026-03-24,1.2,False
10611,108,2,11,2026-03-09,5.6,True
10612,108,30,179,2026-03-09,0.73,True
10613,108,1,5,2025-06-02,3.68,True
10614,108,22,134,2026-02-11,7.52,True
10615,108,12,72,2026-01-27,6.03,True
10616,108,6,40,2026-04-23,6.24,True
10617,108,27,164,2026-04-03,6.2,False
10618,108,10,57,2026-01-21,4.19,False
10619,108,17,99,2026-04-09,1.48,True
10620,108,17,98,2025-12-04,4.0,True
10621,108,11,63,2026-03-16,7.05,True
10622,108,5,31,2025-09-18,3.18,False
10623,108,7,44,2026-04-08,5.86,True
10624,108,28,169,2026-03-18,0.82,True
10625,108,7,42,2025-10-07,4.17,False
10626,108,14,85,2025-06-13,1.3,False
10627,108,15,,2026-02-18,6.03,False
10628,108,13,73,2025-12-03,3.22,True
10629,108,5,35,2026-05-20,2.77,True
10630,108,25,,2026-01-02,1.32,True
10631,108,5,,2025-05-26,2.88,True
10632,108,24,144,2025-08-20,3.82,True
10633,108,23,142,2026-04-02,4.18,True
10634,108,23,138,2025-12-26,3.85,False
10635,108,29,173,2026-03-23,6.51,True
10636,108,3,17,2026-02-02,4.92,True
10637,108,4,28,2025-12-23,7.98,False
10638,108,27,160,2025-09-08,7.78,False
10639,108,3,16,2025-10-31,5.39,True
10640,108,18,108,2025-05-21,2.28,False
10641,108,20,,2026-04-15,4.24,False
10642,108,3,16,2026-05-07,7.7,True
10643,108,2,14,2025-08-20,4.12,True
10644,108,14,84,2025-07-31,1.52,False
10645,108,14,85,2026-02-19,6.78,True
10646,108,22,135,2025-05-21,1.06,True
10647,108,3,16,2025-08-21,2.64,True
10648,108,4,22,2026-01-08,3.38,True
10649,108,28,170,2025-06-30,5.61,False
10650,108,17,102,2025-11-18,3.51,False
10651,108,1,2,2025-10-14,4.7,True
10652,108,3,20,2026-01-26,1.22,True
10653,108,24,150,2026-06-05,4.73,True
10654,108,22,136,2025-09-18,6.71,False
10655,108,13,79,2026-04-22,4.59,True
10656,108,3,17,2026-03-24,4.2,True
10657,108,26,157,2025-07-01,6.96,True
10658,108,6,,2026-02-18,6.96,True
10659,109,18,105,2024-01-10,2.45,True
10660,109,27,165,2025-04-16,7.41,True
10661,109,11,67,2025-02-20,1.94,False
10662,109,9,51,2024-07-10,1.8,False
10663,109,27,,2023-08-30,6.79,True
10664,109,23,143,2025-01-03,5.98,True
10665,109,18,104,2025-10-08,5.21,True
10666,109,8,46,2025-10-01,4.89,True
10667,109,24,147,2024-09-17,4.35,True
10668,109,12,72,2025-02-04,1.04,True
10669,109,12,70,2026-03-27,4.67,True
10670,109,17,97,2025-04-28,1.17,False
10671,109,1,,2024-07-22,2.73,True
10672,109,13,76,2025-09-01,1.33,False
10673,109,12,71,2025-12-23,3.55,True
10674,109,5,34,2023-09-14,3.9,True
10675,109,1,3,2026-01-29,3.31,True
10676,109,25,152,2024-08-30,5.69,True
10677,109,8,45,2023-10-12,6.41,False
10678,109,23,140,2024-10-25,2.6,True
10679,109,12,70,2024-04-10,1.13,True
10680,109,23,142,2025-06-03,7.44,True
10681,109,22,137,2023-07-24,3.52,True
10682,109,26,,2025-03-20,2.47,True
10683,109,22,137,2025-09-25,7.18,True
10684,109,13,,2026-01-05,3.46,True
10685,109,23,143,2026-02-06,0.7,False
10686,109,12,72,2025-06-12,0.89,False
10687,109,8,47,2025-02-28,1.33,False
10688,109,27,163,2025-12-25,4.44,True
10689,109,3,17,2026-02-06,2.45,True
10690,109,21,132,2024-04-18,3.65,False
10691,109,17,97,2025-05-26,3.71,True
10692,109,11,65,2024-04-25,7.09,True
10693,109,19,115,2025-09-30,3.31,True
10694,109,21,131,2025-10-15,4.99,True
10695,109,17,100,2024-01-04,6.55,True
10696,109,23,142,2024-01-08,2.16,True
10697,109,28,166,2023-08-14,1.48,True
10698,109,18,106,2025-11-06,3.0,True
10699,109,2,11,2023-11-09,5.08,True
10700,109,15,88,2025-04-09,4.43,False
10701,109,6,,2025-08-11,3.17,False
10702,109,6,40,2024-10-18,4.06,True
10703,109,3,,2025-09-02,7.98,True
10704,109,8,49,2025-07-29,3.29,False
10705,109,18,103,2026-06-04,3.21,False
10706,109,6,37,2026-06-16,1.44,True
10707,109,26,156,2025-08-11,3.04,True
10708,109,6,41,2025-12-10,4.03,True
10709,109,27,160,2026-01-30,4.26,False
10710,109,17,99,2024-06-10,4.45,True
10711,109,22,136,2026-06-10,3.47,True
10712,109,5,30,2025-07-02,2.66,True
10713,109,12,71,2025-12-10,1.78,True
10714,109,14,85,2026-05-01,2.22,True
10715,109,2,13,2024-10-11,1.69,True
10716,109,22,136,2026-05-13,5.91,True
10717,109,26,157,2024-10-16,5.51,True
10718,109,14,85,2024-01-29,4.2,True
10719,109,3,19,2026-02-09,6.09,True
10720,109,13,80,2024-01-24,6.75,False
10721,109,21,128,2025-03-06,6.92,True
10722,109,13,76,2024-10-14,2.55,True
10723,109,22,136,2023-09-26,7.91,True
10724,109,28,,2025-07-03,5.24,True
10725,109,25,152,2023-07-17,7.74,False
10726,109,21,130,2024-10-31,6.17,True
10727,109,9,50,2025-04-21,5.9,True
10728,109,17,101,2024-07-30,2.69,True
10729,109,21,132,2024-11-20,4.57,True
10730,109,7,43,2023-08-03,3.82,True
10731,109,25,153,2023-11-13,1.34,True
10732,109,13,79,2023-09-27,6.34,True
10733,109,30,175,2026-02-25,5.14,False
10734,109,1,3,2026-04-14,6.48,False
10735,109,1,6,2023-11-03,4.5,False
10736,109,2,,2024-05-07,3.64,True
10737,109,13,74,2024-03-06,5.11,True
10738,109,13,80,2023-07-10,6.12,True
10739,109,8,47,2025-09-29,2.82,True
10740,109,19,113,2025-06-19,6.86,True
10741,109,1,2,2025-04-30,6.37,True
10742,109,27,162,2024-11-20,3.08,True
10743,109,26,157,2026-02-17,0.8,False
10744,109,15,90,2025-03-18,2.83,True
10745,109,10,60,2026-05-19,2.79,True
10746,109,27,162,2026-03-09,5.34,True
10747,109,13,75,2025-09-26,4.51,False
10748,109,1,1,2024-01-09,4.14,True
10749,109,8,49,2024-01-02,1.27,True
10750,109,21,127,2024-10-11,1.4,False
10751,109,17,99,2025-05-05,3.86,True
10752,109,22,136,2025-02-28,7.59,True
10753,109,8,46,2025-07-09,2.28,True
10754,109,10,61,2025-09-02,3.18,False
10755,109,19,115,2025-01-13,0.53,False
10756,109,24,146,2024-05-14,5.41,True
10757,109,27,162,2025-03-19,6.93,True
10758,109,21,132,2024-07-22,7.93,True
10759,109,20,122,2026-03-06,1.53,False
10760,109,4,24,2024-07-31,4.71,True
10761,109,11,63,2023-09-08,1.84,True
10762,109,19,115,2024-12-10,4.95,True
10763,109,1,7,2025-04-14,2.68,True
10764,110,18,105,2024-11-05,5.36,True
10765,110,19,111,2026-04-24,7.84,True
10766,110,17,100,2026-06-18,1.62,True
10767,110,12,72,2026-01-12,3.32,False
10768,110,27,165,2024-10-16,1.32,True
10769,110,24,146,2025-07-03,4.28,True
10770,110,13,79,2024-05-03,4.44,True
10771,110,17,102,2023-11-29,1.29,True
10772,110,27,162,2026-06-16,5.89,True
10773,110,18,103,2025-07-21,0.86,True
10774,110,11,,2025-05-13,1.84,True
10775,110,3,19,2023-12-21,6.57,True
10776,110,1,2,2025-05-29,5.45,False
10777,110,16,91,2026-02-04,5.26,True
10778,110,8,49,2025-03-18,6.48,True
10779,110,29,174,2025-03-12,5.9,True
10780,110,21,128,2026-04-28,1.03,False
10781,110,21,128,2026-02-16,0.73,True
10782,110,4,28,2024-03-13,1.35,True
10783,110,22,137,2023-07-05,3.75,True
10784,110,28,170,2025-01-10,6.36,True
10785,110,19,114,2023-12-26,3.89,True
10786,110,5,35,2024-06-24,2.59,True
10787,110,1,2,2026-01-20,2.63,True
10788,110,17,100,2024-09-06,6.92,False
10789,110,17,102,2024-12-25,7.67,True
10790,110,25,151,2025-05-08,0.63,True
10791,110,2,11,2025-02-03,3.11,True
10792,110,1,6,2025-08-25,7.33,True
10793,110,11,64,2025-11-19,1.01,True
10794,110,30,178,2023-09-04,0.91,True
10795,110,7,44,2023-12-28,2.12,True
10796,110,26,157,2024-09-16,4.9,True
10797,110,15,89,2025-02-13,2.96,False
10798,110,6,40,2023-07-06,7.74,False
10799,110,4,26,2024-05-15,5.9,False
10800,110,3,20,2026-04-20,2.87,True
10801,110,24,149,2023-07-06,3.1,True
10802,110,3,17,2025-08-11,7.35,True
10803,110,15,89,2025-09-17,3.51,True
10804,110,12,72,2023-11-07,4.77,True
10805,110,5,31,2025-04-14,5.49,False
10806,110,12,72,2024-12-25,3.88,False
10807,110,12,70,2025-02-26,3.67,False
10808,110,12,70,2025-05-29,2.75,True
10809,110,5,29,2024-10-10,5.79,True
10810,110,23,143,2026-01-06,5.52,True
10811,110,7,42,2023-09-12,1.25,True
10812,110,15,87,2023-12-22,0.89,False
10813,110,15,88,2023-09-18,1.73,True
10814,110,14,86,2025-06-04,2.33,False
10815,110,22,136,2026-02-06,5.14,True
10816,110,13,75,2024-10-25,4.67,False
10817,110,12,71,2024-01-25,0.72,True
10818,110,18,104,2024-06-18,5.98,False
10819,110,5,33,2025-11-28,0.61,True
10820,110,4,,2025-12-08,7.42,False
10821,110,28,167,2026-05-26,1.26,True
10822,110,1,3,2026-04-01,3.54,True
10823,110,30,178,2024-01-26,3.92,True
10824,110,1,6,2024-01-18,7.47,False
10825,110,7,43,2025-04-24,0.55,True
10826,110,3,19,2024-01-31,7.93,True
10827,110,6,40,2025-08-21,7.83,True
10828,110,26,,2025-09-04,7.79,True
10829,110,9,53,2024-04-11,4.51,True
10830,110,1,5,2024-08-02,4.21,True
10831,110,22,134,2025-03-18,4.65,True
10832,110,22,,2024-06-11,4.23,False
10833,110,8,47,2025-10-08,3.14,True
10834,110,13,,2023-09-27,3.2,True
10835,110,16,96,2026-04-17,6.62,True
10836,110,16,96,2023-10-23,1.39,True
10837,110,27,163,2025-02-27,4.5,True
10838,110,20,123,2026-06-04,1.91,True
10839,110,18,110,2024-02-15,7.92,True
10840,110,13,78,2023-12-13,2.62,True
10841,110,1,2,2024-07-01,5.83,True
10842,110,9,54,2024-02-16,6.22,False
10843,110,7,42,2023-08-17,2.44,True
10844,110,1,6,2026-04-08,7.9,False
10845,110,9,,2024-03-18,4.7,False
10846,110,22,137,2024-09-20,2.23,True
10847,110,18,105,2025-04-10,4.2,False
10848,110,12,70,2025-07-07,3.89,True
10849,110,4,26,2024-11-04,6.45,True
10850,110,15,90,2023-09-26,2.15,True
10851,110,20,123,2024-06-04,1.7,True
10852,110,21,129,2025-10-21,4.87,True
10853,110,2,8,2025-07-23,3.34,True
10854,110,11,68,2026-03-20,6.84,True
10855,110,22,137,2025-04-10,7.29,True
10856,110,25,,2024-11-11,5.53,True
10857,110,24,150,2023-12-25,2.95,True
10858,110,27,161,2023-07-14,4.51,True
10859,110,14,86,2025-08-12,5.77,True
10860,110,3,16,2026-04-30,6.68,True
10861,110,10,55,2025-10-10,1.22,True
10862,111,16,94,2025-06-13,1.7,True
10863,111,8,45,2024-06-04,5.53,True
10864,111,14,81,2024-08-22,1.54,True
10865,111,24,145,2025-10-10,3.76,True
10866,111,1,2,2026-01-21,7.53,True
10867,111,6,38,2023-11-24,5.43,True
10868,111,16,96,2024-09-24,0.67,True
10869,111,9,50,2025-12-31,2.6,True
10870,111,17,97,2024-09-09,5.31,True
10871,111,14,81,2026-02-25,5.59,True
10872,111,26,156,2024-02-09,2.53,True
10873,111,24,145,2026-02-12,1.8,False
10874,111,20,,2024-02-01,3.21,False
10875,111,15,90,2024-03-28,1.45,False
10876,111,18,110,2024-11-12,3.58,True
10877,111,21,130,2023-11-08,6.27,True
10878,111,3,19,2025-07-24,7.15,True
10879,111,15,90,2024-05-22,2.32,True
10880,111,22,137,2025-01-29,3.79,True
10881,111,26,157,2024-11-04,3.19,True
10882,111,17,97,2024-01-26,2.91,True
10883,111,2,13,2026-04-22,3.07,True
10884,111,29,172,2024-03-08,5.06,False
10885,111,8,47,2024-09-20,7.02,True
10886,111,25,152,2024-11-13,3.6,False
10887,111,23,143,2026-02-11,5.34,True
10888,111,4,28,2026-06-30,5.96,False
10889,111,26,159,2025-08-26,5.41,False
10890,111,11,67,2025-08-21,4.16,True
10891,111,5,,2025-12-23,7.08,False
10892,111,15,90,2025-03-17,4.68,True
10893,111,27,162,2026-06-25,4.81,True
10894,111,13,,2026-01-30,2.86,False
10895,111,1,5,2026-03-04,5.67,False
10896,111,2,13,2024-02-06,7.44,True
10897,111,6,38,2024-10-25,2.47,True
10898,111,28,166,2023-07-03,1.79,True
10899,111,8,45,2025-10-20,0.69,False
10900,111,30,179,2024-07-22,3.94,True
10901,111,20,125,2026-03-24,7.45,False
10902,111,30,175,2023-07-25,1.65,True
10903,111,5,29,2025-09-05,6.8,True
10904,111,4,25,2026-06-16,3.54,True
10905,111,9,54,2026-05-14,4.28,True
10906,111,15,87,2024-06-12,4.94,False
10907,111,6,41,2023-08-14,6.71,False
10908,111,29,174,2024-07-16,0.62,True
10909,111,6,40,2024-03-28,3.93,True
10910,111,22,135,2025-05-09,2.1,True
10911,111,23,140,2025-04-08,2.19,True
10912,111,25,155,2025-06-04,3.62,True
10913,111,20,120,2024-02-26,1.59,True
10914,111,8,49,2024-06-27,7.79,True
10915,111,14,81,2025-10-31,1.88,True
10916,111,8,,2023-11-16,4.98,True
10917,111,22,136,2025-03-04,3.0,False
10918,111,9,51,2025-01-24,1.59,False
10919,111,12,72,2026-04-03,2.01,True
10920,111,25,151,2024-11-21,1.4,True
10921,111,25,154,2024-10-10,5.45,True
10922,111,25,155,2025-11-04,4.89,True
10923,111,16,91,2025-04-03,4.17,True
10924,111,17,97,2023-10-20,0.56,True
10925,111,4,,2023-10-09,0.88,False
10926,111,27,161,2024-02-16,6.3,False
10927,111,16,93,2024-02-20,7.18,True
10928,111,17,98,2025-11-18,3.25,False
10929,111,6,38,2025-06-27,7.42,False
10930,111,2,9,2025-04-10,5.47,True
10931,111,30,177,2024-12-03,6.43,True
10932,111,30,178,2023-10-27,2.84,True
10933,111,9,51,2024-07-11,7.22,False
10934,111,1,,2025-02-17,2.18,False
10935,111,2,14,2023-11-02,5.03,True
10936,111,9,50,2024-05-24,2.55,False
10937,111,29,172,2025-06-13,0.73,True
10938,111,10,,2024-03-04,7.68,False
10939,111,6,41,2024-02-16,3.22,True
10940,111,15,88,2023-07-20,2.94,True
10941,111,30,179,2024-02-02,5.89,True
10942,111,11,64,2026-03-16,3.4,True
10943,111,27,,2024-01-26,3.68,True
10944,111,5,33,2024-02-28,4.81,True
10945,111,5,33,2024-12-27,5.94,True
10946,111,11,66,2025-08-29,2.27,True
10947,111,18,103,2023-07-21,6.96,False
10948,111,13,75,2025-11-26,4.65,True
10949,111,27,,2025-03-04,2.73,True
10950,111,2,15,2026-05-07,6.79,False
10951,111,19,113,2026-06-01,3.6,False
10952,111,7,44,2026-06-01,6.52,False
10953,111,25,155,2026-05-14,0.94,True
10954,111,13,78,2024-06-06,3.16,True
10955,111,26,158,2024-09-13,0.99,True
10956,111,3,17,2023-11-14,2.77,True
10957,111,30,178,2024-03-20,1.09,True
10958,112,15,88,2024-01-31,2.74,True
10959,112,14,83,2024-07-16,2.93,True
10960,112,14,81,2024-02-26,4.78,False
10961,112,4,22,2023-08-07,4.13,True
10962,112,30,177,2024-02-13,1.19,False
10963,112,25,151,2024-08-02,0.61,True
10964,112,12,70,2023-11-02,7.83,True
10965,112,15,87,2024-11-19,5.2,True
10966,112,25,155,2025-03-24,5.29,False
10967,112,23,138,2023-11-03,1.98,False
10968,112,20,119,2025-06-19,4.88,True
10969,112,22,134,2025-09-15,4.79,False
10970,112,11,63,2025-05-07,1.83,False
10971,112,26,158,2024-08-07,7.18,True
10972,112,29,173,2024-09-26,6.23,True
10973,112,8,,2023-08-23,6.79,True
10974,112,10,61,2024-06-14,7.0,True
10975,112,25,153,2023-07-07,6.99,True
10976,112,17,102,2026-05-15,5.64,True
10977,112,26,156,2023-12-27,2.67,True
10978,112,23,141,2025-10-13,4.56,False
10979,112,9,51,2024-02-16,7.04,False
10980,112,18,107,2024-03-15,7.29,True
10981,112,25,152,2023-08-14,1.7,False
10982,112,23,139,2024-01-25,1.33,True
10983,112,6,39,2024-05-06,5.77,True
10984,112,1,3,2025-10-28,4.17,False
10985,112,6,41,2024-03-08,3.89,True
10986,112,24,148,2025-04-23,6.71,False
10987,112,29,174,2025-10-31,4.8,True
10988,112,2,14,2025-10-16,3.29,False
10989,112,22,134,2023-08-25,5.93,True
10990,112,8,48,2025-04-16,5.31,True
10991,112,29,173,2023-12-12,2.26,True
10992,112,8,47,2026-02-27,1.18,True
10993,112,5,29,2025-06-10,1.11,False
10994,112,20,121,2024-01-17,2.68,False
10995,112,11,68,2024-01-01,7.73,True
10996,112,6,38,2025-10-02,6.08,True
10997,112,12,,2024-07-29,4.01,True
10998,112,13,73,2025-06-27,3.21,True
10999,112,28,171,2026-05-25,2.05,True
11000,112,7,,2026-01-08,2.62,True
11001,112,17,102,2024-06-21,0.85,False
11002,112,16,96,2025-10-08,4.27,False
11003,112,15,87,2023-11-16,5.31,True
11004,112,29,173,2023-12-28,7.58,True
11005,112,10,57,2024-06-20,7.23,False
11006,112,2,13,2026-03-23,7.17,True
11007,112,5,34,2024-08-28,2.14,True
11008,112,10,60,2023-08-09,1.06,False
11009,112,27,163,2024-12-11,5.87,False
11010,112,25,153,2024-06-26,3.02,True
11011,112,27,161,2026-01-15,1.24,False
11012,112,18,,2025-04-15,3.94,True
11013,112,6,40,2024-05-16,3.17,True
11014,112,28,169,2023-08-08,4.11,True
11015,112,16,95,2025-07-14,5.18,True
11016,112,2,11,2023-12-25,5.32,True
11017,112,10,58,2024-11-18,7.55,False
11018,112,27,164,2023-10-11,4.1,True
11019,112,15,88,2026-03-25,2.13,False
11020,112,29,172,2024-09-03,7.91,True
11021,112,22,134,2024-12-04,5.68,True
11022,112,28,171,2025-09-04,2.24,True
11023,112,18,103,2024-02-26,4.26,True
11024,112,16,92,2024-01-10,4.39,False
11025,112,21,130,2023-11-09,5.1,True
11026,112,9,54,2025-09-11,0.74,True
11027,112,3,19,2025-04-01,2.68,False
11028,112,30,179,2025-11-21,4.61,True
11029,112,16,96,2023-10-18,6.36,True
11030,112,26,157,2026-06-26,3.22,True
11031,112,18,104,2024-01-02,2.37,True
11032,112,19,115,2026-02-26,4.84,True
11033,112,19,113,2025-09-09,4.97,True
11034,112,8,47,2024-03-20,4.92,True
11035,112,28,171,2023-10-27,5.24,True
11036,112,10,55,2025-02-04,5.9,True
11037,112,27,,2025-11-04,6.11,True
11038,112,7,44,2024-12-16,0.84,True
11039,112,16,95,2024-09-19,2.09,True
11040,112,4,,2024-10-04,5.53,True
11041,112,17,100,2024-03-22,4.74,False
11042,112,12,72,2024-06-19,1.29,True
11043,112,7,42,2024-09-10,7.35,True
11044,112,3,19,2024-04-15,5.83,True
11045,112,16,92,2025-01-16,1.47,True
11046,112,9,,2025-09-15,4.57,True
11047,112,24,144,2026-02-20,1.66,True
11048,112,20,124,2025-02-21,4.79,True
11049,112,23,142,2024-06-21,3.39,True
11050,112,30,179,2024-10-10,6.17,True
11051,112,21,130,2023-10-24,4.3,True
11052,112,8,46,2025-06-09,6.1,True
11053,112,4,21,2026-03-10,4.99,True
11054,112,30,176,2023-09-29,4.89,True
11055,112,16,93,2024-01-31,3.1,True
11056,112,26,157,2024-09-19,2.77,True
11057,112,23,138,2023-12-27,1.83,True
11058,112,6,39,2024-08-15,6.71,True
11059,112,5,36,2024-12-11,4.26,True
11060,112,12,70,2023-10-25,3.1,True
11061,112,6,37,2024-04-09,6.12,True
11062,112,1,1,2023-10-19,4.78,True
11063,112,1,2,2026-06-01,4.46,True
11064,112,17,,2026-01-27,7.46,False
11065,112,7,44,2026-03-16,4.31,True
11066,112,24,144,2025-12-22,1.63,False
11067,112,29,172,2025-12-03,4.97,True
11068,113,1,7,2026-02-19,6.92,False
11069,113,9,51,2025-02-17,3.16,False
11070,113,17,101,2024-11-08,1.84,True
11071,113,20,125,2024-02-21,0.8,True
11072,113,9,54,2023-12-07,1.37,False
11073,113,1,1,2025-10-16,3.77,True
11074,113,1,5,2024-02-07,5.87,True
11075,113,4,28,2024-01-18,2.5,True
11076,113,10,55,2024-01-01,3.04,True
11077,113,27,160,2026-01-26,0.79,True
11078,113,1,2,2026-04-02,3.85,True
11079,113,2,15,2025-11-11,1.82,True
11080,113,22,135,2026-03-09,5.59,True
11081,113,16,96,2025-09-30,5.14,True
11082,113,6,37,2025-10-02,5.03,True
11083,113,25,,2024-02-28,3.87,True
11084,113,8,45,2023-08-25,7.67,True
11085,113,13,,2024-07-03,6.7,False
11086,113,11,,2025-01-24,5.59,False
11087,113,3,,2025-11-06,4.37,False
11088,113,20,120,2023-11-30,7.56,True
11089,113,15,88,2024-11-22,5.72,True
11090,113,22,134,2025-02-12,7.44,False
11091,113,19,112,2024-11-22,0.73,True
11092,113,27,160,2023-12-07,3.32,False
11093,113,1,4,2024-06-07,7.63,False
11094,113,11,69,2024-06-18,3.75,False
11095,113,11,66,2024-11-08,7.28,True
11096,113,6,38,2025-06-17,4.71,False
11097,113,17,98,2026-06-09,7.39,True
11098,113,26,159,2025-08-18,7.66,True
11099,113,28,167,2024-10-28,4.82,True
11100,113,4,26,2023-07-05,1.57,True
11101,113,22,136,2025-04-11,6.37,True
11102,113,17,100,2024-08-27,3.12,False
11103,113,16,95,2026-04-27,6.66,True
11104,113,10,,2026-02-13,7.49,True
11105,113,6,40,2025-01-31,2.24,True
11106,113,2,12,2023-11-30,6.2,True
11107,113,28,167,2023-10-20,6.97,True
11108,113,12,71,2026-04-01,6.25,True
11109,113,19,114,2025-10-15,4.78,True
11110,113,23,140,2023-10-03,4.72,True
11111,113,22,137,2024-01-04,2.11,True
11112,113,26,,2026-02-18,0.67,True
11113,113,5,29,2024-12-26,3.53,True
11114,113,20,123,2024-05-31,3.53,True
11115,113,24,149,2024-02-09,5.77,True
11116,113,25,153,2023-07-27,3.1,True
11117,113,27,163,2026-04-20,1.26,True
11118,113,28,171,2025-07-29,3.91,True
11119,113,8,49,2026-02-11,1.44,False
11120,113,12,,2025-07-17,7.91,True
11121,113,4,,2026-03-23,5.32,True
11122,113,10,,2024-06-12,1.79,False
11123,113,22,137,2025-09-24,1.76,True
11124,113,12,71,2024-10-01,3.15,False
11125,113,23,140,2026-01-16,1.9,True
11126,113,17,99,2023-07-17,0.86,True
11127,113,6,40,2026-01-21,6.31,False
11128,113,18,104,2026-05-04,1.53,True
11129,113,14,85,2025-03-18,7.97,True
11130,113,10,56,2024-10-21,5.89,False
11131,113,1,6,2024-08-05,0.88,True
11132,113,3,19,2024-11-07,2.35,True
11133,113,14,85,2025-10-13,3.7,True
11134,113,16,93,2026-05-14,1.44,True
11135,113,8,45,2024-07-09,1.76,False
11136,113,20,,2024-07-29,5.74,False
11137,113,29,173,2025-11-06,4.78,True
11138,113,8,47,2024-12-03,2.43,False
11139,113,22,136,2025-03-11,1.53,True
11140,113,3,,2025-12-24,0.61,True
11141,113,2,11,2023-09-15,2.22,True
11142,113,30,178,2024-10-11,4.48,True
11143,113,3,18,2026-03-20,4.79,True
11144,113,11,67,2025-01-02,1.32,True
11145,113,17,98,2025-12-25,7.43,True
11146,113,1,6,2024-05-20,1.27,True
11147,113,21,,2023-07-31,7.65,False
11148,113,23,143,2026-03-17,5.85,False
11149,113,25,151,2025-12-29,5.11,False
11150,113,23,139,2024-10-22,7.49,False
11151,113,29,173,2025-07-02,6.33,True
11152,113,24,150,2024-09-13,5.77,True
11153,113,27,163,2023-08-17,5.08,True
11154,113,10,58,2023-11-21,4.54,True
11155,113,4,,2023-08-25,3.77,False
11156,113,19,,2025-05-12,2.1,False
11157,113,13,79,2026-03-12,7.85,True
11158,113,23,138,2024-03-21,4.06,True
11159,113,16,92,2025-09-22,4.54,True
11160,113,29,174,2023-11-23,0.95,True
11161,113,5,33,2023-11-06,3.57,True
11162,113,18,106,2023-11-28,7.99,False
11163,113,12,72,2025-04-10,3.61,True
11164,113,16,95,2023-07-06,2.91,True
11165,113,30,175,2025-11-14,5.49,False
11166,113,20,119,2025-07-02,2.06,True
11167,113,21,131,2024-04-22,6.26,True
11168,113,27,164,2025-10-20,5.46,True
11169,113,14,84,2025-10-20,4.37,True
11170,113,19,111,2026-02-12,4.68,True
11171,113,30,175,2024-12-17,1.36,True
11172,113,22,,2026-03-12,0.82,True
11173,113,10,,2024-10-31,1.03,True
11174,113,12,72,2026-03-12,0.91,True
11175,113,17,97,2026-04-28,1.86,True
11176,113,12,72,2025-02-13,7.4,False
11177,113,1,2,2023-09-29,1.63,False
11178,113,5,32,2025-06-11,2.53,True
11179,113,6,41,2023-11-28,1.48,True
11180,113,13,78,2026-03-10,2.24,True
11181,113,15,90,2025-10-17,2.5,True
11182,113,9,53,2024-09-24,2.47,True
11183,114,1,5,2024-10-18,1.61,True
11184,114,16,94,2023-10-16,3.76,False
11185,114,24,144,2025-12-16,6.78,True
11186,114,21,127,2023-09-22,5.11,True
11187,114,6,41,2025-08-07,6.68,True
11188,114,9,50,2025-11-21,6.84,True
11189,114,3,16,2024-09-16,4.36,False
11190,114,6,38,2024-08-07,3.34,True
11191,114,28,,2024-05-03,7.87,True
11192,114,10,56,2025-04-09,1.59,False
11193,114,15,87,2024-07-29,6.51,True
11194,114,3,19,2025-02-03,7.07,True
11195,114,27,163,2023-12-06,4.46,False
11196,114,20,124,2026-02-11,4.5,False
11197,114,16,94,2024-01-19,7.45,True
11198,114,4,28,2023-10-16,0.7,True
11199,114,7,43,2024-02-01,2.3,True
11200,114,13,75,2024-01-23,5.89,True
11201,114,29,174,2025-04-10,2.06,True
11202,114,9,52,2024-11-13,0.78,True
11203,114,26,157,2025-09-18,7.13,True
11204,114,8,46,2025-04-28,7.24,False
11205,114,12,70,2024-12-20,5.35,True
11206,114,2,10,2025-04-24,5.07,True
11207,114,12,71,2025-12-10,4.98,True
11208,114,8,47,2023-11-16,5.32,True
11209,114,16,93,2026-02-23,6.67,True
11210,114,6,37,2026-03-23,4.54,True
11211,114,8,45,2025-11-14,3.23,False
11212,114,20,125,2026-01-08,6.28,True
11213,114,12,72,2024-04-10,0.53,False
11214,114,2,,2024-06-17,4.5,True
11215,114,25,153,2023-11-17,3.9,True
11216,114,9,54,2024-11-18,2.16,True
11217,114,3,20,2025-12-03,4.63,True
11218,114,21,130,2024-08-30,7.33,False
11219,114,1,,2025-05-20,7.61,False
11220,114,3,17,2026-04-17,7.5,True
11221,114,25,152,2025-10-23,1.78,True
11222,114,1,5,2025-09-09,2.9,True
11223,114,5,33,2026-05-28,5.69,True
11224,114,9,53,2024-05-16,7.84,True
11225,114,28,168,2025-05-21,7.98,True
11226,114,7,42,2024-05-28,6.69,True
11227,114,21,128,2024-09-27,6.97,True
11228,114,30,175,2025-11-27,3.01,False
11229,114,27,162,2025-11-21,5.3,False
11230,114,8,48,2025-08-08,1.05,True
11231,114,5,36,2026-03-19,5.96,True
11232,114,21,133,2024-10-24,1.64,True
11233,114,1,6,2024-01-02,1.21,True
11234,114,1,3,2026-05-12,6.71,True
11235,114,25,155,2024-06-10,2.97,True
11236,114,25,,2024-04-29,2.6,True
11237,114,27,165,2025-07-28,5.37,False
11238,114,13,77,2025-12-08,4.76,False
11239,114,8,47,2024-07-23,1.84,True
11240,114,6,40,2024-06-14,6.71,False
11241,114,1,4,2024-09-03,1.9,False
11242,114,10,57,2023-07-20,5.32,True
11243,114,13,75,2024-06-11,4.25,True
11244,114,26,157,2026-04-20,1.03,True
11245,114,6,38,2024-08-08,2.47,True
11246,114,22,,2026-06-25,6.45,True
11247,114,11,66,2025-02-10,4.69,True
11248,114,16,94,2025-07-16,3.26,True
11249,114,4,21,2023-07-07,4.3,False
11250,114,26,156,2023-10-17,3.66,True
11251,114,25,151,2025-09-15,4.73,False
11252,114,17,99,2025-01-17,6.77,False
11253,114,22,136,2025-09-25,7.12,True
11254,114,22,137,2025-10-27,0.58,True
11255,114,16,92,2025-01-23,6.49,True
11256,114,29,172,2025-10-13,1.34,False
11257,114,15,89,2026-06-03,6.77,False
11258,114,26,158,2025-03-03,1.06,True
11259,114,23,141,2025-04-17,5.57,True
11260,114,11,62,2025-07-23,4.03,False
11261,114,9,50,2025-05-07,4.34,True
11262,114,20,124,2023-07-25,1.8,True
11263,114,23,138,2026-06-04,5.06,True
11264,114,2,15,2025-11-11,5.04,True
11265,114,12,72,2023-08-31,0.95,True
11266,114,22,134,2026-06-10,5.48,False
11267,114,5,36,2026-05-19,1.58,True
11268,114,1,5,2024-10-29,2.83,False
11269,114,16,95,2026-01-06,7.83,True
11270,114,11,63,2025-07-29,3.03,True
11271,114,6,39,2024-10-22,6.05,True
11272,114,20,124,2024-04-03,0.76,True
11273,114,4,25,2024-04-11,6.74,False
11274,114,24,146,2026-03-09,5.68,True
11275,114,21,131,2026-05-07,6.56,True
11276,114,22,136,2026-02-17,3.23,False
11277,114,19,114,2024-05-30,6.63,True
11278,114,3,16,2024-12-02,0.81,True
11279,114,27,165,2025-07-03,7.4,True
11280,114,12,71,2024-08-08,0.88,True
11281,114,9,53,2023-08-18,1.56,True
11282,114,5,30,2026-03-17,5.88,False
11283,114,24,145,2025-10-20,4.7,False
11284,114,10,55,2025-12-23,0.67,True
11285,114,23,139,2024-10-09,2.93,True
11286,114,1,6,2023-08-21,3.29,True
11287,114,4,27,2024-03-21,0.74,False
11288,114,29,,2023-12-28,1.58,True
11289,114,30,178,2023-09-29,2.69,True
11290,114,1,2,2025-04-02,0.83,True
11291,114,22,,2024-02-01,5.12,True
11292,114,11,63,2026-03-30,1.55,False
11293,114,4,23,2025-12-18,4.85,False
11294,114,30,,2023-10-02,1.87,True
11295,115,26,156,2026-05-21,5.52,True
11296,115,30,175,2024-09-05,3.23,False
11297,115,19,118,2024-05-13,3.4,False
11298,115,24,144,2023-12-18,3.54,False
11299,115,24,,2024-12-10,3.42,True
11300,115,21,132,2025-11-28,2.17,True
11301,115,3,17,2025-12-18,4.28,True
11302,115,25,155,2024-05-02,2.7,True
11303,115,13,75,2025-11-19,2.17,True
11304,115,11,66,2025-05-06,1.8,True
11305,115,12,70,2025-10-23,7.9,True
11306,115,4,25,2026-02-12,1.84,True
11307,115,17,,2024-07-24,1.68,True
11308,115,11,66,2023-07-18,1.77,False
11309,115,17,98,2023-08-30,5.89,True
11310,115,27,,2024-12-16,5.37,True
11311,115,22,137,2026-02-11,3.62,True
11312,115,21,131,2024-03-28,7.14,True
11313,115,1,6,2024-01-12,7.47,True
11314,115,24,148,2025-05-23,3.26,True
11315,115,13,75,2023-12-06,6.05,True
11316,115,16,95,2023-08-04,0.58,True
11317,115,20,,2024-11-15,0.91,True
11318,115,23,141,2023-08-14,1.74,True
11319,115,19,111,2026-02-12,4.35,True
11320,115,1,4,2026-01-26,5.52,True
11321,115,19,116,2024-09-17,0.92,True
11322,115,1,3,2024-08-07,4.31,True
11323,115,20,,2025-08-04,7.22,False
11324,115,25,151,2024-02-26,4.35,False
11325,115,16,93,2024-06-21,7.96,True
11326,115,8,48,2025-06-05,3.74,True
11327,115,14,81,2024-02-19,3.22,False
11328,115,21,131,2025-07-08,7.25,False
11329,115,9,53,2024-07-11,3.3,True
11330,115,14,86,2024-06-18,5.74,True
11331,115,12,72,2026-02-02,7.76,True
11332,115,24,145,2026-02-27,4.1,True
11333,115,1,3,2024-05-15,2.89,True
11334,115,3,16,2024-03-21,4.2,False
11335,115,6,,2026-01-23,5.5,True
11336,115,18,105,2025-09-02,3.05,True
11337,115,12,72,2024-10-15,3.76,True
11338,115,8,48,2024-02-16,4.62,True
11339,115,5,34,2024-08-08,0.54,True
11340,115,11,64,2024-05-15,2.1,False
11341,115,19,114,2024-02-02,3.04,True
11342,115,22,134,2025-07-01,5.73,True
11343,115,11,,2026-03-18,7.72,True
11344,115,26,156,2023-10-10,6.0,True
11345,115,18,110,2023-07-17,7.16,True
11346,115,11,,2023-10-09,2.16,True
11347,115,21,127,2024-09-26,1.46,True
11348,115,13,,2025-09-17,0.72,True
11349,115,9,53,2023-11-24,7.93,True
11350,115,27,,2024-03-27,6.43,True
11351,115,30,176,2025-02-07,6.78,False
11352,115,14,85,2023-07-05,5.29,True
11353,115,6,41,2024-11-05,3.82,True
11354,115,9,50,2023-07-12,4.2,True
11355,115,3,18,2024-06-14,2.12,True
11356,115,23,138,2024-06-27,4.14,True
11357,115,22,134,2025-03-24,6.9,True
11358,115,11,63,2025-02-28,7.43,True
11359,115,1,,2023-11-15,5.2,True
11360,115,22,,2026-02-26,2.85,False
11361,115,7,44,2025-02-21,5.62,True
11362,115,5,31,2025-08-25,6.45,True
11363,115,10,57,2026-05-22,3.01,True
11364,115,4,25,2025-10-08,2.92,False
11365,115,27,164,2024-11-07,5.37,True
11366,115,14,82,2026-02-16,7.5,True
11367,115,3,16,2026-01-05,1.4,True
11368,115,27,161,2024-04-22,6.31,True
11369,115,16,93,2025-08-14,7.45,False
11370,115,25,153,2025-06-27,3.86,True
11371,115,4,21,2024-04-25,6.25,False
11372,115,13,74,2026-05-13,1.45,False
11373,115,9,,2024-04-15,5.9,True
11374,115,20,119,2023-09-18,7.47,False
11375,115,10,59,2026-02-13,5.04,True
11376,115,13,79,2024-11-22,5.92,True
11377,115,4,26,2025-10-29,6.69,True
11378,115,29,174,2025-03-28,0.6,True
11379,115,13,79,2024-09-24,7.47,True
11380,115,27,163,2025-03-24,3.47,True
11381,115,21,128,2023-10-24,4.04,True
11382,115,28,171,2024-05-02,7.83,True
11383,115,16,,2025-08-26,2.56,True
11384,115,3,17,2023-11-01,1.94,True
11385,115,22,136,2026-05-01,1.28,True
11386,115,26,157,2024-03-05,6.02,True
11387,115,5,35,2026-01-16,2.17,True
11388,115,16,92,2024-01-31,4.09,True
11389,115,1,5,2024-02-07,2.98,True
11390,115,15,87,2024-12-16,6.17,True
11391,115,6,38,2024-06-11,0.95,True
11392,115,29,174,2025-11-05,7.42,True
11393,115,19,118,2024-09-20,1.73,True
11394,115,28,168,2026-04-08,3.18,True
11395,115,17,98,2025-03-10,2.45,True
11396,115,20,119,2025-01-29,3.24,True
11397,115,19,,2024-02-08,4.17,True
11398,115,10,59,2024-12-18,4.75,True
11399,116,2,14,2025-04-23,7.43,True
11400,116,1,4,2025-05-30,7.0,True
11401,116,10,55,2026-01-09,4.27,True
11402,116,11,66,2026-02-11,3.24,True
11403,116,3,19,2025-05-13,2.66,True
11404,116,14,85,2026-05-21,7.31,True
11405,116,16,92,2024-12-19,6.01,False
11406,116,16,91,2025-11-18,1.71,True
11407,116,23,,2025-02-18,5.15,True
11408,116,25,151,2026-01-26,3.74,True
11409,116,10,59,2025-04-03,5.78,True
11410,116,9,54,2025-03-13,2.86,False
11411,116,4,24,2026-06-03,2.12,True
11412,116,19,111,2025-10-10,5.1,True
11413,116,16,92,2026-02-03,1.02,False
11414,116,11,67,2026-04-08,3.7,False
11415,116,27,165,2025-06-18,3.54,True
11416,116,24,146,2025-10-22,1.48,False
11417,116,3,20,2025-04-15,3.62,True
11418,116,28,167,2025-10-28,5.7,True
11419,116,11,62,2025-11-13,5.73,False
11420,116,12,72,2025-09-18,4.72,True
11421,116,20,124,2025-04-16,6.22,True
11422,116,18,110,2025-06-04,3.32,True
11423,116,12,71,2026-03-20,1.23,True
11424,116,14,83,2026-05-20,1.03,True
11425,116,20,119,2026-05-06,3.13,True
11426,116,21,132,2026-05-06,2.82,True
11427,116,5,36,2025-08-28,5.98,True
11428,116,1,2,2025-03-17,4.88,False
11429,116,12,,2025-09-17,7.23,True
11430,116,29,172,2025-10-15,0.87,True
11431,116,18,110,2025-04-29,3.81,False
11432,116,29,173,2025-10-29,4.24,False
11433,116,18,103,2025-09-02,7.88,True
11434,116,21,126,2026-04-22,5.76,False
11435,116,24,,2025-01-31,0.73,True
11436,116,25,153,2025-07-25,3.42,True
11437,116,24,,2026-04-29,3.03,False
11438,116,25,152,2025-06-10,2.09,False
11439,116,1,7,2025-08-28,1.94,True
11440,116,3,19,2025-01-20,7.56,True
11441,116,27,165,2025-04-09,4.7,True
11442,116,9,50,2025-08-28,1.13,True
11443,116,29,172,2025-10-16,3.69,True
11444,116,25,153,2026-06-19,5.7,True
11445,116,1,6,2025-09-22,1.94,True
11446,116,14,84,2025-01-23,3.0,True
11447,116,4,27,2025-04-14,2.19,True
11448,116,20,124,2025-02-05,4.03,True
11449,116,24,145,2026-05-19,4.09,True
11450,116,19,116,2025-02-28,4.24,True
11451,116,28,170,2025-04-24,1.57,False
11452,116,24,,2025-04-22,7.16,True
11453,116,2,13,2025-10-17,7.44,True
11454,116,1,3,2026-02-10,3.83,True
11455,116,4,21,2025-06-12,1.87,True
11456,116,14,82,2024-12-19,5.18,False
11457,116,27,165,2026-01-20,1.1,True
11458,116,2,10,2025-07-25,4.72,True
11459,116,10,58,2025-04-22,7.7,True
11460,116,7,44,2025-02-24,4.66,True
11461,116,29,,2026-04-22,2.85,True
11462,116,20,120,2025-01-02,2.44,True
11463,116,13,74,2026-06-29,1.61,False
11464,116,30,,2025-05-06,2.98,False
11465,116,28,170,2025-08-15,1.83,False
11466,116,26,158,2025-12-24,7.9,True
11467,116,28,171,2026-02-20,7.13,True
11468,116,9,50,2025-03-24,3.23,True
11469,116,20,119,2026-06-16,1.24,True
11470,116,22,136,2026-01-21,2.38,True
11471,116,22,137,2026-06-19,7.02,True
11472,116,8,,2025-08-15,5.14,False
11473,116,6,38,2025-04-17,5.26,False
11474,116,7,44,2025-10-23,7.07,True
11475,116,23,142,2025-08-13,1.44,False
11476,116,11,63,2026-03-09,3.9,True
11477,116,12,,2025-10-24,1.32,False
11478,116,23,139,2025-01-08,2.13,True
11479,116,16,91,2025-10-08,4.84,False
11480,116,15,,2025-07-11,3.89,False
11481,116,17,99,2026-01-01,4.05,True
11482,116,29,173,2026-03-04,5.58,True
11483,116,10,56,2025-03-27,5.84,False
11484,116,20,120,2025-06-23,1.83,True
11485,116,2,8,2025-02-03,3.14,False
11486,116,22,,2025-02-17,0.77,True
11487,116,25,155,2025-06-23,5.15,False
11488,116,12,,2025-12-19,4.19,True
11489,116,14,82,2025-02-13,3.19,True
11490,116,12,71,2025-05-15,1.47,False
11491,116,16,,2025-03-21,7.63,True
11492,116,22,136,2025-11-24,6.69,False
11493,116,10,61,2025-01-24,5.18,True
11494,116,1,4,2026-04-02,1.78,True
11495,116,26,157,2026-06-10,1.55,False
11496,116,30,,2025-11-14,3.94,True
11497,116,20,120,2025-12-04,1.27,True
11498,116,20,121,2025-03-13,3.98,True
11499,116,18,108,2025-03-18,7.49,False
11500,116,12,71,2025-06-05,2.06,False
11501,117,24,144,2025-02-20,3.58,True
11502,117,30,175,2025-07-24,3.1,True
11503,117,6,38,2025-01-16,1.28,True
11504,117,6,38,2026-05-06,5.11,True
11505,117,24,146,2024-02-21,5.11,True
11506,117,1,4,2025-08-21,1.42,True
11507,117,19,117,2024-12-16,0.98,False
11508,117,25,153,2026-02-12,7.77,True
11509,117,20,119,2024-06-17,0.52,True
11510,117,12,72,2025-08-18,3.32,True
11511,117,6,,2026-05-27,4.07,True
11512,117,29,174,2025-12-08,3.63,True
11513,117,30,176,2024-04-04,2.11,True
11514,117,3,16,2024-09-16,7.06,False
11515,117,18,106,2025-11-07,2.34,True
11516,117,2,9,2024-05-06,5.62,False
11517,117,3,18,2025-01-06,7.84,True
11518,117,14,85,2024-05-17,2.42,True
11519,117,5,30,2026-01-02,7.82,True
11520,117,4,28,2025-08-04,7.81,True
11521,117,24,150,2025-08-15,1.14,False
11522,117,16,92,2026-05-19,2.29,True
11523,117,14,84,2024-02-16,4.35,True
11524,117,10,59,2026-06-19,3.15,False
11525,117,27,162,2025-07-24,2.86,True
11526,117,11,64,2024-07-23,2.01,False
11527,117,24,144,2025-11-06,7.28,True
11528,117,28,171,2023-08-21,3.62,False
11529,117,30,175,2024-10-31,2.42,True
11530,117,24,,2025-09-08,3.99,True
11531,117,11,67,2025-08-26,1.86,False
11532,117,30,175,2023-07-31,4.29,False
11533,117,20,119,2024-01-09,6.82,False
11534,117,25,152,2026-01-29,5.04,True
11535,117,2,10,2026-04-03,2.26,False
11536,117,20,123,2025-08-26,3.16,True
11537,117,19,113,2023-10-27,4.61,True
11538,117,30,176,2024-01-10,3.74,True
11539,117,2,11,2024-08-29,3.1,True
11540,117,27,163,2026-05-22,2.82,True
11541,117,23,139,2023-08-03,5.44,True
11542,117,21,,2025-06-09,3.64,True
11543,117,4,21,2026-02-23,3.11,True
11544,117,13,77,2024-08-22,5.47,True
11545,117,19,114,2023-09-06,5.49,True
11546,117,10,56,2024-05-01,4.62,True
11547,117,25,153,2023-10-17,3.64,True
11548,117,2,11,2026-01-30,1.54,False
11549,117,7,44,2024-02-26,6.04,True
11550,117,24,145,2025-01-06,4.92,True
11551,117,4,22,2026-01-14,7.15,True
11552,117,10,56,2024-09-16,0.74,True
11553,117,22,,2024-10-09,0.73,True
11554,117,30,179,2024-02-16,1.31,False
11555,117,26,157,2025-03-04,6.17,True
11556,117,5,33,2023-11-16,7.54,True
11557,117,27,161,2023-08-03,3.81,False
11558,117,15,89,2025-11-04,1.41,False
11559,117,26,158,2023-07-11,2.72,True
11560,117,5,33,2024-02-15,5.1,False
11561,117,25,153,2023-08-30,1.64,True
11562,117,15,89,2025-06-24,3.6,False
11563,117,12,71,2026-02-05,4.65,False
11564,117,24,145,2024-08-23,5.8,True
11565,117,6,37,2025-02-11,2.86,False
11566,117,25,155,2023-11-09,2.96,True
11567,117,22,135,2025-12-17,2.24,True
11568,117,30,177,2023-10-18,1.91,True
11569,117,4,22,2026-06-04,7.33,False
11570,117,5,31,2024-08-06,7.94,True
11571,117,26,156,2025-12-16,1.41,False
11572,117,24,145,2025-05-23,2.11,True
11573,117,1,4,2024-05-08,2.19,True
11574,117,28,168,2025-01-02,7.12,True
11575,117,2,12,2026-06-17,0.59,True
11576,117,24,146,2024-05-10,6.63,True
11577,117,9,51,2023-10-16,7.63,True
11578,117,17,98,2024-08-07,6.77,False
11579,117,5,34,2024-08-26,7.3,True
11580,117,5,30,2026-04-30,3.62,True
11581,117,25,152,2025-09-18,5.29,True
11582,117,13,,2026-05-19,0.82,True
11583,117,5,30,2024-09-30,5.42,False
11584,117,10,61,2023-11-03,2.8,True
11585,117,26,158,2024-08-07,0.57,False
11586,117,22,136,2025-07-23,2.2,True
11587,117,3,19,2024-10-25,3.92,True
11588,117,28,169,2024-08-01,3.09,True
11589,117,21,128,2024-09-24,6.12,False
11590,117,25,155,2024-01-19,0.62,True
11591,117,5,35,2024-06-28,1.46,True
11592,117,12,70,2024-01-29,6.45,False
11593,117,17,99,2025-01-06,4.06,True
11594,117,8,49,2024-02-09,1.69,True
11595,117,26,159,2023-10-13,7.97,True
11596,117,28,169,2023-11-24,6.83,True
11597,117,4,25,2026-05-18,3.9,False
11598,117,13,80,2026-02-06,1.05,True
11599,117,30,178,2024-07-04,3.23,True
11600,117,3,18,2025-11-27,7.51,True
11601,117,11,63,2025-10-09,7.96,True
11602,117,18,103,2024-01-05,0.63,True
11603,117,26,159,2026-02-12,6.46,False
11604,117,2,10,2026-03-05,2.22,True
11605,117,20,125,2026-01-08,6.34,False
11606,117,29,174,2024-08-22,1.03,True
11607,117,17,102,2024-07-23,3.54,True
11608,117,21,132,2026-06-02,3.05,False
11609,117,23,139,2025-07-18,4.07,False
11610,117,8,48,2024-05-13,7.7,True
11611,117,19,112,2023-12-11,4.79,True
11612,118,25,155,2025-12-22,3.64,False
11613,118,4,24,2025-05-06,3.23,True
11614,118,17,102,2024-06-18,0.75,True
11615,118,18,104,2025-05-30,1.8,False
11616,118,19,115,2025-08-07,7.64,True
11617,118,8,45,2024-04-02,1.85,False
11618,118,19,115,2025-09-29,7.48,True
11619,118,7,42,2025-07-29,3.84,False
11620,118,8,46,2026-02-24,1.04,True
11621,118,7,44,2026-06-19,6.87,True
11622,118,27,160,2024-08-16,5.06,True
11623,118,19,111,2025-12-08,7.87,True
11624,118,25,151,2024-07-18,6.47,True
11625,118,6,41,2024-11-28,5.76,True
11626,118,22,136,2024-08-07,1.44,False
11627,118,13,77,2025-12-10,4.62,True
11628,118,22,136,2024-12-25,3.66,True
11629,118,28,168,2024-08-29,1.43,True
11630,118,10,58,2025-08-18,4.1,True
11631,118,21,133,2024-07-17,1.98,False
11632,118,20,122,2024-02-16,2.58,True
11633,118,19,116,2024-01-17,7.6,True
11634,118,9,53,2024-10-31,4.91,True
11635,118,20,122,2025-11-24,7.79,True
11636,118,10,60,2025-12-31,6.07,True
11637,118,8,47,2025-11-19,1.05,True
11638,118,12,72,2025-07-16,1.17,True
11639,118,17,101,2025-03-21,1.07,True
11640,118,29,173,2024-09-13,5.49,False
11641,118,3,19,2025-09-10,4.1,True
11642,118,3,18,2024-02-21,2.36,False
11643,118,18,109,2024-05-23,2.68,True
11644,118,13,73,2024-06-05,4.68,True
11645,118,14,83,2026-04-01,3.25,True
11646,118,26,158,2024-11-11,6.35,True
11647,118,5,,2024-12-13,3.8,True
11648,118,12,71,2025-01-16,7.25,True
11649,118,12,71,2024-06-27,2.11,True
11650,118,24,150,2024-10-23,7.74,True
11651,118,16,94,2025-08-05,0.59,True
11652,118,29,174,2025-03-05,4.56,False
11653,118,17,102,2025-12-30,7.97,False
11654,118,4,28,2024-04-23,6.07,True
11655,118,5,33,2025-07-14,0.72,False
11656,118,22,,2026-02-24,4.44,True
11657,118,13,80,2026-03-25,4.17,True
11658,118,18,,2024-07-19,5.83,False
11659,118,15,87,2025-09-26,5.28,True
11660,118,30,177,2023-12-22,7.9,True
11661,118,5,32,2024-02-14,3.14,False
11662,118,14,86,2026-04-06,0.65,True
11663,118,2,11,2024-02-19,0.72,True
11664,118,20,123,2024-10-09,3.45,True
11665,118,11,67,2025-01-16,2.4,True
11666,118,13,,2026-05-15,5.52,True
11667,118,28,168,2025-08-28,3.96,True
11668,118,4,22,2025-07-30,0.53,True
11669,118,28,169,2025-08-27,5.99,True
11670,118,25,153,2024-03-20,7.93,True
11671,118,17,101,2024-05-03,7.2,True
11672,118,22,137,2024-06-06,2.95,False
11673,118,29,172,2024-09-30,1.29,True
11674,118,11,,2025-02-06,3.12,True
11675,118,18,108,2025-01-08,1.54,True
11676,118,18,110,2025-06-17,5.99,True
11677,118,29,174,2024-03-22,6.0,True
11678,118,21,,2025-01-20,2.23,True
11679,118,26,158,2026-03-16,5.92,True
11680,118,6,37,2025-09-08,5.43,False
11681,118,28,171,2026-05-18,3.4,False
11682,118,16,,2024-04-19,1.29,True
11683,118,3,19,2026-06-03,7.94,True
11684,118,25,154,2024-08-26,6.27,True
11685,118,22,137,2024-11-13,5.64,True
11686,118,1,7,2025-02-20,7.51,False
11687,118,26,,2024-10-07,0.77,True
11688,118,28,167,2025-11-28,7.36,True
11689,118,23,139,2025-04-18,6.42,True
11690,118,2,9,2026-05-25,5.33,True
11691,118,28,167,2026-05-21,7.52,True
11692,118,22,135,2024-01-29,0.51,True
11693,118,7,42,2024-03-13,7.16,True
11694,118,20,121,2025-02-11,4.91,True
11695,118,9,,2024-08-08,4.38,False
11696,118,30,177,2025-02-24,4.46,False
11697,118,17,97,2025-12-09,4.31,True
11698,118,30,176,2025-06-30,7.42,True
11699,118,16,92,2024-05-15,2.18,False
11700,118,21,128,2024-11-06,4.97,True
11701,118,9,50,2025-01-10,4.42,False
11702,118,28,166,2024-01-05,6.2,True
11703,118,16,94,2025-12-05,7.51,True
11704,118,20,,2024-05-24,0.76,True
11705,118,4,,2024-04-10,6.88,True
11706,119,24,150,2026-06-04,1.9,True
11707,119,24,149,2025-09-09,2.61,False
11708,119,23,138,2024-10-17,4.87,True
11709,119,10,56,2024-01-10,0.61,False
11710,119,30,177,2026-03-19,5.54,True
11711,119,18,107,2025-01-08,3.91,True
11712,119,4,22,2024-03-28,0.65,False
11713,119,21,131,2023-07-12,4.87,True
11714,119,2,12,2024-09-06,0.53,True
11715,119,11,65,2025-09-03,6.5,False
11716,119,5,33,2023-09-06,2.02,False
11717,119,1,2,2026-02-17,5.36,True
11718,119,16,92,2024-11-25,0.57,True
11719,119,8,47,2025-11-12,4.62,True
11720,119,19,116,2025-05-29,1.69,True
11721,119,2,,2025-09-30,1.52,True
11722,119,3,19,2026-03-11,7.22,True
11723,119,5,36,2024-03-28,6.82,True
11724,119,7,42,2023-10-05,1.14,True
11725,119,10,57,2023-09-25,0.59,False
11726,119,13,,2024-04-15,3.57,False
11727,119,9,51,2026-01-06,7.75,False
11728,119,6,38,2024-12-02,4.12,True
11729,119,28,169,2024-07-08,7.86,True
11730,119,26,156,2025-05-20,6.79,True
11731,119,13,75,2024-10-15,3.41,True
11732,119,11,65,2024-09-05,4.95,True
11733,119,29,174,2026-03-10,5.8,False
11734,119,29,,2026-04-10,2.41,False
11735,119,18,105,2024-07-16,2.32,True
11736,119,29,174,2024-01-11,1.53,True
11737,119,21,131,2024-07-29,1.98,True
11738,119,29,174,2025-08-11,5.72,False
11739,119,18,109,2026-04-01,1.29,True
11740,119,15,89,2024-10-07,5.44,False
11741,119,4,28,2024-06-10,2.5,True
11742,119,8,48,2026-01-08,1.59,True
11743,119,3,17,2025-08-07,1.24,False
11744,119,18,109,2026-04-08,1.07,False
11745,119,11,67,2026-03-10,7.68,True
11746,119,7,42,2025-08-18,0.59,False
11747,119,13,73,2026-03-13,0.75,True
11748,119,2,,2025-01-20,1.55,True
11749,119,21,128,2025-10-06,2.26,True
11750,119,25,154,2023-08-29,1.12,True
11751,119,25,154,2024-11-20,1.78,True
11752,119,8,47,2025-05-06,3.97,True
11753,119,14,86,2023-12-11,6.72,True
11754,119,3,16,2026-03-06,1.08,True
11755,119,28,168,2026-04-02,1.31,True
11756,119,13,73,2025-11-05,4.72,True
11757,119,22,137,2023-12-20,1.96,True
11758,119,26,159,2024-12-03,3.63,True
11759,119,3,17,2025-01-30,6.61,True
11760,119,4,,2024-04-05,3.45,True
11761,119,25,155,2023-09-18,7.85,False
11762,119,12,72,2024-04-15,1.64,True
11763,119,26,,2025-01-02,3.4,True
11764,119,17,,2025-10-31,7.58,True
11765,119,19,117,2023-12-26,7.2,True
11766,119,25,155,2023-12-13,2.5,False
11767,119,2,10,2023-11-07,1.79,True
11768,119,22,137,2024-08-14,5.42,True
11769,119,14,83,2025-10-02,4.91,True
11770,119,9,54,2025-04-30,4.66,False
11771,119,29,173,2025-11-10,7.74,False
11772,119,29,172,2024-02-14,5.73,False
11773,119,20,119,2025-10-08,7.95,True
11774,119,28,168,2023-11-06,7.15,True
11775,119,13,79,2023-08-07,3.1,True
11776,119,25,152,2023-09-22,4.39,True
11777,119,5,29,2023-07-18,4.99,True
11778,119,11,66,2024-05-16,1.72,False
11779,119,26,157,2024-09-04,5.55,False
11780,119,16,95,2026-02-03,2.66,True
11781,119,24,147,2024-07-24,5.72,True
11782,119,15,87,2025-03-10,7.18,True
11783,119,5,35,2025-03-28,6.48,True
11784,119,17,98,2026-04-07,5.37,True
11785,119,24,145,2026-04-20,7.42,True
11786,119,17,101,2023-10-09,7.99,True
11787,119,18,106,2023-09-04,2.35,True
11788,119,28,171,2026-01-06,2.05,True
11789,119,2,11,2025-08-07,3.11,True
11790,119,16,92,2024-07-08,3.6,False
11791,119,25,155,2025-01-02,2.54,True
11792,119,12,70,2025-11-07,0.64,True
11793,119,18,103,2026-05-13,4.23,True
11794,119,27,163,2026-06-23,7.89,True
11795,119,14,83,2024-06-21,4.26,True
11796,119,8,47,2025-11-19,1.67,True
11797,119,23,140,2025-10-16,5.54,True
11798,119,1,4,2025-07-17,4.8,True
11799,119,15,90,2026-02-13,5.36,True
11800,119,28,166,2023-08-09,1.78,True
11801,119,5,34,2023-11-22,7.83,False
11802,119,11,69,2024-04-10,7.09,False
11803,119,27,160,2023-11-01,3.5,True
11804,119,27,163,2026-01-23,6.06,True
11805,119,27,163,2025-02-07,6.6,True
11806,119,4,22,2025-11-26,5.9,True
11807,119,24,144,2023-08-30,4.43,True
11808,119,5,31,2026-02-04,7.71,True
11809,119,23,142,2025-06-27,5.54,True
11810,120,12,,2025-05-20,6.87,True
11811,120,20,119,2026-04-28,7.17,True
11812,120,15,,2023-12-13,2.35,False
11813,120,2,9,2024-01-05,0.67,True
11814,120,16,93,2025-09-24,1.4,True
11815,120,23,,2024-10-11,7.19,True
11816,120,22,135,2024-08-08,6.19,True
11817,120,15,90,2025-04-08,5.38,True
11818,120,9,53,2025-01-27,4.95,True
11819,120,22,137,2025-04-11,2.73,True
11820,120,11,68,2024-12-31,1.74,False
11821,120,7,43,2026-02-25,5.38,True
11822,120,17,100,2025-01-28,1.13,False
11823,120,21,129,2025-02-06,4.51,True
11824,120,30,179,2025-08-29,2.71,True
11825,120,3,20,2024-04-19,4.45,True
11826,120,13,80,2023-12-29,5.22,True
11827,120,6,40,2024-05-03,1.1,False
11828,120,7,44,2024-01-02,6.05,True
11829,120,27,165,2024-08-26,5.71,True
11830,120,7,44,2024-07-17,3.05,True
11831,120,25,,2026-05-21,7.21,True
11832,120,28,,2025-02-18,5.16,False
11833,120,4,26,2025-06-10,5.49,True
11834,120,23,141,2026-02-27,2.73,True
11835,120,16,92,2025-05-27,4.43,True
11836,120,7,44,2025-06-30,7.74,True
11837,120,13,80,2025-03-05,5.13,True
11838,120,6,38,2026-01-21,4.19,True
11839,120,26,159,2024-01-08,0.62,True
11840,120,30,179,2026-04-28,7.5,True
11841,120,27,163,2026-05-27,1.06,True
11842,120,30,179,2024-09-03,1.56,True
11843,120,19,114,2024-09-20,7.76,True
11844,120,24,150,2025-01-06,3.87,True
11845,120,13,77,2024-08-13,7.0,False
11846,120,26,158,2025-03-06,2.23,True
11847,120,23,140,2024-01-26,2.12,True
11848,120,26,157,2025-08-25,7.33,True
11849,120,16,92,2024-12-24,6.35,False
11850,120,30,,2026-03-09,6.79,True
11851,120,8,46,2024-05-10,1.13,True
11852,120,16,96,2026-06-09,3.71,True
11853,120,30,176,2025-07-29,7.49,True
11854,120,6,40,2024-11-12,2.14,True
11855,120,27,163,2025-02-04,1.27,True
11856,120,23,141,2025-04-17,4.73,False
11857,120,27,164,2024-04-11,6.21,True
11858,120,23,140,2026-01-29,5.5,True
11859,120,23,139,2024-12-25,2.34,True
11860,120,9,50,2024-11-25,3.48,True
11861,120,17,102,2024-01-05,0.7,True
11862,120,20,124,2024-02-26,5.14,True
11863,120,12,72,2024-06-28,4.02,True
11864,120,11,67,2024-10-17,2.28,False
11865,120,30,176,2024-10-14,7.0,True
11866,120,17,97,2026-04-14,1.57,True
11867,120,5,30,2024-06-10,0.67,True
11868,120,4,23,2025-08-14,7.95,False
11869,120,14,86,2025-04-16,0.53,True
11870,120,21,129,2024-11-26,7.94,True
11871,120,10,60,2025-08-12,3.12,True
11872,120,3,19,2024-03-15,4.04,False
11873,120,26,159,2024-06-27,1.4,True
11874,120,18,103,2024-01-24,4.69,False
11875,120,1,,2024-03-15,4.88,False
11876,120,6,37,2023-10-26,3.84,True
11877,120,20,120,2024-04-04,6.0,False
11878,120,18,105,2025-10-29,7.14,False
11879,120,5,30,2025-12-08,2.12,False
11880,120,18,106,2025-03-12,4.48,True
11881,120,11,69,2025-04-25,6.6,True
11882,120,17,102,2026-05-28,3.48,True
11883,120,1,,2025-08-08,3.45,True
11884,120,28,171,2024-09-09,0.91,True
11885,120,7,42,2025-10-03,1.34,True
11886,120,11,,2024-02-15,4.99,False
11887,120,2,13,2026-05-11,7.61,True
11888,120,15,87,2024-01-02,5.42,True
11889,120,9,,2024-01-23,1.59,True
11890,120,25,154,2026-05-14,3.63,True
11891,120,20,121,2024-07-31,7.28,True
11892,120,3,17,2026-01-20,2.75,True
11893,120,29,172,2025-10-15,5.53,True
11894,120,12,70,2026-02-12,4.25,True
11895,120,16,,2025-08-08,3.31,False
11896,120,5,30,2024-01-23,6.43,True
11897,120,27,162,2025-09-02,6.76,True
11898,120,6,41,2025-03-06,1.98,True
11899,120,10,55,2025-07-30,1.45,True
11900,120,12,72,2026-01-14,1.08,True
11901,120,21,133,2025-10-28,0.57,True
11902,120,29,173,2024-03-15,4.41,True
11903,120,26,157,2024-03-21,1.18,True
11904,120,25,151,2023-12-06,7.04,True
11905,120,28,167,2026-04-02,4.76,True
11906,120,22,134,2025-01-09,5.25,True
11907,120,16,93,2024-09-16,3.7,True
11908,120,7,44,2023-11-14,1.07,True
11909,120,10,56,2023-11-01,1.65,True
11910,120,5,35,2024-11-14,2.26,True
11911,120,15,89,2026-06-02,7.66,True
11912,120,10,56,2025-03-13,5.72,True
11913,121,14,83,2025-12-18,3.59,True
11914,121,25,152,2025-11-14,1.64,True
11915,121,24,148,2026-01-13,7.51,False
11916,121,7,43,2025-09-09,4.63,True
11917,121,24,149,2026-04-27,3.06,False
11918,121,11,62,2025-09-02,3.33,True
11919,121,18,103,2025-10-24,3.28,False
11920,121,14,84,2026-02-25,1.81,True
11921,121,23,140,2025-09-19,5.5,True
11922,121,11,64,2026-05-20,1.95,True
11923,121,5,34,2025-08-28,4.11,True
11924,121,16,94,2025-05-28,1.63,True
11925,121,4,27,2025-10-10,2.82,False
11926,121,21,129,2025-10-15,3.23,False
11927,121,29,172,2026-01-02,7.39,False
11928,121,6,40,2025-04-24,6.05,False
11929,121,24,147,2026-05-11,5.85,True
11930,121,19,116,2026-03-26,6.38,True
11931,121,13,,2025-07-04,7.1,True
11932,121,4,22,2025-07-21,4.39,True
11933,121,14,85,2025-10-01,4.84,True
11934,121,14,86,2026-05-01,6.66,True
11935,121,6,41,2026-04-01,6.53,True
11936,121,6,40,2025-11-18,6.5,False
11937,121,19,113,2026-02-20,5.09,False
11938,121,7,44,2025-12-15,4.55,False
11939,121,8,48,2026-02-02,4.0,True
11940,121,12,70,2026-06-02,6.98,True
11941,121,15,,2025-11-20,1.07,True
11942,121,23,141,2026-02-03,2.87,True
11943,121,25,154,2025-08-20,7.48,True
11944,121,11,,2025-04-15,5.23,True
11945,121,9,53,2025-04-29,2.1,False
11946,121,27,163,2025-06-30,1.92,True
11947,121,20,125,2025-05-21,4.25,True
11948,121,27,161,2025-12-09,2.43,False
11949,121,14,,2025-05-02,2.52,True
11950,121,30,175,2026-03-03,3.89,False
11951,121,6,41,2025-12-30,3.45,True
11952,121,21,130,2025-07-09,7.91,True
11953,121,7,42,2025-07-14,1.51,True
11954,121,17,101,2025-12-29,1.66,True
11955,121,18,109,2026-04-15,7.03,False
11956,121,7,43,2026-02-12,4.25,True
11957,121,16,96,2025-05-08,5.3,True
11958,121,17,101,2026-03-19,2.41,True
11959,121,26,158,2025-10-28,3.69,True
11960,121,6,41,2025-10-15,1.48,True
11961,121,14,86,2026-05-01,4.92,True
11962,121,27,164,2026-06-09,2.2,True
11963,121,30,,2025-06-03,1.79,True
11964,121,20,121,2025-06-10,4.02,True
11965,121,18,105,2025-07-18,0.91,True
11966,121,3,18,2026-01-06,6.41,False
11967,121,28,168,2026-03-06,2.65,True
11968,121,8,49,2026-04-15,5.04,True
11969,121,26,157,2025-09-11,5.7,True
11970,121,25,155,2025-05-12,7.1,True
11971,121,25,153,2025-08-21,5.08,True
11972,121,27,161,2026-04-30,4.8,True
11973,121,4,27,2025-03-25,4.4,True
11974,121,29,172,2025-03-21,1.04,True
11975,121,6,41,2025-04-30,1.5,True
11976,121,1,3,2025-07-04,3.36,True
11977,121,1,3,2025-03-05,7.96,False
11978,121,9,50,2026-02-17,1.51,True
11979,121,9,52,2025-04-01,1.09,True
11980,121,26,159,2026-02-19,2.8,True
11981,121,16,91,2026-06-22,2.8,True
11982,121,23,138,2025-10-09,6.34,True
11983,121,24,148,2025-06-06,5.17,True
11984,121,20,124,2026-02-13,4.97,False
11985,121,24,146,2025-05-08,3.93,True
11986,121,16,92,2025-03-14,5.86,False
11987,121,24,150,2026-05-11,6.69,True
11988,121,8,46,2025-12-15,0.52,True
11989,121,1,1,2026-06-10,5.45,True
11990,121,11,63,2026-01-06,7.29,False
11991,121,14,82,2025-08-08,6.37,True
11992,121,14,86,2025-07-02,2.6,False
11993,121,1,6,2025-12-24,5.8,False
11994,121,11,62,2025-10-09,1.74,True
11995,121,21,133,2026-04-28,0.56,True
11996,121,18,105,2026-06-26,1.35,True
11997,121,5,31,2026-02-06,2.61,True
11998,121,2,12,2026-04-01,3.7,True
11999,121,29,174,2025-06-10,4.35,True
12000,121,22,136,2025-12-02,4.58,True
12001,121,23,138,2025-11-11,4.67,True
12002,121,15,88,2026-05-18,3.79,True
12003,121,11,63,2025-07-28,3.68,False
12004,121,25,151,2025-11-26,6.84,True
12005,121,16,94,2025-06-04,2.29,True
12006,121,6,41,2025-05-14,5.09,True
12007,121,17,99,2026-02-17,2.07,True
12008,121,29,172,2026-02-19,4.29,True
12009,121,13,76,2026-05-07,0.77,True
12010,121,30,177,2026-01-19,3.06,True
12011,121,13,76,2026-06-29,6.15,True
12012,121,12,71,2025-02-21,6.21,True
12013,121,5,36,2026-02-17,4.19,True
12014,121,9,50,2026-06-18,3.22,True
12015,121,23,142,2025-08-18,1.75,True
12016,121,9,54,2025-11-28,7.06,True
12017,121,5,,2026-02-04,4.29,False
12018,121,29,173,2025-10-17,6.33,True
12019,121,21,129,2026-01-30,4.14,True
12020,121,27,161,2025-12-05,6.56,True
12021,121,10,,2025-05-23,5.51,True
12022,121,17,,2025-04-21,2.66,True
12023,122,24,146,2025-05-06,6.31,False
12024,122,21,132,2025-04-09,2.62,False
12025,122,30,,2026-02-17,5.21,True
12026,122,8,48,2024-06-06,7.05,True
12027,122,14,82,2025-04-28,3.96,True
12028,122,17,99,2025-09-11,2.94,True
12029,122,25,152,2026-02-13,1.29,True
12030,122,19,111,2024-06-20,6.11,False
12031,122,4,21,2024-01-18,3.71,True
12032,122,2,10,2024-02-14,5.56,True
12033,122,22,136,2025-07-14,1.8,True
12034,122,16,96,2023-09-20,1.73,True
12035,122,7,44,2025-02-12,7.54,False
12036,122,3,20,2026-05-28,3.33,False
12037,122,25,154,2025-02-14,5.07,False
12038,122,27,164,2024-09-25,1.91,True
12039,122,10,61,2025-06-10,7.95,False
12040,122,16,94,2024-03-27,7.66,False
12041,122,12,72,2025-05-12,3.57,False
12042,122,3,20,2025-03-20,6.89,True
12043,122,3,18,2025-02-07,2.77,False
12044,122,26,159,2023-11-13,4.51,True
12045,122,23,138,2025-04-03,1.66,True
12046,122,22,137,2024-04-11,3.59,True
12047,122,4,22,2024-07-31,1.9,False
12048,122,11,65,2026-04-02,2.47,False
12049,122,17,97,2024-12-19,4.43,False
12050,122,1,1,2023-12-08,1.53,True
12051,122,16,92,2024-03-01,0.84,True
12052,122,24,149,2024-10-18,2.08,True
12053,122,29,,2025-08-26,2.99,True
12054,122,24,146,2025-08-01,7.64,True
12055,122,11,68,2025-05-26,0.95,False
12056,122,16,,2024-11-08,6.11,True
12057,122,10,59,2024-05-22,4.11,True
12058,122,22,135,2026-03-13,4.75,True
12059,122,19,111,2024-12-20,7.89,True
12060,122,7,43,2025-11-28,6.82,True
12061,122,4,26,2024-11-07,5.09,False
12062,122,11,65,2024-07-17,7.11,False
12063,122,7,42,2025-02-19,0.5,True
12064,122,10,60,2023-12-22,7.98,True
12065,122,3,18,2025-01-13,7.63,True
12066,122,17,102,2023-12-07,2.97,False
12067,122,17,97,2024-01-31,7.84,True
12068,122,6,38,2025-12-17,5.49,True
12069,122,26,158,2026-05-26,5.52,True
12070,122,15,89,2024-09-17,3.52,True
12071,122,30,177,2023-08-14,2.18,True
12072,122,10,58,2026-03-05,4.34,True
12073,122,16,96,2024-10-03,5.8,True
12074,122,10,,2026-03-18,2.06,True
12075,122,28,169,2026-02-09,4.37,True
12076,122,11,66,2024-10-07,3.34,True
12077,122,3,16,2024-02-16,1.06,True
12078,122,8,,2023-11-20,4.67,True
12079,122,2,11,2025-03-12,3.5,True
12080,122,26,156,2026-01-13,4.36,True
12081,122,8,48,2024-11-08,5.24,False
12082,122,20,122,2026-01-07,6.07,True
12083,122,29,173,2025-05-12,2.02,True
12084,122,8,45,2026-02-25,6.93,True
12085,122,17,98,2023-12-05,3.52,True
12086,122,1,6,2023-10-30,1.08,True
12087,122,3,17,2024-03-11,5.22,True
12088,122,6,38,2023-11-21,1.74,True
12089,122,20,122,2025-09-18,3.02,False
12090,122,11,64,2023-11-16,6.78,True
12091,122,27,,2025-04-04,7.16,True
12092,122,10,55,2026-05-15,2.17,True
12093,122,26,,2023-08-22,7.43,True
12094,122,29,172,2026-04-22,2.83,False
12095,122,3,20,2023-07-20,1.8,False
12096,122,5,33,2024-09-10,2.56,True
12097,122,28,168,2024-09-19,7.49,True
12098,122,26,156,2025-02-17,4.58,True
12099,122,18,105,2025-01-23,5.13,True
12100,122,15,90,2024-03-25,2.9,False
12101,122,18,109,2023-11-17,5.54,False
12102,122,18,,2024-10-23,5.24,True
12103,122,11,69,2025-12-15,1.72,True
12104,122,21,132,2024-05-14,1.49,False
12105,122,29,173,2024-10-08,5.86,False
12106,122,15,88,2023-09-18,7.59,True
12107,122,22,137,2025-06-06,1.67,True
12108,122,15,88,2025-07-10,3.49,False
12109,122,12,71,2025-05-09,7.86,True
12110,122,20,122,2026-02-02,7.51,True
12111,122,22,135,2024-01-12,5.51,False
12112,122,28,170,2024-01-05,1.28,True
12113,122,26,,2023-12-25,2.25,False
12114,122,17,97,2025-07-11,5.32,True
12115,122,7,42,2025-01-08,2.36,True
12116,122,9,54,2023-08-31,1.84,True
12117,122,27,161,2023-10-31,3.93,False
12118,122,16,96,2024-04-12,4.05,True
12119,122,6,38,2025-12-30,2.95,True
12120,122,25,153,2026-06-17,2.96,True
12121,122,7,43,2026-03-03,1.63,False
12122,122,26,159,2026-03-18,6.06,True
12123,122,29,174,2024-02-28,1.14,True
12124,122,26,157,2025-12-23,5.42,True
12125,122,13,80,2023-12-11,6.29,True
12126,122,23,141,2024-11-15,7.28,True
12127,122,26,,2025-07-04,4.16,True
12128,122,19,115,2024-09-03,5.96,True
12129,122,28,169,2026-03-30,6.72,True
12130,122,30,176,2023-11-03,7.15,True
12131,122,13,77,2025-06-04,7.69,True
12132,123,3,17,2023-11-24,0.7,True
12133,123,19,112,2025-09-19,4.05,False
12134,123,20,120,2026-06-04,2.92,False
12135,123,13,77,2025-12-17,8.0,True
12136,123,3,19,2023-10-27,1.46,False
12137,123,19,,2023-08-04,4.98,False
12138,123,22,135,2023-07-19,4.71,True
12139,123,12,72,2024-05-27,7.0,True
12140,123,16,95,2024-01-31,2.49,True
12141,123,19,113,2025-07-01,1.93,True
12142,123,1,6,2024-01-19,1.21,True
12143,123,5,35,2024-02-07,2.28,False
12144,123,11,64,2024-12-09,3.14,True
12145,123,23,140,2025-11-13,5.64,False
12146,123,7,42,2024-12-30,6.61,False
12147,123,20,123,2024-04-16,5.79,True
12148,123,17,101,2025-07-16,6.8,True
12149,123,14,81,2025-08-07,0.72,True
12150,123,10,60,2024-11-27,7.94,True
12151,123,18,106,2025-12-09,0.96,True
12152,123,23,139,2024-02-26,1.49,False
12153,123,17,100,2025-09-03,3.54,True
12154,123,30,177,2023-07-28,3.86,False
12155,123,6,38,2025-09-30,7.76,True
12156,123,13,,2025-11-17,6.89,False
12157,123,2,10,2025-07-10,4.64,True
12158,123,13,79,2024-05-02,5.54,True
12159,123,25,155,2024-10-17,6.71,True
12160,123,10,61,2025-07-09,2.21,False
12161,123,10,56,2023-12-28,5.77,True
12162,123,18,,2026-01-14,5.13,True
12163,123,13,77,2024-03-08,2.8,True
12164,123,20,119,2023-10-20,6.32,True
12165,123,1,5,2025-04-17,1.91,True
12166,123,25,153,2023-07-10,7.67,False
12167,123,25,,2026-03-03,5.92,True
12168,123,27,164,2024-03-26,7.38,True
12169,123,9,53,2026-03-27,3.33,True
12170,123,19,117,2025-03-21,7.83,True
12171,123,26,159,2024-08-05,4.3,False
12172,123,19,116,2026-03-31,6.94,False
12173,123,2,10,2025-01-10,4.93,False
12174,123,29,174,2023-08-14,1.73,True
12175,123,14,81,2023-12-13,4.15,True
12176,123,2,8,2024-02-22,5.83,True
12177,123,6,40,2026-05-08,7.25,False
12178,123,6,40,2025-12-15,5.78,True
12179,123,14,86,2026-03-09,5.2,True
12180,123,7,42,2026-05-12,3.58,True
12181,123,3,17,2024-03-07,2.6,True
12182,123,23,139,2025-11-21,1.96,False
12183,123,28,167,2023-11-23,7.75,False
12184,123,22,134,2025-12-22,7.61,True
12185,123,27,164,2025-01-06,0.98,False
12186,123,9,54,2025-12-15,4.75,True
12187,123,17,100,2024-02-02,4.58,True
12188,123,15,88,2024-04-03,1.76,True
12189,123,4,26,2024-03-21,3.57,True
12190,123,7,43,2025-12-18,6.98,False
12191,123,9,52,2025-06-27,7.68,True
12192,123,15,90,2024-03-12,7.1,True
12193,123,18,110,2023-09-21,0.62,False
12194,123,9,52,2025-11-28,2.7,True
12195,123,13,79,2024-02-22,1.05,True
12196,123,7,42,2024-07-04,3.19,True
12197,123,4,24,2024-03-06,2.39,True
12198,123,20,119,2024-06-20,0.88,True
12199,123,3,19,2024-03-01,1.47,True
12200,123,22,134,2024-11-13,6.22,True
12201,123,21,,2023-09-04,6.42,True
12202,123,8,45,2025-06-02,0.77,False
12203,123,19,,2024-11-22,6.43,True
12204,123,8,49,2026-02-10,5.61,True
12205,123,29,173,2026-06-30,3.08,False
12206,123,4,,2024-03-15,0.98,True
12207,123,4,24,2025-01-01,7.67,True
12208,123,3,17,2025-11-26,5.55,False
12209,123,8,48,2025-04-04,4.75,False
12210,123,9,52,2025-07-16,5.61,False
12211,123,22,137,2026-01-02,5.24,True
12212,123,19,113,2024-10-23,4.41,True
12213,123,28,170,2026-01-21,5.47,True
12214,123,5,33,2025-03-28,1.17,False
12215,123,14,82,2024-03-01,6.14,True
12216,123,30,177,2023-11-07,0.95,False
12217,123,19,,2025-02-20,4.13,True
12218,123,16,96,2023-07-12,7.4,True
12219,123,22,135,2023-11-17,2.47,False
12220,123,29,,2025-01-09,6.06,True
12221,123,5,33,2025-12-31,6.23,True
12222,123,4,26,2025-12-19,2.93,True
12223,123,15,,2025-11-26,4.21,True
12224,123,13,79,2023-08-04,5.61,True
12225,123,13,73,2026-06-29,1.78,False
12226,123,29,174,2023-09-11,0.64,True
12227,123,9,,2024-04-18,1.75,True
12228,123,23,141,2024-11-29,0.84,True
12229,123,7,42,2024-08-21,1.97,True
12230,123,25,153,2026-06-22,5.66,True
12231,123,15,90,2025-12-18,5.49,True
12232,123,5,33,2026-06-10,5.5,True
12233,123,19,117,2024-03-12,7.06,True
12234,123,7,43,2025-01-07,2.23,True
12235,123,9,50,2025-10-01,6.7,True
12236,123,11,67,2023-10-23,6.41,True
12237,123,30,,2026-04-10,6.83,True
12238,123,20,124,2024-05-01,6.17,True
12239,124,12,70,2023-07-04,5.56,True
12240,124,7,42,2025-05-01,1.5,True
12241,124,2,,2025-12-03,1.95,True
12242,124,25,155,2026-06-23,5.93,True
12243,124,26,157,2026-01-12,2.14,False
12244,124,2,,2024-09-02,4.4,True
12245,124,4,26,2026-04-21,6.21,True
12246,124,1,2,2025-03-05,5.45,False
12247,124,27,161,2024-10-31,2.59,True
12248,124,6,40,2023-12-19,3.11,False
12249,124,23,138,2025-05-22,7.15,True
12250,124,17,99,2025-06-26,5.13,True
12251,124,3,,2025-10-16,5.25,True
12252,124,26,,2024-02-26,7.86,True
12253,124,30,179,2024-10-22,4.74,True
12254,124,16,92,2026-03-31,7.72,True
12255,124,16,91,2026-06-18,1.42,False
12256,124,10,60,2026-02-25,2.01,True
12257,124,2,14,2024-06-21,5.14,False
12258,124,1,3,2023-10-17,3.43,True
12259,124,9,53,2026-04-13,2.02,True
12260,124,20,121,2025-08-22,1.06,True
12261,124,7,44,2025-11-04,7.04,False
12262,124,9,50,2025-02-17,3.08,True
12263,124,21,132,2024-03-19,7.91,True
12264,124,7,42,2025-09-03,7.5,True
12265,124,17,97,2024-03-21,3.77,True
12266,124,25,152,2024-10-15,4.09,False
12267,124,24,145,2025-01-02,2.95,True
12268,124,27,163,2024-08-22,7.21,False
12269,124,23,143,2024-08-28,3.0,True
12270,124,27,161,2026-01-22,5.77,True
12271,124,17,100,2025-11-18,3.47,False
12272,124,26,159,2025-04-14,7.07,True
12273,124,24,149,2024-06-04,5.28,True
12274,124,15,89,2024-06-05,7.55,False
12275,124,18,110,2025-11-05,1.06,False
12276,124,22,136,2024-04-16,7.63,False
12277,124,30,,2025-11-03,4.98,True
12278,124,3,19,2024-05-15,7.3,True
12279,124,17,102,2025-10-02,2.69,False
12280,124,29,174,2024-08-05,3.57,True
12281,124,18,104,2025-06-09,6.64,True
12282,124,9,51,2026-06-26,7.39,True
12283,124,3,20,2025-11-27,7.45,True
12284,124,11,66,2025-03-05,3.66,True
12285,124,23,138,2026-04-07,4.23,False
12286,124,15,87,2024-07-18,4.59,True
12287,124,15,87,2026-06-30,8.0,True
12288,124,8,47,2025-12-31,5.85,True
12289,124,7,,2025-05-26,6.64,True
12290,124,12,72,2024-09-17,4.15,False
12291,124,20,123,2025-11-25,0.81,False
12292,124,3,19,2026-05-28,5.09,False
12293,124,12,71,2026-02-19,4.32,True
12294,124,19,116,2023-08-14,7.88,False
12295,124,20,119,2026-06-25,1.1,True
12296,124,23,142,2024-09-11,2.97,True
12297,124,29,173,2023-09-11,7.07,False
12298,124,15,90,2025-12-22,4.16,True
12299,124,2,9,2024-11-13,0.8,True
12300,124,29,172,2023-07-20,2.01,True
12301,124,19,117,2024-05-15,1.08,True
12302,124,24,145,2024-08-07,4.49,True
12303,124,12,,2024-03-27,5.23,True
12304,124,20,120,2024-05-08,4.43,False
12305,124,8,47,2024-05-28,7.72,True
12306,124,20,124,2024-12-18,1.3,True
12307,124,11,63,2024-07-04,7.32,True
12308,124,8,46,2024-01-26,7.64,True
12309,124,6,,2025-05-06,2.52,False
12310,124,2,12,2025-08-28,4.16,True
12311,124,4,24,2025-04-09,6.82,True
12312,124,21,127,2023-08-21,4.53,True
12313,124,21,127,2024-03-06,7.11,True
12314,124,6,39,2026-05-11,3.65,True
12315,124,4,27,2024-09-18,3.19,False
12316,124,25,153,2026-03-18,4.28,True
12317,124,3,19,2025-02-06,4.09,True
12318,124,18,108,2026-04-17,3.39,False
12319,124,13,76,2025-03-13,7.14,True
12320,124,15,90,2024-10-24,2.0,False
12321,124,21,131,2024-08-13,4.0,True
12322,124,16,96,2026-04-14,7.05,True
12323,124,9,51,2025-10-21,4.76,False
12324,124,3,17,2026-06-12,7.38,True
12325,124,22,137,2024-10-18,0.78,True
12326,124,2,13,2026-02-10,5.93,False
12327,124,21,127,2024-12-19,6.89,True
12328,124,29,172,2024-01-18,5.65,True
12329,124,28,169,2023-11-27,4.97,True
12330,124,9,53,2026-06-23,2.95,False
12331,124,19,115,2024-08-06,5.09,False
12332,124,13,74,2023-08-14,4.36,False
12333,124,26,159,2024-12-17,4.65,False
12334,124,24,146,2024-06-07,0.83,True
12335,124,27,165,2024-03-01,2.26,False
12336,124,23,143,2025-05-14,1.31,True
12337,124,9,50,2026-05-12,3.74,True
12338,124,6,38,2024-07-03,2.51,False
12339,124,4,27,2024-12-12,1.08,True
12340,124,24,150,2025-01-01,1.39,True
12341,124,22,136,2026-03-10,5.69,True
12342,124,29,174,2025-08-18,2.86,True
12343,124,7,44,2025-06-25,7.46,False
12344,124,5,36,2025-02-21,5.64,True
12345,124,15,87,2025-07-07,6.52,False
12346,124,21,129,2023-07-05,3.43,False
12347,124,18,104,2024-06-28,0.63,False
12348,124,17,100,2024-08-29,6.62,True
12349,124,23,139,2025-05-13,4.27,False
12350,124,30,178,2023-07-31,7.26,True
12351,124,3,18,2024-12-05,6.52,False
12352,124,13,77,2025-05-23,4.76,True
12353,124,25,154,2025-01-13,1.17,True
12354,124,27,162,2025-06-24,2.45,False
12355,125,5,36,2024-12-25,2.08,True
12356,125,13,79,2024-01-16,1.04,False
12357,125,22,135,2025-09-08,0.83,True
12358,125,14,82,2024-03-21,5.87,False
12359,125,30,178,2026-02-27,1.99,True
12360,125,22,134,2025-04-29,3.77,True
12361,125,13,80,2025-05-06,3.64,True
12362,125,3,19,2026-03-16,7.85,False
12363,125,19,111,2023-07-06,5.49,True
12364,125,23,142,2025-01-21,4.71,True
12365,125,7,42,2023-11-09,1.76,True
12366,125,22,,2023-11-23,7.28,False
12367,125,16,92,2025-02-18,0.96,True
12368,125,23,141,2025-06-20,0.92,False
12369,125,27,165,2024-11-15,4.36,True
12370,125,6,40,2025-10-29,4.52,True
12371,125,13,74,2025-07-01,1.69,True
12372,125,27,163,2026-01-15,2.66,False
12373,125,19,117,2026-04-03,4.58,True
12374,125,12,,2024-12-05,7.52,False
12375,125,20,120,2025-10-15,1.5,True
12376,125,20,119,2025-08-08,5.34,True
12377,125,13,78,2026-05-13,4.61,True
12378,125,6,40,2024-10-10,2.6,False
12379,125,30,175,2023-12-14,5.44,True
12380,125,3,19,2025-12-02,1.85,False
12381,125,1,,2026-06-01,2.23,False
12382,125,1,5,2026-03-13,0.97,True
12383,125,18,107,2025-09-16,6.72,True
12384,125,29,173,2025-07-22,2.88,True
12385,125,23,141,2024-12-03,5.72,True
12386,125,12,72,2023-11-20,5.13,False
12387,125,15,89,2025-06-10,5.27,True
12388,125,30,176,2026-06-05,4.64,True
12389,125,17,99,2023-09-29,6.39,True
12390,125,13,77,2024-12-18,5.83,True
12391,125,21,127,2026-04-06,6.78,True
12392,125,21,132,2024-01-10,6.16,True
12393,125,12,70,2023-12-22,5.45,True
12394,125,9,54,2025-09-19,5.9,False
12395,125,9,,2024-10-15,1.6,True
12396,125,15,89,2023-11-13,2.63,True
12397,125,4,26,2025-02-07,3.8,True
12398,125,14,83,2024-04-01,7.51,True
12399,125,23,140,2026-01-08,7.41,True
12400,125,3,16,2026-06-18,1.32,True
12401,125,1,4,2024-03-13,7.23,True
12402,125,27,165,2026-04-13,3.12,False
12403,125,29,172,2025-08-14,4.33,True
12404,125,21,127,2025-04-09,4.48,True
12405,125,1,5,2024-07-16,7.63,False
12406,125,5,34,2025-12-29,3.19,False
12407,125,14,84,2024-06-14,1.99,True
12408,125,22,,2024-12-06,4.48,True
12409,125,1,7,2026-01-19,7.84,True
12410,125,11,66,2025-10-02,2.0,True
12411,125,12,72,2024-07-16,3.23,False
12412,125,11,,2025-11-05,7.61,False
12413,125,20,125,2025-09-24,6.34,True
12414,125,27,,2023-10-10,1.04,True
12415,125,23,142,2024-06-03,0.96,True
12416,125,8,45,2026-05-08,2.13,True
12417,125,1,5,2023-07-14,3.04,True
12418,125,11,68,2025-07-04,1.64,True
12419,125,11,62,2025-08-22,2.56,False
12420,125,20,122,2025-12-09,4.56,True
12421,125,5,33,2024-02-21,4.84,False
12422,125,1,,2025-07-21,5.73,True
12423,125,23,139,2025-06-23,2.51,True
12424,125,19,111,2024-11-18,3.7,True
12425,125,11,65,2025-08-08,3.66,True
12426,125,9,53,2026-01-13,6.85,True
12427,125,11,69,2024-10-15,4.22,True
12428,125,28,167,2025-09-08,1.5,True
12429,125,17,98,2024-08-27,5.55,True
12430,125,26,158,2026-01-06,7.04,True
12431,125,24,146,2026-02-13,7.73,True
12432,125,30,176,2025-05-06,6.04,True
12433,125,2,12,2023-09-01,5.18,True
12434,125,5,31,2026-06-16,0.81,True
12435,125,26,,2023-07-03,1.67,True
12436,125,30,177,2025-12-23,7.49,True
12437,125,5,36,2026-03-16,4.55,True
12438,125,30,179,2025-07-03,3.58,False
12439,125,23,140,2024-10-28,7.22,True
12440,125,10,61,2025-03-10,1.63,True
12441,125,25,152,2023-09-19,2.21,True
12442,125,18,106,2025-05-13,7.02,True
12443,125,20,124,2025-05-14,4.08,True
12444,125,13,,2024-06-19,6.27,False
12445,125,10,,2023-12-04,1.3,False
12446,125,7,42,2025-04-11,6.0,True
12447,125,17,,2024-10-01,7.2,True
12448,125,10,,2025-06-18,6.65,True
12449,125,13,75,2025-09-08,7.56,False
12450,125,16,93,2024-07-18,4.75,True
12451,125,6,38,2024-06-14,2.82,True
12452,125,23,141,2024-05-20,4.22,True
12453,125,19,115,2024-06-18,3.08,True
12454,125,25,154,2025-02-20,1.27,True
12455,125,22,135,2024-02-08,2.35,True
12456,126,30,178,2026-02-25,2.01,True
12457,126,2,13,2025-01-01,6.34,True
12458,126,8,49,2024-10-22,7.96,True
12459,126,15,88,2026-03-25,5.41,True
12460,126,24,148,2024-04-15,1.73,True
12461,126,5,32,2023-10-18,2.44,True
12462,126,19,117,2023-11-29,4.97,True
12463,126,4,22,2026-01-07,6.67,True
12464,126,5,33,2024-02-21,7.1,False
12465,126,3,17,2024-08-29,6.59,True
12466,126,13,,2026-06-01,0.55,True
12467,126,8,48,2024-02-02,4.42,True
12468,126,17,,2025-10-29,6.57,False
12469,126,8,48,2024-05-09,1.3,False
12470,126,22,134,2026-03-12,6.86,True
12471,126,11,68,2026-02-19,1.36,True
12472,126,21,127,2025-07-17,7.3,True
12473,126,6,,2024-01-25,0.72,True
12474,126,8,47,2025-06-30,4.36,False
12475,126,3,16,2025-12-10,1.63,True
12476,126,17,101,2024-02-16,3.6,True
12477,126,2,14,2024-11-04,6.08,True
12478,126,24,,2026-04-21,6.67,True
12479,126,7,,2024-02-22,4.63,True
12480,126,13,79,2025-05-30,7.2,True
12481,126,27,163,2024-04-17,2.39,False
12482,126,20,,2024-05-10,4.76,True
12483,126,13,78,2024-01-10,7.2,False
12484,126,11,67,2026-06-09,6.74,True
12485,126,1,2,2024-07-29,6.25,False
12486,126,28,170,2024-05-14,4.14,False
12487,126,11,67,2025-12-31,6.82,True
12488,126,17,101,2024-02-22,3.9,True
12489,126,9,,2026-05-21,1.45,True
12490,126,17,97,2026-06-22,7.33,True
12491,126,7,42,2025-12-11,7.74,True
12492,126,19,117,2023-11-02,3.0,True
12493,126,11,63,2025-03-04,5.47,True
12494,126,4,26,2024-09-18,4.34,False
12495,126,4,26,2026-05-19,2.52,True
12496,126,5,30,2023-11-02,2.43,True
12497,126,20,124,2024-06-13,4.91,True
12498,126,30,179,2025-03-05,7.21,False
12499,126,23,143,2024-08-19,6.74,False
12500,126,2,8,2026-05-06,1.82,True
12501,126,6,41,2025-07-25,3.52,True
12502,126,30,178,2025-07-23,2.72,True
12503,126,7,43,2025-05-19,4.39,True
12504,126,21,127,2025-10-10,4.68,True
12505,126,22,134,2025-10-29,3.1,False
12506,126,30,178,2024-08-05,5.16,True
12507,126,15,89,2024-07-17,3.12,False
12508,126,19,,2023-08-25,3.63,True
12509,126,12,71,2025-07-25,5.0,True
12510,126,21,130,2025-04-23,7.86,True
12511,126,30,177,2024-06-28,0.6,False
12512,126,28,168,2024-05-07,0.91,True
12513,126,7,42,2024-07-05,4.35,True
12514,126,21,129,2025-04-23,2.24,True
12515,126,4,24,2025-12-18,6.76,True
12516,126,10,58,2025-06-03,4.63,True
12517,126,28,168,2026-02-26,7.75,True
12518,126,4,27,2025-01-23,3.86,True
12519,126,3,,2024-07-19,5.91,False
12520,126,27,162,2024-07-24,7.33,True
12521,126,19,111,2023-07-12,4.0,True
12522,126,25,152,2024-01-15,3.25,True
12523,126,28,170,2026-04-20,6.4,True
12524,126,13,74,2025-05-06,5.03,False
12525,126,25,155,2026-04-27,6.09,True
12526,126,24,,2025-10-24,2.6,True
12527,126,2,15,2025-03-07,3.2,True
12528,126,3,19,2025-11-19,2.11,True
12529,126,23,143,2025-10-01,3.89,True
12530,126,18,103,2025-05-22,2.14,True
12531,126,27,163,2023-09-27,2.79,True
12532,126,2,12,2025-05-16,5.47,True
12533,126,6,40,2023-09-08,5.81,True
12534,126,30,176,2024-12-13,7.84,False
12535,126,28,170,2026-03-17,4.29,True
12536,126,18,110,2024-02-21,2.41,True
12537,126,29,173,2023-08-01,1.16,True
12538,126,19,116,2024-01-22,0.52,True
12539,126,4,25,2024-05-01,3.2,True
12540,126,9,,2023-11-27,4.14,True
12541,126,19,112,2026-02-26,3.25,True
12542,126,27,,2026-04-15,6.78,False
12543,126,25,154,2026-03-02,3.56,False
12544,126,15,88,2024-06-07,5.78,True
12545,126,26,158,2025-12-31,7.22,True
12546,126,25,154,2025-05-28,0.68,False
12547,126,5,35,2024-06-19,1.04,True
12548,126,13,80,2026-03-31,1.13,True
12549,126,20,120,2023-09-05,6.82,True
12550,126,10,61,2023-12-26,5.47,False
12551,126,4,25,2024-08-20,6.97,True
12552,127,8,46,2025-01-23,7.9,True
12553,127,11,63,2025-02-14,2.21,True
12554,127,10,59,2026-06-01,0.58,True
12555,127,17,97,2024-07-02,7.33,True
12556,127,15,90,2024-06-18,7.17,False
12557,127,5,30,2025-03-18,3.16,False
12558,127,19,112,2024-12-03,1.91,False
12559,127,14,85,2025-10-30,7.37,True
12560,127,15,89,2023-12-26,4.34,True
12561,127,30,177,2023-08-14,6.75,True
12562,127,11,66,2023-08-21,6.58,False
12563,127,28,,2025-05-20,7.94,True
12564,127,18,110,2025-02-27,7.86,False
12565,127,20,120,2023-11-27,0.56,True
12566,127,24,145,2025-07-25,3.99,True
12567,127,28,170,2024-09-04,5.21,True
12568,127,21,131,2026-03-03,6.87,True
12569,127,4,23,2025-05-02,6.01,False
12570,127,22,136,2026-01-07,5.53,True
12571,127,8,46,2025-02-28,1.04,True
12572,127,25,151,2025-06-23,0.8,True
12573,127,29,173,2025-01-10,3.4,False
12574,127,7,,2025-01-27,0.86,True
12575,127,24,146,2024-11-14,3.84,False
12576,127,8,48,2026-06-29,3.25,True
12577,127,15,88,2024-11-06,2.33,True
12578,127,25,153,2024-07-12,0.81,True
12579,127,23,138,2024-10-31,1.97,False
12580,127,10,60,2025-11-28,3.28,True
12581,127,4,24,2024-05-16,4.23,False
12582,127,26,158,2025-12-12,5.62,True
12583,127,3,17,2024-09-10,4.12,True
12584,127,24,146,2024-01-23,1.93,False
12585,127,8,47,2024-09-26,7.68,False
12586,127,12,71,2025-04-16,0.69,True
12587,127,3,20,2025-05-16,6.84,True
12588,127,18,106,2023-09-28,4.51,True
12589,127,30,178,2023-09-26,4.7,True
12590,127,2,,2024-09-03,6.16,True
12591,127,8,45,2025-11-25,0.89,True
12592,127,15,88,2023-12-28,4.05,False
12593,127,3,18,2023-08-23,6.8,True
12594,127,22,135,2024-06-11,3.16,True
12595,127,2,11,2024-08-01,2.11,True
12596,127,5,33,2024-04-16,2.4,False
12597,127,25,154,2025-01-22,6.57,True
12598,127,4,25,2026-03-10,2.29,True
12599,127,8,46,2025-09-26,4.07,True
12600,127,14,86,2026-05-25,0.63,False
12601,127,1,7,2025-03-25,7.74,True
12602,127,18,110,2025-12-24,7.62,True
12603,127,11,68,2026-03-13,5.57,True
12604,127,4,21,2024-03-14,7.67,True
12605,127,30,178,2024-09-13,0.87,True
12606,127,18,110,2025-06-27,6.79,True
12607,127,4,23,2024-02-05,6.95,True
12608,127,26,159,2023-10-31,3.87,True
12609,127,29,173,2024-04-08,1.69,False
12610,127,5,33,2025-08-07,7.27,True
12611,127,8,46,2024-04-04,3.34,True
12612,127,26,156,2025-04-04,6.21,True
12613,127,9,54,2025-12-02,3.94,True
12614,127,18,107,2026-01-12,1.3,True
12615,127,13,79,2025-02-07,6.23,True
12616,127,17,97,2023-12-14,2.95,True
12617,127,13,73,2024-08-16,2.11,True
12618,127,12,72,2024-05-31,3.71,False
12619,127,10,55,2026-06-25,3.15,False
12620,127,11,67,2024-01-02,2.74,False
12621,127,12,72,2024-05-21,4.71,True
12622,127,2,13,2025-11-06,0.84,True
12623,127,15,,2025-10-30,4.94,True
12624,127,24,144,2026-04-13,3.43,True
12625,127,18,,2024-12-24,6.42,False
12626,127,27,163,2023-09-21,2.93,False
12627,127,23,138,2025-09-19,7.45,True
12628,127,15,87,2024-07-03,2.39,True
12629,127,28,170,2023-08-25,3.13,True
12630,127,14,84,2024-11-20,4.68,True
12631,127,20,,2024-09-05,3.33,True
12632,127,22,136,2026-06-03,7.4,True
12633,127,30,175,2024-02-07,4.09,False
12634,127,16,92,2024-01-31,7.54,False
12635,127,14,86,2025-12-05,0.74,True
12636,127,20,125,2024-06-07,3.16,True
12637,127,16,92,2024-06-21,7.85,True
12638,127,29,172,2025-07-29,3.46,True
12639,127,28,167,2025-03-04,5.48,True
12640,127,1,6,2025-04-24,5.58,True
12641,127,15,87,2025-01-23,1.23,True
12642,127,9,54,2024-12-24,7.8,True
12643,127,14,85,2024-04-25,4.75,False
12644,127,7,,2026-03-16,2.37,False
12645,127,16,95,2025-04-23,6.39,False
12646,127,21,,2026-03-05,2.43,True
12647,127,15,88,2026-04-03,7.12,True
12648,127,13,78,2023-10-24,2.68,True
12649,127,13,74,2024-02-05,7.85,False
12650,127,3,17,2023-10-23,1.88,True
12651,127,5,30,2024-09-06,5.67,True
12652,127,5,31,2025-07-01,4.1,True
12653,127,14,83,2025-04-09,2.72,True
12654,127,11,64,2024-04-12,4.77,True
12655,127,18,104,2025-03-04,3.12,True
12656,127,28,168,2023-12-07,1.55,False
12657,127,24,147,2023-10-17,5.66,True
12658,128,10,59,2024-05-20,5.93,True
12659,128,29,,2026-04-08,6.87,True
12660,128,19,111,2026-01-26,4.09,True
12661,128,7,43,2025-11-06,3.24,True
12662,128,5,35,2023-08-28,1.41,True
12663,128,11,68,2024-10-16,2.2,True
12664,128,20,,2026-03-20,2.31,True
12665,128,23,143,2023-12-19,5.86,True
12666,128,22,137,2024-10-11,5.69,True
12667,128,28,168,2024-02-20,5.22,False
12668,128,10,58,2025-06-04,7.34,True
12669,128,19,116,2024-10-01,5.89,True
12670,128,3,,2024-05-31,7.24,True
12671,128,22,135,2025-12-15,5.69,True
12672,128,10,59,2026-06-30,5.08,False
12673,128,21,128,2026-02-10,3.97,False
12674,128,1,3,2025-07-04,7.2,False
12675,128,18,107,2025-01-15,0.52,True
12676,128,5,34,2025-04-23,2.62,False
12677,128,16,92,2026-06-23,5.93,True
12678,128,19,117,2026-06-04,4.75,True
12679,128,4,22,2024-01-22,5.85,True
12680,128,20,124,2024-05-30,6.83,True
12681,128,22,137,2025-06-10,6.7,False
12682,128,20,124,2024-03-25,2.89,True
12683,128,7,,2026-06-18,0.54,False
12684,128,2,9,2023-08-21,6.28,True
12685,128,1,1,2023-10-17,2.18,True
12686,128,2,10,2025-03-13,6.56,True
12687,128,10,,2025-08-28,2.32,True
12688,128,28,168,2025-07-15,2.86,True
12689,128,10,,2024-02-16,7.56,True
12690,128,17,100,2023-07-18,1.32,True
12691,128,14,83,2026-04-23,4.35,True
12692,128,9,50,2024-10-17,6.06,True
12693,128,5,34,2024-06-11,5.6,True
12694,128,25,151,2024-01-04,1.89,True
12695,128,27,162,2024-11-05,4.96,False
12696,128,5,29,2024-01-18,6.6,True
12697,128,13,80,2025-07-18,1.73,True
12698,128,27,164,2023-09-27,4.49,False
12699,128,29,174,2023-12-22,6.57,True
12700,128,5,31,2023-12-11,4.94,True
12701,128,17,102,2025-01-24,4.83,True
12702,128,3,16,2026-03-17,7.96,True
12703,128,1,3,2024-02-19,7.49,True
12704,128,15,,2026-01-08,2.74,True
12705,128,21,130,2026-02-23,5.21,True
12706,128,18,104,2025-01-31,3.22,True
12707,128,14,83,2024-05-23,0.62,True
12708,128,5,31,2024-07-16,7.64,True
12709,128,5,29,2025-02-13,1.65,True
12710,128,6,41,2024-01-01,1.91,False
12711,128,16,91,2026-03-09,4.21,True
12712,128,9,52,2025-09-24,7.2,True
12713,128,15,89,2025-04-17,6.47,True
12714,128,11,,2026-03-25,3.31,True
12715,128,5,36,2024-06-07,2.55,True
12716,128,25,155,2026-02-16,3.63,False
12717,128,25,154,2025-11-18,2.42,True
12718,128,9,51,2026-01-13,0.57,False
12719,128,21,131,2025-07-18,0.99,True
12720,128,16,94,2026-05-20,6.78,True
12721,128,5,34,2026-04-21,7.66,True
12722,128,13,73,2023-12-22,1.13,True
12723,128,13,75,2025-08-04,1.91,True
12724,128,7,,2026-01-12,0.96,True
12725,128,22,137,2025-12-30,4.45,False
12726,128,8,46,2024-10-15,1.24,True
12727,128,30,178,2024-12-04,7.25,True
12728,128,27,163,2023-09-14,2.91,False
12729,128,7,42,2026-03-16,6.44,True
12730,128,29,172,2024-02-16,0.77,True
12731,128,17,99,2025-02-27,0.97,True
12732,128,24,150,2024-09-06,6.62,True
12733,128,2,9,2025-08-28,6.19,True
12734,128,10,58,2024-02-19,0.57,False
12735,128,13,74,2025-01-31,1.89,True
12736,128,18,105,2024-12-09,5.88,False
12737,128,19,112,2025-08-06,2.3,True
12738,128,1,3,2024-07-11,7.94,True
12739,128,23,140,2025-01-02,6.04,True
12740,128,29,,2023-07-05,5.17,False
12741,128,17,98,2023-09-14,2.84,True
12742,128,23,,2023-07-12,3.41,True
12743,128,2,8,2025-01-02,7.29,True
12744,128,15,88,2025-01-31,3.68,True
12745,128,24,149,2025-03-31,5.14,True
12746,128,8,47,2024-01-01,5.16,True
12747,128,13,,2024-06-04,3.27,True
12748,128,15,89,2024-02-26,6.75,True
12749,128,20,122,2023-09-06,4.45,True
12750,128,26,158,2023-07-11,5.28,True
12751,128,3,18,2025-11-18,7.3,True
12752,128,13,77,2025-04-09,3.37,True
12753,128,22,134,2024-10-23,2.64,True
12754,128,23,,2025-08-21,7.06,True
12755,128,23,,2024-08-30,7.19,True
12756,128,4,24,2026-06-19,6.31,True
12757,128,20,120,2025-09-25,6.16,True
12758,128,19,113,2024-06-18,2.03,True
12759,128,4,,2024-06-28,7.32,True
12760,128,9,52,2024-12-16,2.53,True
12761,128,28,167,2023-12-29,6.84,False
12762,128,24,145,2025-04-15,4.9,False
12763,128,14,,2024-09-06,5.08,True
12764,128,8,,2024-09-16,6.41,False
12765,128,7,43,2026-03-24,7.54,True
12766,129,15,90,2026-05-29,1.35,False
12767,129,27,160,2026-05-06,0.95,True
12768,129,26,159,2026-06-01,7.03,True
12769,129,13,74,2026-05-06,6.85,False
12770,129,3,,2026-06-03,2.55,True
12771,129,26,157,2026-05-22,3.85,True
12772,129,2,,2026-05-06,6.12,True
12773,129,19,118,2026-05-08,3.42,True
12774,129,9,52,2026-05-13,4.85,False
12775,129,21,132,2026-06-29,3.0,True
12776,129,18,,2026-06-05,5.26,True
12777,129,2,13,2026-06-01,4.77,True
12778,129,4,24,2026-05-28,1.05,True
12779,129,16,93,2026-05-22,6.32,True
12780,129,15,89,2026-05-27,6.99,True
12781,129,17,98,2026-05-07,3.3,True
12782,129,17,99,2026-05-28,5.3,True
12783,129,30,179,2026-05-14,7.16,True
12784,129,10,55,2026-06-05,4.07,False
12785,129,3,18,2026-05-19,7.66,True
12786,129,20,125,2026-06-16,3.81,True
12787,129,28,169,2026-06-30,3.12,True
12788,129,16,93,2026-06-26,2.5,True
12789,129,3,20,2026-06-25,3.63,True
12790,129,16,91,2026-05-26,5.23,True
12791,129,3,18,2026-06-05,7.85,False
12792,129,6,38,2026-06-02,1.32,True
12793,129,10,60,2026-06-24,0.9,True
12794,129,16,94,2026-05-15,4.84,True
12795,129,24,146,2026-05-14,4.98,True
12796,129,15,89,2026-06-26,1.65,True
12797,129,17,102,2026-06-26,0.69,True
12798,129,28,170,2026-06-22,1.29,False
12799,129,7,,2026-05-12,3.78,False
12800,129,7,44,2026-05-15,4.03,True
12801,129,26,158,2026-06-19,4.43,True
12802,129,16,93,2026-06-25,7.99,True
12803,129,17,97,2026-06-17,7.07,True
12804,129,19,116,2026-05-29,1.9,True
12805,129,8,47,2026-06-08,5.91,True
12806,129,17,97,2026-05-20,6.79,True
12807,129,3,17,2026-05-15,5.17,True
12808,129,10,56,2026-05-12,5.11,True
12809,129,7,42,2026-05-29,3.64,True
12810,129,3,17,2026-05-08,3.38,True
12811,129,19,114,2026-06-29,7.86,True
12812,129,28,166,2026-05-26,1.45,True
12813,129,6,39,2026-05-11,6.5,True
12814,129,30,176,2026-06-04,4.1,True
12815,129,24,150,2026-06-11,6.6,False
12816,129,9,52,2026-06-19,6.43,True
12817,129,11,64,2026-05-25,6.67,True
12818,129,25,155,2026-06-01,5.44,True
12819,129,15,88,2026-06-08,1.43,True
12820,129,30,177,2026-05-26,4.57,True
12821,129,10,56,2026-05-11,3.74,True
12822,129,2,12,2026-06-19,5.43,True
12823,129,22,,2026-06-01,1.78,True
12824,129,3,16,2026-06-25,6.09,False
12825,129,20,120,2026-05-26,7.19,False
12826,129,11,64,2026-06-12,3.86,True
12827,129,19,114,2026-06-10,2.41,True
12828,129,12,72,2026-06-25,5.2,True
12829,129,21,129,2026-06-10,7.65,True
12830,129,14,84,2026-05-28,6.7,True
12831,129,24,144,2026-05-13,7.38,True
12832,129,24,150,2026-05-13,6.78,True
12833,129,21,132,2026-05-29,6.02,True
12834,129,9,54,2026-06-05,0.93,False
12835,129,18,105,2026-06-08,5.29,True
12836,129,4,,2026-06-02,4.01,True
12837,129,9,52,2026-06-17,2.56,True
12838,129,2,10,2026-06-29,0.94,True
12839,129,30,,2026-06-03,2.05,False
12840,129,27,163,2026-05-26,7.13,True
12841,129,21,126,2026-05-28,6.31,True
12842,129,17,,2026-06-18,2.17,True
12843,129,1,2,2026-05-15,2.7,True
12844,129,28,166,2026-06-05,7.94,True
12845,129,2,13,2026-06-16,2.55,True
12846,129,8,47,2026-06-23,4.38,True
12847,129,25,154,2026-06-23,7.98,True
12848,129,11,62,2026-06-08,5.09,False
12849,129,30,177,2026-06-01,6.1,True
12850,129,29,174,2026-06-12,0.9,True
12851,129,25,152,2026-05-28,4.39,True
12852,129,9,50,2026-05-14,2.86,True
12853,129,2,12,2026-05-25,7.86,True
12854,129,26,158,2026-05-06,1.37,True
12855,129,10,57,2026-05-07,1.94,True
12856,129,9,51,2026-05-26,7.31,True
12857,129,2,9,2026-05-18,2.94,True
12858,129,6,40,2026-06-25,5.47,True
12859,129,18,106,2026-06-10,5.43,True
12860,129,11,68,2026-06-09,6.82,True
12861,129,13,77,2026-05-18,0.73,True
12862,129,17,97,2026-05-15,4.07,False
12863,129,15,88,2026-06-30,3.42,False
12864,129,4,22,2026-06-03,3.94,False
12865,129,11,66,2026-06-10,6.03,False
12866,129,4,25,2026-06-19,6.13,True
12867,129,3,16,2026-05-28,7.05,True
12868,129,19,118,2026-05-12,5.27,True
12869,129,21,,2026-05-15,5.33,True
12870,130,23,142,2024-10-09,6.73,True
12871,130,17,98,2024-02-29,6.88,True
12872,130,24,150,2024-10-16,1.7,False
12873,130,28,170,2024-08-30,7.75,True
12874,130,6,39,2024-01-31,7.31,False
12875,130,2,10,2024-03-19,6.91,True
12876,130,11,66,2024-07-10,5.3,True
12877,130,12,72,2024-02-08,1.03,True
12878,130,4,,2024-10-08,0.9,True
12879,130,9,50,2026-06-30,5.28,True
12880,130,2,11,2026-05-11,5.78,True
12881,130,29,173,2023-09-12,2.99,True
12882,130,18,107,2024-12-25,2.87,True
12883,130,29,174,2024-01-18,5.41,True
12884,130,18,107,2024-09-23,3.28,False
12885,130,25,151,2025-03-04,4.65,False
12886,130,26,,2024-01-17,0.88,True
12887,130,13,76,2024-08-29,1.56,False
12888,130,3,17,2023-08-11,0.57,True
12889,130,20,,2025-02-20,3.84,False
12890,130,24,148,2023-09-12,0.68,True
12891,130,29,174,2026-02-27,2.48,True
12892,130,3,19,2024-05-17,5.9,False
12893,130,23,142,2025-02-24,3.52,True
12894,130,20,123,2026-01-30,4.34,True
12895,130,9,53,2025-12-03,6.21,True
12896,130,14,,2023-12-12,5.03,True
12897,130,22,137,2023-11-10,5.01,True
12898,130,30,179,2024-12-19,6.39,False
12899,130,14,82,2025-03-14,5.25,True
12900,130,5,31,2024-08-14,2.6,True
12901,130,12,70,2025-07-29,3.38,False
12902,130,1,2,2025-02-04,5.92,True
12903,130,4,25,2026-01-14,5.16,True
12904,130,23,138,2024-05-31,7.96,True
12905,130,17,98,2024-01-17,7.6,True
12906,130,7,42,2024-02-28,6.85,False
12907,130,27,160,2026-06-08,2.29,True
12908,130,17,101,2024-09-06,5.2,False
12909,130,4,27,2023-12-28,4.76,True
12910,130,4,22,2024-01-09,1.22,True
12911,130,20,124,2026-04-24,4.79,True
12912,130,11,67,2026-04-28,7.1,True
12913,130,8,46,2025-10-01,1.07,False
12914,130,18,106,2025-07-31,4.57,True
12915,130,21,131,2024-08-15,1.41,True
12916,130,25,,2025-08-05,5.15,False
12917,130,26,159,2025-02-17,7.28,False
12918,130,10,61,2025-03-14,5.97,False
12919,130,2,12,2023-12-08,2.0,True
12920,130,19,118,2024-06-04,7.87,True
12921,130,28,167,2023-11-16,3.04,True
12922,130,12,70,2024-10-02,3.36,False
12923,130,8,45,2025-08-25,6.51,True
12924,130,24,145,2025-11-27,3.8,True
12925,130,3,17,2026-01-07,4.8,False
12926,130,26,157,2026-05-04,5.13,True
12927,130,13,73,2025-01-07,3.59,False
12928,130,14,81,2024-12-09,2.55,True
12929,130,15,90,2026-04-16,7.47,True
12930,130,13,,2026-03-26,6.43,True
12931,130,25,151,2024-06-21,7.75,True
12932,130,28,166,2023-09-13,0.61,True
12933,130,6,39,2024-09-16,2.1,True
12934,130,11,66,2026-01-02,0.59,True
12935,130,11,67,2025-11-17,3.97,True
12936,130,28,168,2025-12-08,4.35,False
12937,130,12,72,2025-03-07,3.03,True
12938,130,25,153,2023-10-06,7.18,False
12939,130,15,88,2024-06-03,6.93,False
12940,130,12,71,2026-02-19,3.85,False
12941,130,17,101,2025-12-25,1.63,True
12942,130,28,167,2026-03-11,2.77,True
12943,130,13,77,2023-09-13,3.22,True
12944,130,19,112,2024-09-12,2.79,True
12945,130,16,96,2026-03-23,3.96,True
12946,130,2,11,2026-06-17,0.88,True
12947,130,9,50,2024-07-09,7.64,True
12948,130,1,2,2024-10-10,7.25,False
12949,130,20,119,2025-11-11,7.64,True
12950,130,14,85,2024-08-09,6.21,True
12951,130,11,66,2025-02-20,3.27,True
12952,130,12,71,2024-12-31,1.79,True
12953,130,15,89,2024-10-23,4.77,True
12954,130,4,27,2026-02-23,4.43,True
12955,130,4,26,2023-08-28,2.33,False
12956,130,17,99,2024-09-06,1.97,True
12957,130,14,86,2024-07-04,7.59,True
12958,130,11,67,2026-01-01,4.53,True
12959,130,10,59,2025-06-23,0.56,False
12960,130,17,97,2023-09-18,2.84,True
12961,130,14,83,2024-04-24,4.28,True
12962,130,24,149,2023-12-11,2.94,True
12963,130,12,,2025-11-25,3.24,False
12964,130,17,102,2025-12-16,2.34,False
12965,130,25,152,2024-06-07,3.4,True
12966,130,22,135,2024-09-03,6.68,False
12967,130,8,45,2023-08-14,3.03,True
12968,130,3,19,2025-05-26,6.07,True
12969,130,3,18,2026-05-06,2.78,False
12970,130,23,140,2024-08-12,2.99,True
12971,130,25,152,2026-04-22,0.7,False
12972,130,9,51,2023-07-17,3.05,False
12973,130,7,42,2023-08-31,4.95,True
12974,130,3,19,2025-07-24,6.59,True
12975,131,11,67,2026-03-25,2.52,True
12976,131,14,84,2026-05-13,0.69,True
12977,131,3,19,2025-12-16,1.98,True
12978,131,24,149,2025-06-11,4.9,True
12979,131,4,28,2025-11-25,3.24,False
12980,131,19,115,2025-04-14,1.92,True
12981,131,25,154,2025-04-24,0.88,True
12982,131,21,131,2025-04-30,6.24,True
12983,131,27,162,2026-01-09,7.77,True
12984,131,21,130,2025-04-21,4.0,False
12985,131,15,89,2025-04-16,3.31,False
12986,131,2,11,2026-01-22,4.44,True
12987,131,16,95,2025-09-19,2.83,False
12988,131,9,,2025-08-15,3.25,False
12989,131,17,101,2025-06-04,7.09,True
12990,131,22,,2026-01-08,4.97,False
12991,131,3,20,2025-02-12,1.64,False
12992,131,11,,2026-01-09,1.85,True
12993,131,4,26,2025-03-25,5.28,True
12994,131,9,50,2025-05-09,1.1,True
12995,131,2,8,2026-02-12,7.38,False
12996,131,17,98,2025-07-31,2.79,False
12997,131,14,81,2025-12-24,6.32,False
12998,131,4,27,2026-04-20,5.28,True
12999,131,15,89,2025-10-21,4.37,True
13000,131,1,1,2025-08-22,7.98,True
13001,131,26,158,2025-12-19,4.66,True
13002,131,27,162,2026-05-14,2.56,False
13003,131,23,,2025-08-29,2.64,True
13004,131,3,20,2025-11-06,6.77,True
13005,131,27,165,2026-05-21,5.59,False
13006,131,13,80,2026-01-13,0.7,True
13007,131,24,,2026-04-27,4.43,True
13008,131,19,114,2025-07-16,1.72,True
13009,131,28,169,2025-07-03,1.27,False
13010,131,22,134,2026-04-08,3.78,True
13011,131,7,43,2025-04-17,7.46,True
13012,131,1,5,2025-12-19,6.92,True
13013,131,11,66,2025-01-27,1.4,True
13014,131,17,98,2025-03-13,3.26,True
13015,131,27,164,2026-06-12,4.0,True
13016,131,29,172,2025-06-18,5.54,False
13017,131,9,51,2025-02-10,7.74,True
13018,131,10,59,2025-12-31,2.72,True
13019,131,12,70,2026-05-29,3.02,False
13020,131,17,99,2025-05-05,6.27,True
13021,131,11,63,2025-01-06,3.9,False
13022,131,15,87,2026-06-09,6.73,True
13023,131,12,71,2025-10-31,5.31,True
13024,131,28,168,2025-10-13,6.07,True
13025,131,6,37,2026-04-29,0.67,True
13026,131,30,176,2026-02-27,0.81,True
13027,131,18,106,2026-06-04,6.89,True
13028,131,15,88,2025-10-10,6.1,True
13029,131,3,18,2025-09-30,1.21,True
13030,131,25,155,2026-02-11,2.38,False
13031,131,28,170,2026-04-09,7.63,True
13032,131,14,85,2026-01-07,2.92,True
13033,131,21,126,2026-04-29,2.32,True
13034,131,3,17,2025-09-24,4.46,True
13035,131,26,156,2025-10-23,4.71,True
13036,131,8,45,2024-12-18,4.86,True
13037,131,15,,2025-01-09,1.83,True
13038,131,2,9,2025-08-01,6.63,False
13039,131,16,95,2025-04-11,1.15,True
13040,131,4,24,2026-04-03,4.16,False
13041,131,26,159,2026-05-08,1.03,False
13042,131,20,121,2025-11-25,3.55,True
13043,131,24,147,2025-02-06,4.52,True
13044,131,27,,2026-06-25,4.21,True
13045,131,22,137,2026-01-05,1.64,True
13046,131,26,157,2026-03-11,4.24,True
13047,131,19,115,2025-01-21,6.18,True
13048,131,7,43,2024-12-20,6.49,True
13049,131,12,70,2026-05-22,0.65,True
13050,131,26,159,2025-02-19,2.67,True
13051,131,9,54,2025-09-10,6.78,True
13052,131,4,26,2025-12-23,4.87,False
13053,131,16,91,2026-06-10,7.5,True
13054,131,15,90,2025-07-23,1.81,True
13055,131,6,38,2026-02-18,3.15,False
13056,131,25,153,2025-09-03,2.43,True
13057,131,2,12,2025-09-08,1.86,True
13058,131,22,136,2026-04-06,5.53,True
13059,131,23,142,2025-11-17,7.47,True
13060,131,12,72,2026-04-10,5.88,True
13061,131,23,140,2025-06-02,5.37,True
13062,131,18,109,2025-08-14,2.99,True
13063,131,17,97,2025-06-26,7.16,False
13064,131,1,6,2025-04-30,5.03,True
13065,131,19,,2025-01-08,2.03,False
13066,131,24,145,2025-01-10,7.63,True
13067,131,28,166,2025-12-09,4.23,True
13068,131,5,36,2025-09-05,6.73,False
13069,131,3,,2026-02-24,2.59,True
13070,131,30,178,2024-12-31,3.75,True
13071,131,5,,2025-04-30,1.64,False
13072,131,6,39,2026-06-19,4.44,False
13073,131,16,91,2025-04-11,4.68,True
13074,131,17,98,2025-01-03,5.7,True
13075,131,29,172,2025-11-14,3.42,True
13076,131,24,148,2025-06-04,1.92,True
13077,131,4,27,2026-03-30,4.14,True
13078,131,30,176,2025-02-25,2.17,True
13079,131,23,138,2026-04-22,6.45,True
13080,131,27,164,2025-08-27,3.0,True
13081,131,25,154,2025-02-19,4.04,True
13082,131,25,,2025-09-15,4.29,True
13083,131,4,27,2025-03-03,5.58,True
13084,131,20,124,2025-06-24,7.51,True
13085,131,6,38,2025-06-30,6.98,True
13086,131,12,72,2026-06-11,6.22,True
13087,131,5,29,2025-10-10,1.35,False
13088,131,3,,2026-01-30,4.28,True
13089,131,6,37,2025-06-13,2.96,True
13090,131,6,39,2025-08-22,2.75,True
13091,131,22,136,2026-05-04,1.18,False
13092,131,10,59,2025-01-17,4.31,True
13093,133,19,118,2026-06-11,2.01,True
13094,133,8,,2026-06-15,3.67,True
13095,133,11,64,2026-05-25,3.64,False
13096,133,2,13,2026-04-27,1.87,False
13097,133,18,,2026-05-29,3.71,False
13098,133,7,43,2026-05-25,4.06,False
13099,133,20,119,2026-06-19,3.66,True
13100,133,18,107,2026-06-19,6.36,True
13101,133,14,82,2026-06-11,1.7,True
13102,133,29,,2026-05-08,4.78,True
13103,133,8,48,2026-05-26,4.14,True
13104,133,26,157,2026-05-19,3.28,True
13105,133,3,20,2026-05-18,1.68,True
13106,133,4,27,2026-06-25,6.79,True
13107,133,30,,2026-05-11,0.59,False
13108,133,24,150,2026-04-30,7.76,True
13109,133,1,7,2026-05-27,5.43,False
13110,133,27,164,2026-05-28,2.34,True
13111,133,24,144,2026-06-16,3.76,True
13112,133,24,146,2026-04-27,5.29,True
13113,133,26,158,2026-06-30,1.94,False
13114,133,20,120,2026-06-15,6.64,False
13115,133,21,126,2026-06-26,6.53,True
13116,133,25,153,2026-05-27,5.92,True
13117,133,30,175,2026-06-17,6.19,True
13118,133,5,33,2026-05-25,1.81,False
13119,133,20,121,2026-06-25,5.97,False
13120,133,22,137,2026-06-26,4.8,False
13121,133,18,103,2026-05-22,3.25,True
13122,133,3,19,2026-04-30,4.18,False
13123,133,26,156,2026-06-19,3.73,True
13124,133,14,81,2026-05-27,1.34,False
13125,133,4,28,2026-05-21,1.29,False
13126,133,7,,2026-06-15,1.36,True
13127,133,12,,2026-04-29,2.35,True
13128,133,17,98,2026-06-30,5.8,True
13129,133,21,129,2026-05-14,6.68,True
13130,133,21,126,2026-06-16,2.86,True
13131,133,6,41,2026-05-04,4.98,True
13132,133,8,45,2026-05-14,2.68,True
13133,133,4,24,2026-05-27,3.48,True
13134,133,9,52,2026-04-28,5.3,False
13135,133,6,37,2026-06-10,2.31,False
13136,133,15,88,2026-06-03,5.98,True
13137,133,25,153,2026-06-25,6.59,True
13138,133,29,172,2026-05-26,1.97,True
13139,133,5,32,2026-06-05,6.89,True
13140,133,5,34,2026-06-04,6.77,True
13141,133,4,24,2026-05-13,1.68,True
13142,133,4,,2026-06-02,5.62,True
13143,133,28,168,2026-06-30,6.22,True
13144,133,13,76,2026-05-14,6.49,True
13145,133,14,81,2026-06-29,5.11,True
13146,133,27,163,2026-05-21,3.14,True
13147,133,1,2,2026-05-08,5.3,True
13148,133,2,9,2026-06-01,0.92,True
13149,133,23,142,2026-05-15,1.19,True
13150,133,15,87,2026-05-07,6.42,False
13151,133,10,,2026-05-15,6.29,False
13152,133,24,,2026-05-28,1.8,True
13153,133,23,142,2026-06-19,1.96,True
13154,133,1,6,2026-05-19,3.76,True
13155,133,15,87,2026-06-23,1.93,True
13156,133,11,63,2026-04-27,1.38,True
13157,133,28,166,2026-05-06,6.71,False
13158,133,12,72,2026-06-16,2.83,False
13159,133,13,79,2026-05-08,1.96,False
13160,133,3,,2026-06-26,7.72,False
13161,133,21,130,2026-06-23,2.2,True
13162,133,8,49,2026-05-29,0.76,True
13163,133,24,149,2026-06-05,7.64,True
13164,133,25,151,2026-06-30,1.25,False
13165,133,3,19,2026-06-05,0.55,False
13166,133,24,150,2026-05-07,2.96,False
13167,133,21,133,2026-06-16,4.43,True
13168,133,13,76,2026-06-02,4.6,False
13169,133,21,129,2026-04-29,1.04,False
13170,133,8,49,2026-06-12,2.54,True
13171,133,27,160,2026-05-26,3.3,False
13172,133,28,167,2026-05-21,4.82,True
13173,133,28,169,2026-05-19,4.35,True
13174,133,11,66,2026-05-28,1.87,False
13175,133,8,45,2026-05-07,2.06,True
13176,133,16,92,2026-05-11,7.63,True
13177,133,30,179,2026-06-26,0.88,False
13178,133,12,70,2026-04-29,2.96,True
13179,133,22,136,2026-06-05,2.78,True
13180,133,14,86,2026-04-27,4.29,True
13181,133,17,98,2026-05-11,3.17,True
13182,133,6,40,2026-06-26,6.33,True
13183,133,26,156,2026-06-08,5.03,True
13184,133,21,133,2026-05-13,4.25,True
13185,133,26,159,2026-05-21,3.1,False
13186,133,18,105,2026-06-19,4.3,False
13187,133,18,108,2026-05-06,3.16,True
13188,133,19,118,2026-05-05,3.57,True
13189,133,25,152,2026-05-20,1.37,True
13190,133,9,51,2026-06-09,2.78,True
13191,133,7,42,2026-06-19,7.32,False
13192,133,17,101,2026-05-18,0.92,False
13193,133,20,121,2026-06-22,2.69,False
13194,133,10,59,2026-06-08,5.6,True
13195,133,16,96,2026-06-03,1.03,True
13196,133,17,,2026-05-28,3.63,True
13197,133,3,,2026-06-22,6.54,True
13198,133,23,140,2026-05-22,6.68,True
13199,133,3,20,2026-06-29,3.67,True
13200,133,16,96,2026-06-03,6.13,True
13201,134,4,21,2025-08-04,5.86,True
13202,134,29,172,2025-07-11,5.75,True
13203,134,12,71,2024-04-12,3.33,True
13204,134,14,84,2024-04-03,6.02,False
13205,134,27,163,2025-01-02,3.33,True
13206,134,20,123,2024-03-19,2.38,True
13207,134,17,97,2024-09-02,6.13,True
13208,134,5,,2024-06-14,0.93,True
13209,134,18,106,2026-02-20,1.34,True
13210,134,8,,2025-04-16,2.21,True
13211,134,2,12,2023-09-07,6.0,True
13212,134,7,43,2024-09-25,1.03,True
13213,134,26,156,2025-03-18,7.1,True
13214,134,6,37,2023-12-26,2.33,True
13215,134,2,14,2024-11-06,4.08,False
13216,134,4,27,2026-04-14,5.95,True
13217,134,15,87,2025-01-17,6.29,False
13218,134,6,41,2024-11-06,1.16,True
13219,134,9,50,2023-07-25,5.44,True
13220,134,21,131,2024-10-02,7.86,False
13221,134,19,118,2025-08-29,7.02,True
13222,134,7,,2024-03-19,1.17,True
13223,134,1,2,2024-06-14,2.62,True
13224,134,15,88,2024-03-19,7.51,True
13225,134,26,158,2026-06-15,2.47,True
13226,134,1,7,2025-07-21,0.53,True
13227,134,17,100,2024-09-17,3.14,True
13228,134,28,171,2026-05-21,3.68,True
13229,134,26,159,2023-11-08,3.83,True
13230,134,24,144,2023-08-11,3.89,True
13231,134,26,157,2025-04-07,1.3,True
13232,134,24,150,2023-07-11,1.29,True
13233,134,16,94,2025-07-24,4.48,True
13234,134,13,76,2025-05-29,1.89,True
13235,134,19,117,2025-01-14,6.13,False
13236,134,28,,2023-12-25,5.0,False
13237,134,29,172,2025-10-14,2.6,True
13238,134,2,,2024-05-14,2.58,True
13239,134,19,117,2025-08-15,4.3,True
13240,134,3,,2025-03-13,3.92,True
13241,134,26,158,2026-05-21,3.83,True
13242,134,13,75,2025-12-04,5.53,True
13243,134,16,91,2025-07-24,1.14,True
13244,134,28,168,2025-05-21,5.07,False
13245,134,6,39,2026-03-26,5.95,True
13246,134,12,72,2025-10-28,7.88,True
13247,134,26,157,2024-02-16,7.14,True
13248,134,28,167,2025-08-04,3.37,True
13249,134,26,157,2024-01-29,4.26,True
13250,134,29,173,2023-08-14,7.19,True
13251,134,12,71,2025-03-31,6.93,True
13252,134,9,52,2024-07-05,2.79,True
13253,134,3,19,2025-04-22,6.3,True
13254,134,7,43,2024-02-13,2.76,True
13255,134,10,55,2025-07-18,3.96,True
13256,134,25,154,2024-12-24,3.95,False
13257,134,24,,2025-09-30,1.04,True
13258,134,29,173,2024-12-13,5.31,False
13259,134,9,54,2025-09-02,1.04,True
13260,134,6,40,2024-03-05,2.42,True
13261,134,8,48,2023-12-14,6.82,False
13262,134,6,37,2023-07-06,1.19,True
13263,134,5,34,2025-07-03,5.86,False
13264,134,28,169,2024-06-24,3.54,False
13265,134,30,175,2024-04-19,7.07,True
13266,134,26,156,2025-03-27,0.76,True
13267,134,24,147,2024-08-19,0.97,True
13268,134,29,173,2026-01-08,1.22,False
13269,134,9,53,2025-10-22,6.27,True
13270,134,21,,2023-07-05,7.68,False
13271,134,13,73,2023-08-10,0.72,True
13272,134,30,175,2024-07-26,2.68,True
13273,134,6,39,2023-12-27,0.94,True
13274,134,24,,2024-09-05,7.83,True
13275,134,10,57,2025-09-23,1.77,True
13276,134,11,67,2025-02-21,7.35,True
13277,134,11,65,2024-01-31,4.83,False
13278,134,2,15,2023-10-30,3.55,True
13279,134,9,50,2024-10-30,6.9,False
13280,134,22,136,2024-07-15,6.34,True
13281,134,11,,2024-02-28,6.04,True
13282,134,27,160,2026-04-16,5.42,True
13283,134,4,27,2025-07-16,1.73,True
13284,134,13,76,2024-02-22,3.98,True
13285,134,2,10,2026-04-30,3.49,True
13286,134,16,96,2025-08-26,1.11,False
13287,134,28,166,2025-04-30,6.49,True
13288,134,5,32,2025-11-20,5.1,False
13289,134,20,119,2023-11-28,3.35,True
13290,134,27,164,2025-12-17,5.71,False
13291,134,19,112,2024-12-23,3.36,True
13292,134,1,1,2024-09-18,4.2,False
13293,134,4,24,2024-04-29,6.89,True
13294,134,12,72,2025-10-20,4.28,True
13295,134,26,159,2023-07-25,1.71,True
13296,134,13,77,2025-06-27,0.85,True
13297,134,15,88,2024-11-05,6.62,True
13298,134,24,148,2023-10-04,4.08,True
13299,134,22,137,2024-10-08,1.2,True
13300,134,3,16,2025-09-05,4.34,True
13301,134,30,176,2025-03-10,2.21,True
13302,134,17,101,2026-02-12,5.35,True
13303,134,30,176,2024-02-15,5.07,True
13304,134,28,167,2025-09-11,4.6,True
13305,134,16,95,2026-05-15,6.22,True
13306,134,25,154,2024-02-07,4.38,False
13307,134,1,7,2025-12-23,6.93,True
13308,134,18,104,2024-08-06,7.69,False
13309,134,20,,2026-02-05,1.35,True
13310,134,30,177,2024-11-01,2.91,False
13311,134,10,60,2024-06-24,6.01,False
13312,134,15,88,2025-03-31,3.17,True
13313,135,13,79,2025-09-02,6.96,False
13314,135,20,122,2025-09-17,3.31,True
13315,135,24,146,2024-04-08,3.14,True
13316,135,25,151,2025-11-18,5.4,False
13317,135,15,,2025-01-06,5.28,False
13318,135,22,136,2025-07-24,1.14,True
13319,135,24,145,2025-12-15,7.83,True
13320,135,4,,2025-10-14,4.68,True
13321,135,23,143,2026-02-02,2.54,True
13322,135,6,40,2026-06-29,7.83,True
13323,135,29,172,2025-02-24,4.19,True
13324,135,17,101,2024-06-19,5.36,True
13325,135,8,48,2025-01-08,3.31,True
13326,135,22,135,2024-05-15,3.46,True
13327,135,28,170,2025-10-15,3.05,True
13328,135,25,152,2024-12-12,1.51,True
13329,135,21,127,2026-04-07,0.76,True
13330,135,2,15,2025-03-07,2.31,False
13331,135,28,,2026-06-19,2.63,True
13332,135,8,48,2026-06-08,2.56,True
13333,135,27,163,2025-09-11,6.44,True
13334,135,12,72,2026-04-21,4.9,False
13335,135,25,154,2026-03-25,3.86,True
13336,135,5,35,2024-04-19,2.3,True
13337,135,2,15,2025-03-19,3.09,True
13338,135,5,34,2024-05-16,5.55,False
13339,135,15,,2025-09-19,4.63,False
13340,135,3,19,2024-11-07,1.23,True
13341,135,23,142,2026-03-20,7.3,True
13342,135,25,154,2026-04-03,4.45,True
13343,135,27,160,2024-12-03,7.73,True
13344,135,14,85,2025-06-06,7.04,True
13345,135,11,64,2024-07-17,2.06,True
13346,135,1,3,2025-11-20,2.18,False
13347,135,18,108,2025-05-14,4.14,True
13348,135,6,38,2024-11-22,3.83,True
13349,135,3,19,2025-09-16,0.93,False
13350,135,1,5,2026-05-19,3.96,True
13351,135,7,43,2025-08-19,5.24,True
13352,135,24,147,2024-09-19,6.2,False
13353,135,8,47,2024-09-13,3.44,False
13354,135,11,67,2026-02-25,3.49,True
13355,135,7,44,2024-03-18,3.11,True
13356,135,29,174,2025-04-29,3.58,True
13357,135,12,70,2025-04-16,0.55,False
13358,135,1,7,2025-05-22,5.31,True
13359,135,5,33,2025-09-18,5.74,True
13360,135,4,24,2025-08-19,1.92,True
13361,135,28,167,2025-09-19,7.69,True
13362,135,15,89,2025-05-16,2.96,False
13363,135,11,68,2024-10-30,3.33,True
13364,135,25,153,2024-06-05,3.79,True
13365,135,10,56,2026-04-28,5.38,True
13366,135,13,76,2024-07-24,6.02,False
13367,135,21,132,2024-11-18,1.81,True
13368,135,29,174,2026-01-29,7.32,True
13369,135,4,23,2025-04-10,3.61,True
13370,135,11,,2026-05-18,6.97,True
13371,135,11,63,2026-04-09,6.12,True
13372,135,21,132,2025-12-04,2.1,True
13373,135,26,157,2024-10-02,6.01,True
13374,135,17,100,2024-08-16,4.15,True
13375,135,16,,2025-10-07,1.12,True
13376,135,13,,2025-02-28,2.74,True
13377,135,7,42,2024-05-09,6.29,True
13378,135,24,145,2025-09-03,7.47,True
13379,135,15,88,2024-12-13,4.31,True
13380,135,19,118,2024-06-14,2.84,True
13381,135,1,7,2026-05-12,5.56,False
13382,135,20,119,2024-05-28,3.98,True
13383,135,25,,2024-06-25,7.69,True
13384,135,17,98,2024-10-23,3.36,True
13385,135,5,32,2025-09-26,7.88,True
13386,135,29,172,2025-06-27,3.49,True
13387,135,30,175,2024-06-13,3.59,True
13388,135,15,87,2024-04-24,4.89,False
13389,135,15,89,2026-03-05,2.73,True
13390,135,13,74,2024-09-05,2.51,True
13391,135,8,47,2024-11-29,1.6,True
13392,135,14,85,2025-07-17,4.28,True
13393,135,17,101,2024-09-20,4.81,True
13394,135,14,86,2024-10-11,4.59,False
13395,135,5,36,2025-06-04,4.16,True
13396,135,16,92,2025-10-17,5.75,False
13397,135,28,170,2025-08-08,7.69,True
13398,135,9,53,2024-12-26,1.28,True
13399,135,17,100,2025-04-22,2.29,False
13400,135,14,82,2026-01-19,6.48,True
13401,135,10,57,2025-04-04,3.97,False
13402,135,5,36,2025-03-25,4.67,True
13403,135,2,11,2024-12-27,6.69,True
13404,135,24,,2025-11-27,7.2,True
13405,135,8,47,2025-03-26,2.5,True
13406,135,1,1,2024-08-02,1.77,True
13407,135,5,30,2024-03-18,1.13,False
13408,135,8,49,2025-09-26,0.87,True
13409,135,14,82,2024-09-19,1.38,True
13410,135,6,40,2025-05-30,3.15,True
13411,135,20,124,2025-11-26,4.31,True
13412,135,24,150,2025-04-15,4.5,True
13413,136,4,26,2024-04-08,1.35,False
13414,136,23,141,2025-04-04,5.05,True
13415,136,27,161,2025-07-25,6.04,True
13416,136,24,148,2025-08-05,5.11,False
13417,136,13,80,2026-05-11,0.7,False
13418,136,29,174,2024-01-19,6.4,True
13419,136,5,30,2026-06-12,6.14,True
13420,136,3,18,2023-09-12,3.94,False
13421,136,5,32,2023-11-13,4.43,True
13422,136,29,174,2023-08-21,7.1,False
13423,136,22,137,2024-11-19,4.22,True
13424,136,7,44,2026-04-24,6.71,True
13425,136,28,,2025-09-16,1.04,True
13426,136,28,,2024-05-24,7.31,False
13427,136,10,,2024-03-04,2.37,False
13428,136,23,141,2025-12-12,6.05,True
13429,136,4,22,2024-11-21,3.56,True
13430,136,4,24,2023-08-16,3.75,True
13431,136,22,,2025-02-05,3.82,True
13432,136,6,40,2024-04-26,4.99,True
13433,136,2,15,2026-04-02,7.43,True
13434,136,8,45,2026-04-30,6.68,True
13435,136,29,173,2024-12-30,4.2,True
13436,136,26,159,2024-12-09,6.61,True
13437,136,18,104,2023-12-14,4.12,True
13438,136,29,,2024-05-31,5.61,False
13439,136,11,69,2024-08-29,1.03,True
13440,136,26,157,2025-08-25,2.41,True
13441,136,21,131,2023-10-13,7.71,True
13442,136,26,156,2026-01-08,5.28,True
13443,136,15,89,2024-09-09,5.21,False
13444,136,26,158,2025-08-15,2.8,True
13445,136,29,173,2024-10-15,2.78,True
13446,136,23,139,2023-07-06,3.9,True
13447,136,10,58,2024-08-13,1.3,False
13448,136,8,46,2024-01-08,1.91,True
13449,136,4,28,2025-08-22,1.6,True
13450,136,1,7,2026-01-07,1.71,True
13451,136,15,87,2024-03-15,1.31,True
13452,136,16,91,2025-09-25,0.79,True
13453,136,27,163,2026-03-27,7.61,True
13454,136,26,158,2026-06-05,0.62,False
13455,136,3,16,2026-04-17,4.42,True
13456,136,16,91,2026-03-16,3.45,True
13457,136,4,23,2024-10-11,6.1,True
13458,136,17,100,2024-05-14,7.69,True
13459,136,17,102,2024-06-24,4.05,True
13460,136,9,51,2026-03-19,2.44,True
13461,136,19,112,2025-08-19,6.08,True
13462,136,18,107,2026-04-21,6.91,True
13463,136,14,83,2023-08-11,2.69,True
13464,136,12,70,2023-08-17,4.65,True
13465,136,27,162,2025-11-24,4.77,True
13466,136,13,78,2025-04-29,2.38,False
13467,136,13,76,2024-08-01,2.9,True
13468,136,6,39,2024-07-16,3.36,False
13469,136,23,,2025-04-10,5.32,False
13470,136,30,,2025-10-16,2.88,False
13471,136,29,173,2024-08-27,4.09,True
13472,136,27,160,2023-07-06,7.76,True
13473,136,14,85,2024-12-04,7.67,True
13474,136,6,41,2023-08-23,4.58,False
13475,136,30,175,2025-04-29,1.73,False
13476,136,13,74,2024-12-03,3.02,True
13477,136,30,177,2024-07-04,1.86,True
13478,136,28,170,2025-09-10,4.23,True
13479,136,24,148,2023-10-30,6.31,True
13480,136,28,171,2024-06-17,2.08,True
13481,136,18,104,2024-12-30,5.79,False
13482,136,20,,2025-01-22,4.75,True
13483,136,6,40,2025-01-17,3.25,True
13484,136,30,176,2025-10-15,7.16,True
13485,136,22,,2023-09-28,3.29,True
13486,136,16,93,2025-07-21,0.85,False
13487,136,10,61,2025-10-28,1.79,True
13488,136,21,,2024-03-08,2.23,False
13489,136,20,122,2025-10-15,5.0,True
13490,136,10,58,2025-07-02,7.2,True
13491,136,15,89,2024-10-14,2.54,True
13492,136,15,90,2024-10-08,3.92,True
13493,136,6,40,2024-08-07,2.17,True
13494,136,5,36,2025-12-18,1.57,True
13495,136,3,,2024-11-15,2.94,True
13496,136,26,159,2023-11-15,1.77,True
13497,136,14,84,2024-08-29,7.11,True
13498,136,20,119,2023-07-14,3.7,True
13499,136,6,37,2024-06-27,5.47,True
13500,136,6,41,2023-07-26,7.07,True
13501,136,6,,2025-06-03,4.71,True
13502,136,25,154,2024-10-28,2.23,False
13503,136,7,44,2025-07-18,5.77,True
13504,136,5,30,2025-12-01,6.41,True
13505,136,8,45,2024-08-09,0.68,False
13506,136,27,165,2025-03-26,5.7,False
13507,136,23,139,2025-05-12,7.21,True
13508,136,7,42,2025-01-20,2.01,True
13509,136,1,4,2026-02-20,7.09,True
13510,137,19,118,2026-04-03,1.95,False
13511,137,18,105,2024-12-27,4.2,True
13512,137,2,10,2023-08-17,5.88,False
13513,137,6,37,2024-06-12,3.54,True
13514,137,2,12,2024-07-05,2.92,False
13515,137,30,179,2025-07-04,6.92,False
13516,137,11,62,2023-11-23,1.91,True
13517,137,16,,2026-02-17,5.41,True
13518,137,7,42,2024-06-21,5.71,True
13519,137,12,70,2026-01-06,5.0,False
13520,137,20,122,2025-09-15,1.86,True
13521,137,21,126,2024-02-22,5.23,True
13522,137,24,,2026-01-21,5.64,False
13523,137,3,19,2025-12-17,4.59,True
13524,137,8,48,2026-04-20,0.99,True
13525,137,11,69,2024-10-14,2.14,True
13526,137,3,17,2025-04-09,7.29,True
13527,137,24,145,2024-08-22,3.09,True
13528,137,3,18,2024-04-29,2.4,True
13529,137,30,179,2024-04-17,1.72,False
13530,137,13,75,2024-10-25,7.23,False
13531,137,17,99,2025-02-03,7.78,False
13532,137,7,44,2025-06-10,3.04,True
13533,137,17,99,2024-07-22,6.11,True
13534,137,26,158,2024-02-21,7.74,False
13535,137,5,34,2024-09-17,6.43,True
13536,137,14,83,2023-12-29,6.46,False
13537,137,27,164,2025-08-18,4.3,True
13538,137,14,83,2026-04-02,1.86,True
13539,137,8,,2024-03-11,1.46,True
13540,137,21,127,2024-04-23,6.55,True
13541,137,7,44,2025-12-15,1.88,True
13542,137,2,9,2026-01-19,3.53,True
13543,137,23,,2025-09-26,1.08,False
13544,137,5,36,2026-05-06,6.47,True
13545,137,21,127,2024-08-14,5.64,True
13546,137,25,,2024-04-18,6.34,True
13547,137,15,87,2024-04-10,5.98,False
13548,137,22,136,2026-04-02,0.62,False
13549,137,6,37,2023-12-20,5.56,True
13550,137,26,159,2023-10-13,1.2,True
13551,137,27,161,2025-12-24,7.57,False
13552,137,24,146,2024-06-19,5.48,True
13553,137,26,157,2023-09-07,0.64,True
13554,137,26,157,2024-09-02,3.66,True
13555,137,15,87,2025-01-31,3.75,True
13556,137,14,83,2024-06-21,1.32,True
13557,137,24,150,2023-09-13,1.21,False
13558,137,27,160,2024-04-29,3.8,False
13559,137,24,148,2023-08-21,2.99,True
13560,137,14,,2026-04-16,6.37,True
13561,137,11,62,2025-09-04,6.3,False
13562,137,12,72,2025-09-08,4.99,True
13563,137,5,29,2025-04-24,4.69,False
13564,137,30,176,2025-11-11,7.38,False
13565,137,13,,2026-05-18,5.33,True
13566,137,25,154,2024-12-13,5.09,True
13567,137,25,153,2025-07-04,1.99,True
13568,137,13,76,2025-04-29,6.12,True
13569,137,21,128,2025-08-06,0.52,True
13570,137,10,61,2024-08-05,4.8,True
13571,137,2,8,2025-03-11,6.45,True
13572,137,17,97,2024-03-14,0.91,False
13573,137,19,113,2023-07-06,7.98,True
13574,137,10,57,2025-06-10,1.74,True
13575,137,23,139,2024-03-28,6.34,True
13576,137,11,62,2026-01-14,1.58,True
13577,137,23,138,2024-08-21,1.14,True
13578,137,3,20,2024-03-18,1.53,True
13579,137,27,,2023-09-18,7.8,True
13580,137,5,30,2024-11-08,6.1,False
13581,137,14,85,2023-09-06,0.89,True
13582,137,22,136,2025-07-25,6.92,False
13583,137,12,70,2024-01-10,7.34,False
13584,137,22,134,2024-12-31,2.93,True
13585,137,26,159,2026-01-19,2.94,True
13586,137,24,148,2024-04-23,3.92,True
13587,137,26,159,2025-10-09,6.52,True
13588,137,27,164,2024-11-19,6.6,True
13589,137,9,54,2024-11-19,6.66,True
13590,137,30,,2023-10-06,4.05,True
13591,137,8,,2023-08-18,5.96,False
13592,137,7,42,2025-09-26,2.48,False
13593,137,22,,2025-08-05,4.5,True
13594,137,22,,2024-05-24,6.07,True
13595,137,7,42,2025-07-23,1.11,False
13596,137,18,106,2026-01-09,3.11,True
13597,137,5,34,2026-02-25,1.98,True
13598,137,15,89,2023-09-15,7.23,True
13599,137,8,49,2023-07-17,6.31,True
13600,137,11,68,2025-09-30,2.99,False
13601,137,2,,2024-08-06,4.64,False
13602,137,16,96,2024-05-07,0.61,False
13603,137,28,170,2024-09-24,1.14,True
13604,137,10,61,2025-08-01,3.76,False
13605,137,30,179,2025-02-26,4.17,False
13606,137,8,48,2024-04-19,7.38,True
13607,137,1,7,2024-11-06,2.57,True
13608,138,22,136,2026-06-05,5.74,True
13609,138,6,40,2025-02-19,1.06,False
13610,138,24,147,2025-03-10,6.88,True
13611,138,26,157,2025-01-30,0.81,True
13612,138,30,176,2024-02-08,3.43,True
13613,138,14,83,2025-10-06,1.8,True
13614,138,14,83,2024-08-27,6.08,True
13615,138,8,,2026-03-02,5.72,False
13616,138,6,40,2026-01-12,7.13,True
13617,138,1,2,2025-01-07,6.9,True
13618,138,13,75,2024-04-02,7.59,True
13619,138,25,153,2024-10-25,7.43,True
13620,138,14,,2025-12-15,7.94,True
13621,138,7,43,2026-03-26,3.89,False
13622,138,29,174,2025-06-03,0.57,True
13623,138,16,91,2026-06-03,4.78,True
13624,138,13,78,2023-12-14,2.73,True
13625,138,3,18,2025-09-01,4.27,True
13626,138,30,178,2026-01-06,5.63,True
13627,138,21,126,2025-08-04,3.78,False
13628,138,6,39,2024-11-08,3.57,True
13629,138,14,85,2026-04-08,3.21,True
13630,138,16,93,2025-06-06,2.05,True
13631,138,4,25,2024-07-11,5.1,True
13632,138,27,160,2024-11-11,6.79,True
13633,138,1,6,2025-09-08,0.68,False
13634,138,24,150,2026-05-13,7.67,True
13635,138,15,,2024-09-09,5.96,False
13636,138,10,59,2025-05-05,5.3,True
13637,138,3,20,2026-05-29,5.86,False
13638,138,4,24,2026-03-06,1.52,True
13639,138,25,154,2024-10-16,5.66,False
13640,138,28,,2024-09-26,3.45,False
13641,138,3,17,2024-11-18,4.24,True
13642,138,30,175,2024-06-21,3.16,True
13643,138,24,147,2026-02-25,2.96,True
13644,138,13,78,2025-03-04,3.63,True
13645,138,8,48,2023-11-27,4.23,True
13646,138,19,117,2026-02-24,6.46,False
13647,138,29,174,2025-11-17,3.18,True
13648,138,7,43,2025-07-24,1.76,True
13649,138,19,112,2025-01-20,5.03,True
13650,138,19,,2025-01-27,4.98,True
13651,138,7,44,2025-02-19,2.25,True
13652,138,1,4,2025-06-02,1.73,True
13653,138,16,93,2024-03-13,7.92,True
13654,138,26,158,2026-03-06,7.21,False
13655,138,17,,2025-02-13,4.79,True
13656,138,5,32,2023-11-02,6.72,True
13657,138,26,159,2024-07-30,2.24,True
13658,138,13,77,2025-09-12,3.52,True
13659,138,27,165,2025-12-31,5.21,False
13660,138,10,56,2024-12-06,5.37,True
13661,138,25,154,2023-10-26,2.1,True
13662,138,27,161,2025-04-29,4.56,False
13663,138,17,102,2024-03-26,2.71,True
13664,138,2,,2025-05-29,3.13,False
13665,138,8,46,2024-11-14,1.44,True
13666,138,19,112,2023-10-05,4.61,True
13667,138,30,177,2025-01-09,4.96,True
13668,138,1,4,2026-04-28,4.7,True
13669,138,10,58,2024-11-12,5.42,True
13670,138,13,73,2025-08-25,5.28,True
13671,138,7,43,2023-09-26,4.88,False
13672,138,10,57,2023-11-10,4.09,True
13673,138,10,55,2026-03-27,3.33,True
13674,138,3,17,2024-02-16,0.77,True
13675,138,24,149,2026-06-19,3.75,True
13676,138,18,105,2025-05-08,5.97,True
13677,138,5,30,2026-05-07,4.28,True
13678,138,12,70,2025-10-16,7.35,True
13679,138,24,147,2026-05-12,6.67,True
13680,138,10,,2025-06-13,6.88,True
13681,138,13,76,2024-01-04,3.67,True
13682,138,21,130,2024-03-29,4.21,False
13683,138,9,50,2025-10-20,4.99,True
13684,138,9,54,2024-12-25,7.36,True
13685,138,4,28,2023-10-11,6.65,True
13686,138,17,98,2025-07-24,1.2,True
13687,138,23,143,2025-11-28,1.91,False
13688,138,17,101,2025-02-25,6.9,True
13689,138,1,5,2024-10-25,0.81,True
13690,138,30,,2026-04-23,7.66,True
13691,138,17,101,2025-03-21,1.03,True
13692,138,19,117,2026-06-25,2.53,True
13693,138,9,51,2024-05-09,1.93,True
13694,138,21,131,2026-01-14,5.33,False
13695,138,26,159,2025-10-13,5.67,True
13696,138,5,33,2025-07-07,4.26,True
13697,138,25,152,2023-09-26,6.02,True
13698,138,6,39,2025-07-30,2.19,True
13699,138,10,57,2025-04-11,7.73,False
13700,138,5,30,2026-04-07,4.5,True
13701,138,29,172,2025-09-29,4.08,True
13702,138,18,,2025-04-08,4.51,False
13703,138,19,115,2023-11-29,7.84,False
13704,138,6,39,2025-07-11,1.68,True
13705,138,7,43,2024-01-16,3.79,True
13706,139,14,84,2024-08-22,5.35,True
13707,139,9,53,2024-05-06,6.04,True
13708,139,21,127,2025-02-20,6.57,True
13709,139,17,98,2023-08-25,6.28,True
13710,139,9,50,2025-06-02,2.65,True
13711,139,22,136,2025-01-09,4.16,True
13712,139,10,55,2025-05-21,5.71,True
13713,139,26,157,2025-05-02,1.93,True
13714,139,9,54,2025-05-27,5.46,False
13715,139,2,10,2024-06-07,6.95,True
13716,139,13,77,2025-10-01,5.85,True
13717,139,11,,2025-09-12,5.88,False
13718,139,8,,2023-12-04,4.22,True
13719,139,27,161,2025-03-13,6.0,False
13720,139,9,53,2025-08-22,1.0,False
13721,139,13,75,2025-09-10,7.2,True
13722,139,20,124,2025-05-06,4.62,True
13723,139,23,141,2024-02-28,7.06,True
13724,139,21,130,2025-07-02,2.06,True
13725,139,21,129,2025-02-05,1.39,True
13726,139,9,52,2024-04-09,4.77,True
13727,139,4,26,2026-04-27,4.51,True
13728,139,7,42,2023-08-08,5.81,False
13729,139,14,82,2024-08-05,6.09,False
13730,139,30,179,2024-11-25,0.82,True
13731,139,4,28,2025-05-02,5.76,True
13732,139,27,162,2023-08-03,1.63,True
13733,139,27,161,2025-05-28,3.49,False
13734,139,6,38,2025-02-24,6.41,True
13735,139,13,,2025-04-04,2.7,True
13736,139,6,41,2023-07-06,1.19,True
13737,139,4,23,2025-01-29,3.19,False
13738,139,17,,2026-02-02,6.72,False
13739,139,6,38,2023-07-26,3.47,True
13740,139,28,167,2024-06-04,2.18,True
13741,139,3,18,2023-11-08,1.44,True
13742,139,16,96,2025-12-18,5.11,True
13743,139,7,,2024-07-02,2.59,True
13744,139,28,171,2024-09-09,1.23,True
13745,139,24,145,2025-01-20,1.14,True
13746,139,17,,2025-01-14,7.54,False
13747,139,22,136,2023-11-09,7.83,True
13748,139,12,70,2026-04-22,0.54,True
13749,139,27,161,2023-11-28,1.47,True
13750,139,4,23,2026-02-06,4.52,True
13751,139,24,148,2024-04-26,4.94,True
13752,139,6,41,2025-12-31,2.75,True
13753,139,8,45,2025-11-27,1.6,False
13754,139,10,60,2023-09-11,2.51,False
13755,139,11,66,2024-12-24,7.36,True
13756,139,23,140,2024-03-26,3.99,True
13757,139,18,104,2023-08-30,1.38,True
13758,139,7,44,2025-10-21,2.47,False
13759,139,13,78,2023-08-08,3.27,True
13760,139,17,,2025-12-22,0.86,True
13761,139,14,84,2024-06-13,7.56,True
13762,139,3,20,2024-05-06,7.16,True
13763,139,10,56,2024-06-04,1.57,True
13764,139,19,118,2023-10-23,5.75,True
13765,139,13,75,2024-01-25,2.26,True
13766,139,27,162,2024-10-01,6.32,True
13767,139,27,161,2024-08-05,7.28,True
13768,139,6,37,2025-08-29,3.69,True
13769,139,7,43,2024-06-10,7.1,True
13770,139,15,89,2025-11-18,1.68,True
13771,139,15,90,2024-03-05,2.62,True
13772,139,11,65,2024-12-19,3.97,True
13773,139,24,,2025-02-12,3.72,True
13774,139,11,66,2024-11-07,7.72,True
13775,139,12,72,2024-05-07,5.8,False
13776,139,16,94,2023-11-09,5.24,True
13777,139,14,81,2026-02-27,0.97,True
13778,139,25,153,2024-10-01,0.73,False
13779,139,21,131,2024-05-16,1.69,False
13780,139,6,37,2025-08-18,4.66,True
13781,139,8,47,2024-01-12,7.79,True
13782,139,10,57,2025-07-28,6.65,True
13783,139,27,,2024-01-25,7.01,True
13784,139,8,48,2025-01-21,6.13,False
13785,139,5,35,2024-01-26,5.64,True
13786,139,14,84,2025-01-15,7.8,False
13787,139,8,46,2026-04-21,1.53,True
13788,139,16,93,2025-06-20,6.46,True
13789,139,18,103,2025-01-24,4.29,True
13790,139,15,88,2025-01-24,5.81,True
13791,139,23,142,2024-03-20,1.95,True
13792,139,10,59,2025-02-26,6.68,False
13793,139,26,,2024-12-10,7.11,True
13794,139,28,168,2026-03-27,5.17,True
13795,139,17,98,2025-02-25,2.93,False
13796,139,7,,2025-02-26,0.76,True
13797,139,21,130,2026-03-16,1.81,True
13798,139,8,49,2024-08-09,4.92,True
13799,139,21,129,2025-04-17,2.01,True
13800,139,5,36,2026-02-10,2.93,True
13801,139,24,147,2024-09-16,6.14,True
13802,139,30,177,2024-12-20,4.81,True
13803,139,4,25,2025-07-07,4.3,False
13804,139,13,74,2024-08-06,5.15,True
13805,139,10,60,2024-02-01,6.65,True
13806,139,13,74,2026-04-15,5.41,True
13807,139,7,44,2023-07-31,1.0,True
13808,139,23,143,2025-08-27,4.9,False
13809,139,1,4,2025-10-28,7.05,False
13810,139,5,29,2024-10-21,2.81,True
13811,139,9,50,2024-02-14,2.86,True
13812,139,6,39,2023-10-12,4.68,True
13813,139,1,5,2025-08-07,6.63,True
13814,139,1,1,2025-05-13,5.68,True
13815,139,14,81,2024-11-05,6.67,True
13816,139,18,109,2024-07-24,1.9,True
13817,139,3,17,2024-05-22,5.32,False
13818,139,17,97,2025-01-14,1.33,True
13819,140,7,43,2025-12-22,0.53,True
13820,140,27,165,2025-01-29,2.36,True
13821,140,30,175,2026-04-01,1.8,False
13822,140,18,107,2026-05-19,7.98,False
13823,140,25,155,2026-04-24,3.01,True
13824,140,19,117,2024-06-25,2.29,True
13825,140,21,129,2025-01-16,6.94,False
13826,140,5,35,2024-03-15,2.76,False
13827,140,8,48,2024-02-08,7.28,True
13828,140,29,174,2025-06-10,5.95,True
13829,140,28,167,2023-09-14,3.26,False
13830,140,25,,2026-05-21,1.48,True
13831,140,20,,2023-07-28,2.46,True
13832,140,18,103,2025-06-13,3.53,True
13833,140,1,1,2025-03-17,3.23,True
13834,140,12,71,2025-04-02,2.59,False
13835,140,13,75,2025-10-14,4.27,True
13836,140,30,,2025-12-03,5.89,True
13837,140,21,132,2025-03-12,6.04,True
13838,140,10,59,2025-10-02,4.78,True
13839,140,29,172,2025-10-30,7.48,True
13840,140,7,44,2026-03-03,4.21,True
13841,140,29,173,2023-11-29,5.43,True
13842,140,14,86,2023-10-13,3.29,False
13843,140,16,91,2024-12-03,1.12,True
13844,140,13,,2024-06-27,6.96,False
13845,140,30,,2026-01-05,4.97,True
13846,140,27,165,2024-06-27,0.98,False
13847,140,25,,2024-11-06,4.0,False
13848,140,3,20,2024-07-04,5.35,False
13849,140,1,7,2024-03-07,1.85,True
13850,140,15,88,2026-03-02,6.15,True
13851,140,29,172,2024-05-16,0.81,True
13852,140,23,,2024-03-22,5.35,True
13853,140,7,44,2025-08-01,2.88,True
13854,140,22,137,2025-04-04,2.45,False
13855,140,30,176,2025-04-23,5.9,True
13856,140,3,16,2025-09-18,4.87,True
13857,140,12,72,2026-06-10,0.75,False
13858,140,9,53,2025-05-07,1.88,False
13859,140,10,,2025-11-27,7.74,False
13860,140,20,,2025-07-08,4.72,True
13861,140,17,98,2025-10-22,5.61,True
13862,140,11,68,2025-09-18,2.3,True
13863,140,9,51,2024-01-25,6.95,True
13864,140,20,121,2024-03-12,6.05,True
13865,140,25,154,2024-12-19,7.74,True
13866,140,28,168,2023-11-23,0.74,True
13867,140,6,37,2023-11-29,5.52,True
13868,140,13,77,2026-03-09,2.0,True
13869,140,4,22,2025-07-14,5.19,True
13870,140,25,154,2025-06-12,5.96,True
13871,140,13,74,2024-06-10,3.14,True
13872,140,23,,2024-09-20,2.21,True
13873,140,16,94,2023-10-12,7.93,False
13874,140,2,9,2025-07-16,4.12,True
13875,140,14,86,2024-07-22,6.33,True
13876,140,13,74,2024-02-08,3.71,False
13877,140,24,146,2023-12-28,7.85,False
13878,140,8,48,2025-07-23,6.15,True
13879,140,14,86,2024-05-13,3.69,False
13880,140,20,121,2024-06-11,0.59,True
13881,140,6,,2024-08-05,7.75,True
13882,140,17,97,2024-05-23,6.72,False
13883,140,17,100,2024-01-12,7.57,True
13884,140,27,165,2026-06-25,6.32,True
13885,140,7,44,2025-08-05,3.1,True
13886,140,29,173,2026-04-15,3.76,True
13887,140,24,150,2023-09-22,6.92,True
13888,140,9,52,2024-05-17,7.04,True
13889,140,25,152,2024-06-28,7.41,True
13890,140,10,55,2026-03-06,2.44,True
13891,140,5,29,2025-05-20,1.59,True
13892,140,1,5,2025-05-27,5.82,True
13893,140,28,169,2024-10-29,1.06,True
13894,140,1,1,2024-05-24,1.17,True
13895,140,8,46,2024-09-13,5.73,False
13896,140,29,173,2025-11-18,6.98,True
13897,140,25,155,2025-03-21,6.99,False
13898,140,4,23,2023-07-11,2.05,True
13899,140,29,173,2025-03-27,1.42,False
13900,140,22,135,2026-05-11,7.33,True
13901,140,29,174,2025-12-15,4.53,True
13902,140,4,23,2025-12-15,6.75,False
13903,140,22,135,2023-11-30,0.74,True
13904,140,14,,2024-03-19,3.38,True
13905,140,17,98,2025-08-15,7.94,True
13906,140,27,165,2025-10-01,5.54,True
13907,140,30,179,2026-04-15,6.65,True
13908,140,19,111,2025-11-27,5.06,True
13909,140,7,,2025-05-23,2.77,True
13910,140,28,170,2026-04-08,6.18,True
13911,140,10,55,2025-07-10,7.1,True
13912,140,4,21,2025-01-10,2.41,False
13913,141,21,132,2023-11-02,6.39,False
13914,141,2,15,2026-01-22,7.36,False
13915,141,8,48,2025-10-02,3.24,True
13916,141,13,,2026-02-09,1.13,True
13917,141,8,47,2026-01-16,5.19,True
13918,141,12,70,2023-09-14,6.4,True
13919,141,29,174,2023-12-19,3.89,False
13920,141,4,27,2024-01-04,7.66,True
13921,141,9,51,2024-01-08,2.63,False
13922,141,27,160,2024-02-27,0.87,True
13923,141,16,92,2023-12-01,6.49,True
13924,141,1,1,2026-02-16,6.2,True
13925,141,13,76,2026-06-17,3.13,True
13926,141,15,88,2026-05-21,4.76,False
13927,141,4,23,2024-12-27,2.62,True
13928,141,24,148,2024-09-10,2.61,False
13929,141,10,57,2026-05-04,2.62,True
13930,141,30,175,2025-07-15,3.88,True
13931,141,29,172,2023-11-09,1.9,True
13932,141,7,43,2026-04-24,4.53,True
13933,141,27,164,2023-10-04,6.5,True
13934,141,15,88,2023-10-03,4.28,True
13935,141,8,47,2024-02-19,6.63,True
13936,141,19,112,2024-08-27,2.3,True
13937,141,25,152,2025-09-08,4.44,True
13938,141,26,,2026-03-31,6.58,False
13939,141,3,18,2026-04-13,6.76,True
13940,141,3,18,2024-08-08,6.46,True
13941,141,29,173,2024-06-19,4.69,False
13942,141,13,76,2024-07-11,5.82,True
13943,141,16,93,2026-04-13,1.89,True
13944,141,30,177,2023-08-02,3.98,True
13945,141,19,112,2024-01-22,3.76,True
13946,141,17,98,2024-01-22,2.84,True
13947,141,1,4,2026-01-02,1.31,True
13948,141,14,,2024-07-16,0.55,False
13949,141,14,84,2023-11-30,7.4,True
13950,141,12,70,2025-06-06,6.82,True
13951,141,23,139,2025-08-12,5.29,False
13952,141,19,,2025-11-11,4.11,True
13953,141,7,42,2026-05-15,1.68,True
13954,141,6,41,2025-03-27,6.43,True
13955,141,20,121,2024-07-04,7.08,True
13956,141,28,,2024-10-24,1.06,True
13957,141,15,88,2024-10-30,6.31,True
13958,141,12,70,2025-06-18,1.1,True
13959,141,10,,2026-04-27,0.97,False
13960,141,24,148,2026-02-03,4.33,True
13961,141,10,56,2026-04-22,6.51,True
13962,141,21,132,2024-11-04,3.66,False
13963,141,19,116,2025-08-19,2.56,True
13964,141,18,110,2024-07-01,1.53,False
13965,141,17,,2024-07-23,6.0,True
13966,141,5,30,2025-10-10,7.18,True
13967,141,22,136,2025-05-21,3.41,False
13968,141,3,19,2026-04-29,2.44,True
13969,141,5,,2025-11-20,6.63,True
13970,141,7,42,2025-10-02,7.26,True
13971,141,30,177,2024-12-24,6.55,True
13972,141,19,111,2025-04-15,6.43,True
13973,141,10,60,2026-04-23,2.0,True
13974,141,12,,2024-04-04,1.86,True
13975,141,30,175,2026-01-12,5.46,True
13976,141,28,166,2026-06-11,1.39,True
13977,141,27,163,2025-05-14,1.51,False
13978,141,26,159,2025-01-27,3.49,False
13979,141,26,158,2026-02-11,2.39,False
13980,141,1,4,2024-07-31,1.12,True
13981,141,17,102,2025-07-17,5.08,True
13982,141,13,78,2025-09-26,5.58,True
13983,141,5,29,2023-09-21,6.44,True
13984,141,4,25,2023-07-24,5.69,False
13985,141,15,90,2025-07-29,4.35,True
13986,141,19,117,2025-07-15,5.65,True
13987,141,19,114,2026-05-22,1.91,True
13988,141,29,173,2026-01-07,5.88,True
13989,141,22,137,2025-08-04,4.87,False
13990,141,2,12,2025-03-17,2.18,True
13991,141,24,150,2023-12-21,4.37,True
13992,141,18,107,2024-07-17,1.57,False
13993,141,19,111,2025-06-05,7.63,True
13994,141,28,171,2025-11-06,6.3,False
13995,141,30,179,2026-04-02,7.97,True
13996,141,17,101,2025-02-12,4.39,True
13997,141,5,32,2025-01-28,1.68,True
13998,141,15,88,2026-03-04,1.19,True
13999,141,19,,2025-04-23,6.33,True
14000,141,26,,2025-03-04,0.6,True
14001,141,7,,2023-10-11,5.95,True
14002,141,16,91,2024-08-14,3.07,True
14003,141,20,124,2025-06-03,6.28,False
14004,141,17,,2024-01-19,7.27,True
14005,141,29,172,2025-10-22,2.47,True
14006,141,7,44,2023-12-21,1.13,True
14007,141,1,,2023-10-13,4.4,True
14008,141,3,20,2025-04-07,3.3,True
14009,141,22,136,2024-10-28,3.59,True
14010,141,5,36,2024-10-11,1.96,True
14011,141,11,64,2024-05-10,3.71,True
14012,141,18,105,2025-10-02,2.64,True
14013,141,9,52,2025-08-21,4.3,True
14014,142,22,136,2023-12-22,5.8,True
14015,142,18,104,2025-06-23,5.05,False
14016,142,19,113,2023-11-29,7.79,True
14017,142,10,60,2026-01-30,5.66,True
14018,142,3,17,2023-12-11,7.59,True
14019,142,30,175,2026-05-07,2.83,True
14020,142,17,,2026-03-27,7.27,True
14021,142,7,44,2026-02-17,6.15,True
14022,142,9,54,2025-05-13,1.96,True
14023,142,16,93,2023-11-20,2.65,False
14024,142,13,77,2025-08-19,0.6,True
14025,142,24,145,2024-02-01,5.28,True
14026,142,12,70,2024-02-16,0.9,False
14027,142,6,39,2025-02-27,3.53,True
14028,142,14,86,2023-11-06,4.13,True
14029,142,20,120,2024-06-18,7.38,False
14030,142,17,98,2026-03-24,6.97,True
14031,142,27,160,2024-02-12,3.35,True
14032,142,29,173,2025-10-09,7.31,True
14033,142,30,176,2026-02-20,2.79,True
14034,142,20,121,2023-08-18,3.5,True
14035,142,18,108,2025-10-03,4.73,False
14036,142,12,70,2026-04-16,3.2,True
14037,142,28,167,2024-07-08,0.8,True
14038,142,28,169,2024-09-27,0.75,False
14039,142,5,36,2023-08-09,3.18,True
14040,142,14,83,2025-08-14,6.63,True
14041,142,4,25,2023-12-12,1.75,False
14042,142,25,152,2024-03-07,2.86,True
14043,142,7,42,2025-06-25,2.31,False
14044,142,2,10,2024-08-28,3.8,False
14045,142,16,93,2024-12-26,6.4,True
14046,142,22,134,2024-06-21,0.54,True
14047,142,21,128,2024-10-07,5.54,False
14048,142,3,20,2024-10-23,1.41,True
14049,142,1,,2023-09-20,0.67,True
14050,142,24,145,2026-06-08,3.22,True
14051,142,14,83,2024-02-13,7.96,False
14052,142,23,141,2023-08-21,2.78,False
14053,142,20,123,2024-07-19,0.79,True
14054,142,7,42,2024-03-07,0.86,True
14055,142,13,79,2024-08-19,3.24,True
14056,142,19,112,2024-07-10,7.36,True
14057,142,14,85,2024-07-09,5.17,True
14058,142,16,96,2025-01-28,5.35,True
14059,142,3,18,2024-11-11,2.47,False
14060,142,25,155,2023-07-31,2.51,True
14061,142,4,23,2026-04-23,6.24,True
14062,142,27,,2024-12-02,7.05,False
14063,142,10,61,2023-11-09,1.88,True
14064,142,14,85,2023-08-24,4.9,True
14065,142,7,43,2023-08-30,7.14,True
14066,142,18,105,2026-01-27,6.75,True
14067,142,19,117,2024-07-02,7.26,True
14068,142,6,37,2025-01-31,1.73,True
14069,142,10,58,2026-04-06,3.04,False
14070,142,3,17,2024-08-16,2.3,True
14071,142,16,92,2024-05-29,7.79,True
14072,142,29,173,2025-06-17,5.68,True
14073,142,12,70,2023-08-09,6.83,True
14074,142,4,27,2025-04-14,2.42,True
14075,142,17,100,2023-09-07,5.67,True
14076,142,6,37,2025-03-13,2.35,True
14077,142,3,18,2025-05-15,3.65,True
14078,142,5,,2023-08-14,6.8,True
14079,142,18,107,2024-05-09,4.26,True
14080,142,3,20,2026-06-01,1.95,True
14081,142,10,59,2024-12-10,4.95,True
14082,142,13,74,2025-10-27,6.26,True
14083,142,2,12,2025-06-04,7.68,True
14084,142,12,72,2025-07-03,3.54,False
14085,142,19,116,2026-02-18,1.89,False
14086,142,29,173,2026-05-29,7.92,True
14087,142,30,,2024-05-14,5.79,True
14088,142,22,137,2025-10-06,2.85,True
14089,142,11,65,2024-12-19,2.1,True
14090,142,21,128,2026-02-26,3.56,True
14091,142,30,177,2023-07-27,6.32,True
14092,142,12,,2023-10-05,1.75,True
14093,142,20,,2026-03-20,3.85,True
14094,142,18,103,2026-01-27,6.11,True
14095,142,12,71,2025-03-03,1.56,False
14096,142,24,150,2026-06-04,4.45,True
14097,142,11,,2024-07-29,0.53,False
14098,142,1,2,2025-11-25,6.72,False
14099,142,23,142,2025-02-03,7.24,True
14100,142,9,51,2025-05-19,4.97,True
14101,142,9,50,2024-04-12,1.51,True
14102,142,30,178,2025-01-14,5.99,True
14103,142,9,,2023-09-04,3.44,False
14104,142,17,97,2024-10-07,5.14,False
14105,142,13,80,2025-10-29,7.53,False
14106,142,15,88,2024-04-25,1.95,True
14107,142,1,3,2026-03-02,0.92,False
14108,142,27,163,2023-09-14,7.64,True
14109,142,24,144,2025-09-25,0.69,False
14110,142,26,156,2024-03-11,6.45,True
14111,142,19,117,2025-05-19,0.89,True
14112,142,20,119,2025-07-11,3.35,False
14113,142,28,168,2026-01-08,1.25,True
14114,142,7,42,2024-07-31,4.92,False
14115,142,13,79,2024-05-07,0.53,True
14116,142,15,89,2026-03-13,6.41,False
14117,142,9,,2024-06-11,7.98,True
14118,143,11,,2025-07-03,3.04,True
14119,143,26,158,2026-03-30,5.02,True
14120,143,26,157,2026-06-26,1.0,True
14121,143,2,13,2025-10-14,0.85,False
14122,143,19,,2025-09-26,3.1,True
14123,143,20,122,2025-11-04,3.8,True
14124,143,14,81,2026-04-30,1.85,True
14125,143,25,151,2025-07-14,4.07,True
14126,143,23,142,2025-04-07,3.22,False
14127,143,22,136,2026-03-04,7.67,False
14128,143,11,67,2025-06-13,5.42,True
14129,143,16,93,2025-06-27,7.93,True
14130,143,27,164,2025-04-10,5.53,True
14131,143,20,121,2025-04-16,1.56,True
14132,143,16,91,2026-03-16,4.44,True
14133,143,19,115,2026-02-12,2.22,True
14134,143,6,39,2025-06-04,6.65,False
14135,143,28,166,2026-02-10,7.1,False
14136,143,8,47,2025-06-27,7.59,True
14137,143,10,58,2025-11-19,4.5,True
14138,143,28,168,2025-04-24,3.43,True
14139,143,16,94,2025-09-25,7.25,True
14140,143,26,159,2026-03-09,5.79,True
14141,143,13,80,2025-04-30,5.92,True
14142,143,20,120,2026-04-07,6.29,True
14143,143,6,40,2026-05-26,4.23,True
14144,143,21,133,2025-08-27,5.55,True
14145,143,4,22,2025-12-24,3.16,False
14146,143,15,89,2025-10-20,3.39,True
14147,143,4,21,2025-04-29,3.62,True
14148,143,18,103,2026-01-07,7.17,True
14149,143,12,,2025-03-10,2.81,True
14150,143,16,96,2026-03-19,0.89,True
14151,143,14,84,2026-04-24,7.19,True
14152,143,6,37,2025-03-31,6.05,True
14153,143,14,83,2025-06-25,6.22,True
14154,143,20,124,2025-09-23,5.44,True
14155,143,26,159,2025-10-17,0.55,True
14156,143,30,179,2026-05-29,5.35,True
14157,143,27,164,2025-11-26,7.13,False
14158,143,14,86,2025-04-24,6.84,True
14159,143,26,159,2025-09-11,3.44,False
14160,143,18,108,2025-10-28,3.26,False
14161,143,3,18,2025-06-03,1.76,True
14162,143,9,54,2025-05-06,5.34,True
14163,143,19,116,2026-05-29,2.09,False
14164,143,10,,2026-06-11,2.51,True
14165,143,4,22,2026-04-13,7.46,True
14166,143,19,111,2025-12-16,6.27,True
14167,143,30,175,2026-04-14,3.43,True
14168,143,23,143,2026-05-06,4.9,True
14169,143,24,150,2026-04-14,2.19,False
14170,143,16,91,2025-10-01,2.0,True
14171,143,26,159,2026-01-21,7.46,True
14172,143,2,14,2025-07-24,2.3,True
14173,143,18,107,2025-05-26,4.4,True
14174,143,26,156,2025-09-30,7.01,False
14175,143,29,174,2026-05-18,6.12,True
14176,143,15,,2025-05-14,4.09,True
14177,143,15,88,2026-06-05,2.98,False
14178,143,27,163,2025-09-30,7.94,True
14179,143,30,176,2025-08-21,5.42,True
14180,143,22,135,2026-04-17,5.68,False
14181,143,30,176,2025-06-18,6.89,True
14182,143,16,92,2025-07-17,0.71,True
14183,143,7,43,2025-09-29,0.87,False
14184,143,17,101,2025-04-29,7.27,True
14185,143,1,6,2025-04-28,3.69,True
14186,143,25,153,2025-11-12,2.52,True
14187,143,12,72,2025-12-30,3.18,True
14188,143,25,153,2026-06-15,1.84,True
14189,143,26,159,2026-01-01,3.37,True
14190,143,4,24,2026-04-23,6.26,True
14191,143,2,11,2025-06-30,2.86,True
14192,143,12,72,2026-04-15,3.18,False
14193,143,21,132,2025-11-21,1.94,True
14194,143,3,17,2026-05-15,5.42,False
14195,143,28,169,2026-04-21,6.71,False
14196,143,13,78,2025-09-23,4.55,True
14197,143,20,120,2026-04-24,3.1,True
14198,143,14,86,2026-04-27,1.77,True
14199,143,6,40,2025-12-16,1.02,False
14200,143,26,,2025-07-10,2.84,True
14201,143,6,41,2026-03-30,7.27,True
14202,143,24,150,2026-04-16,7.8,True
14203,143,30,179,2025-07-14,5.08,True
14204,143,29,,2026-05-15,1.96,True
14205,143,20,125,2025-09-17,4.86,True
14206,143,25,151,2026-02-25,6.71,False
14207,143,24,146,2025-09-18,5.73,True
14208,143,6,38,2026-01-26,7.15,True
14209,143,28,168,2025-06-30,5.36,True
14210,143,30,177,2026-02-16,2.43,False
14211,143,23,140,2025-04-22,3.2,True
14212,143,14,85,2025-11-27,2.86,True
14213,143,8,46,2026-06-01,1.17,True
14214,143,18,107,2026-06-05,3.87,True
14215,143,24,148,2026-02-03,2.34,True
14216,143,17,101,2025-07-30,6.08,True
14217,143,2,12,2026-01-16,0.89,True
14218,143,11,62,2026-03-26,3.55,False
14219,143,18,110,2026-05-20,1.55,True
14220,143,22,134,2025-09-22,3.63,True
14221,143,21,128,2026-02-05,2.8,True
14222,143,7,44,2026-03-24,7.09,True
14223,143,11,69,2026-02-04,7.32,True
14224,143,18,107,2025-04-16,0.95,True
14225,143,27,164,2025-10-10,6.89,True
14226,143,4,25,2026-06-29,4.71,True
14227,143,8,48,2025-09-26,1.02,False
14228,143,9,54,2026-01-05,0.9,True
14229,143,8,49,2025-07-01,6.77,True
14230,143,22,136,2026-03-10,6.37,True
14231,143,8,45,2026-03-06,4.45,True
14232,143,14,83,2026-02-04,4.6,True
14233,143,29,174,2025-09-24,5.98,False
14234,144,3,18,2025-01-31,5.64,True
14235,144,14,84,2023-07-14,5.83,False
14236,144,10,57,2024-05-10,3.91,False
14237,144,27,165,2025-06-18,7.39,False
14238,144,14,85,2023-09-15,1.36,True
14239,144,4,24,2025-02-20,7.28,True
14240,144,7,44,2023-11-08,3.19,True
14241,144,7,44,2026-03-20,4.13,True
14242,144,26,159,2025-02-28,7.67,False
14243,144,16,96,2026-05-27,5.05,True
14244,144,1,,2024-03-14,0.74,True
14245,144,26,156,2024-03-28,6.4,False
14246,144,5,30,2025-08-19,3.66,False
14247,144,30,,2026-03-24,1.79,False
14248,144,20,125,2025-06-23,3.05,False
14249,144,11,68,2026-06-19,6.69,True
14250,144,27,165,2024-04-18,3.85,False
14251,144,20,123,2024-11-26,5.29,True
14252,144,25,155,2023-10-13,6.46,True
14253,144,18,109,2023-12-19,5.21,False
14254,144,15,88,2024-07-08,7.96,True
14255,144,2,11,2024-10-02,7.43,True
14256,144,12,72,2025-06-06,0.92,True
14257,144,11,69,2024-09-20,7.86,True
14258,144,2,15,2024-11-08,4.1,True
14259,144,14,83,2023-09-12,6.2,False
14260,144,6,37,2024-07-30,3.5,True
14261,144,19,116,2024-11-14,6.77,True
14262,144,21,127,2024-07-15,5.26,True
14263,144,28,,2023-11-23,2.22,True
14264,144,13,75,2026-05-18,5.13,True
14265,144,18,,2025-07-02,7.56,True
14266,144,11,67,2023-08-11,5.54,True
14267,144,29,174,2024-06-13,7.47,True
14268,144,19,111,2026-02-03,1.68,False
14269,144,30,175,2023-07-27,6.63,True
14270,144,12,71,2025-02-11,3.58,True
14271,144,14,82,2025-02-11,6.86,False
14272,144,12,71,2025-07-28,6.99,True
14273,144,20,119,2025-11-27,5.94,True
14274,144,29,172,2025-03-14,0.73,False
14275,144,7,42,2026-01-20,2.85,True
14276,144,8,48,2025-08-26,4.64,False
14277,144,16,91,2024-09-16,3.55,True
14278,144,14,85,2025-10-14,3.03,True
14279,144,25,152,2023-12-06,1.55,True
14280,144,7,,2024-08-09,1.15,True
14281,144,5,34,2025-07-15,7.42,True
14282,144,16,95,2024-05-30,1.54,False
14283,144,28,169,2025-01-06,1.07,True
14284,144,29,173,2024-05-07,5.03,True
14285,144,9,50,2025-09-12,4.39,True
14286,144,8,49,2025-07-11,5.02,True
14287,144,12,70,2024-11-04,1.63,True
14288,144,3,,2025-01-07,3.77,True
14289,144,7,42,2023-07-31,3.46,False
14290,144,9,51,2023-08-25,4.76,True
14291,144,13,78,2026-01-20,7.74,True
14292,144,20,,2025-11-17,0.6,True
14293,144,29,174,2023-08-25,3.22,True
14294,144,11,67,2026-02-27,7.08,True
14295,144,20,125,2023-12-15,2.85,False
14296,144,21,127,2026-01-05,4.45,False
14297,144,11,69,2024-08-01,3.01,True
14298,144,7,42,2023-09-04,0.57,True
14299,144,2,12,2025-03-07,6.12,True
14300,144,22,134,2023-07-20,6.29,False
14301,144,25,155,2024-07-01,7.3,False
14302,144,17,98,2026-06-19,2.37,True
14303,144,14,,2024-06-12,0.68,True
14304,144,7,,2026-03-27,0.98,True
14305,144,15,88,2025-12-16,5.03,True
14306,144,12,71,2025-09-26,2.15,True
14307,144,8,48,2024-08-13,6.36,False
14308,144,5,33,2023-09-01,1.0,True
14309,144,1,6,2025-05-21,3.62,True
14310,144,26,156,2024-10-28,2.93,True
14311,144,6,37,2026-01-28,3.47,True
14312,144,17,101,2025-10-13,4.31,True
14313,144,29,174,2025-02-19,5.57,True
14314,144,13,76,2025-03-14,2.5,True
14315,144,29,172,2026-01-28,4.58,True
14316,144,2,11,2025-03-12,6.42,False
14317,144,5,35,2025-03-25,2.09,True
14318,144,17,99,2024-02-16,4.45,True
14319,144,27,,2023-07-04,7.78,True
14320,144,6,37,2025-07-24,3.88,True
14321,144,9,54,2026-04-16,6.61,False
14322,144,7,42,2025-10-06,2.69,True
14323,144,8,45,2024-06-04,4.77,True
14324,144,6,38,2024-05-24,5.82,True
14325,144,10,58,2024-10-24,7.35,False
14326,144,5,,2025-01-06,6.17,True
14327,144,21,131,2025-08-14,2.31,False
14328,144,27,165,2026-04-24,5.42,True
14329,144,13,,2026-06-26,5.23,True
14330,144,4,21,2025-11-24,2.97,False
14331,144,18,105,2024-02-15,1.24,True
14332,144,20,122,2024-02-01,1.95,False
14333,144,12,71,2025-02-13,5.72,True
14334,144,26,158,2026-01-14,4.63,True
14335,144,4,24,2024-11-06,2.02,False
14336,144,14,85,2023-10-03,7.64,True
14337,145,3,18,2025-10-22,1.65,False
14338,145,13,77,2025-10-10,6.5,True
14339,145,5,31,2025-07-02,0.85,False
14340,145,5,30,2024-10-24,1.12,True
14341,145,5,35,2026-05-01,5.55,False
14342,145,29,173,2026-02-02,1.77,True
14343,145,22,134,2025-04-22,3.77,True
14344,145,28,168,2025-04-23,4.76,False
14345,145,7,43,2025-12-03,7.75,True
14346,145,25,153,2026-03-27,3.35,True
14347,145,30,179,2024-11-25,5.6,False
14348,145,21,129,2025-12-12,6.47,False
14349,145,28,171,2026-04-13,0.76,False
14350,145,14,84,2026-02-11,1.14,True
14351,145,1,1,2026-02-04,2.78,True
14352,145,14,81,2025-01-21,6.34,True
14353,145,28,168,2025-07-16,1.39,True
14354,145,25,151,2025-12-24,2.11,False
14355,145,25,155,2025-07-03,1.14,True
14356,145,16,92,2025-01-06,1.41,True
14357,145,5,34,2026-06-01,6.0,True
14358,145,2,10,2025-07-02,0.97,True
14359,145,6,37,2025-02-05,1.27,False
14360,145,18,108,2025-07-17,5.34,True
14361,145,6,,2025-07-25,2.94,True
14362,145,28,,2025-07-17,6.22,True
14363,145,26,157,2025-02-06,6.07,True
14364,145,4,25,2025-01-23,7.33,True
14365,145,23,139,2025-05-05,4.75,True
14366,145,26,157,2025-01-20,7.25,True
14367,145,16,94,2026-04-13,5.29,False
14368,145,20,120,2025-11-06,1.03,True
14369,145,2,13,2025-07-02,7.19,True
14370,145,21,131,2025-03-17,3.73,True
14371,145,5,34,2025-04-30,4.82,True
14372,145,19,114,2025-09-03,2.97,False
14373,145,21,133,2025-06-18,3.89,False
14374,145,5,32,2026-04-03,7.08,True
14375,145,9,53,2024-12-23,7.39,True
14376,145,9,51,2025-05-23,3.29,True
14377,145,19,115,2025-07-21,5.55,True
14378,145,22,136,2025-03-03,5.09,False
14379,145,1,4,2026-06-19,3.67,True
14380,145,6,,2024-09-25,4.92,True
14381,145,26,159,2025-07-14,5.02,False
14382,145,23,143,2025-10-15,6.04,True
14383,145,17,102,2025-07-28,5.03,True
14384,145,15,,2025-06-06,0.72,False
14385,145,9,53,2026-06-15,5.39,True
14386,145,12,72,2025-08-08,6.33,False
14387,145,6,40,2025-01-20,1.58,True
14388,145,30,179,2026-04-20,2.3,False
14389,145,28,,2025-09-16,1.77,False
14390,145,12,72,2025-05-28,2.02,True
14391,145,26,159,2025-06-18,1.38,True
14392,145,27,160,2025-06-05,6.89,True
14393,145,18,,2025-10-27,0.59,True
14394,145,18,105,2026-06-30,4.37,True
14395,145,5,,2024-10-08,6.89,True
14396,145,5,32,2025-10-31,2.34,True
14397,145,3,20,2025-07-04,3.95,True
14398,145,16,96,2025-03-14,1.27,True
14399,145,9,53,2025-05-05,1.41,True
14400,145,7,42,2025-08-26,1.44,False
14401,145,30,178,2025-04-30,4.05,True
14402,145,6,37,2024-10-21,5.24,True
14403,145,27,,2025-09-05,4.62,True
14404,145,13,79,2025-11-12,6.14,True
14405,145,18,,2025-07-10,7.24,True
14406,145,29,172,2026-01-01,3.42,True
14407,145,9,54,2025-05-29,3.23,True
14408,145,23,138,2026-03-02,4.56,True
14409,145,2,10,2026-01-09,2.46,True
14410,145,11,67,2025-10-30,3.93,True
14411,145,9,52,2026-01-23,5.05,False
14412,145,29,172,2026-04-03,2.88,True
14413,145,5,31,2026-02-17,2.6,True
14414,145,18,104,2026-02-20,3.06,True
14415,145,3,18,2025-05-30,4.71,False
14416,145,3,18,2025-01-09,0.53,True
14417,145,23,143,2026-06-18,5.03,True
14418,145,23,138,2025-06-16,4.43,True
14419,145,2,14,2026-02-19,5.83,True
14420,145,30,177,2024-10-29,7.05,True
14421,145,9,51,2024-11-01,3.89,False
14422,145,22,137,2025-01-30,0.78,True
14423,145,5,33,2025-10-06,7.75,True
14424,145,3,20,2026-05-08,2.56,True
14425,145,17,100,2026-06-26,5.74,False
14426,145,22,,2026-01-16,0.99,True
14427,145,26,,2025-03-28,1.14,True
14428,145,19,118,2025-11-10,3.04,True
14429,145,6,40,2026-03-25,1.4,True
14430,145,7,43,2025-05-29,5.58,True
14431,145,28,,2024-12-26,6.45,False
14432,145,1,6,2025-05-14,2.84,True
14433,145,2,10,2026-04-30,0.88,True
14434,145,26,156,2025-05-01,4.75,True
14435,145,15,87,2026-04-16,4.18,True
14436,145,28,171,2025-01-03,6.92,True
14437,146,24,,2026-06-30,2.59,True
14438,146,27,161,2026-06-25,3.6,False
14439,146,19,115,2026-06-29,1.8,True
14440,146,5,33,2026-06-29,2.65,True
14441,146,13,80,2026-06-25,2.41,False
14442,146,12,71,2026-06-30,6.85,False
14443,146,8,,2026-06-26,4.03,True
14444,146,4,27,2026-06-29,7.2,True
14445,146,8,49,2026-06-26,5.91,True
14446,146,24,144,2026-06-29,4.5,True
14447,146,25,152,2026-06-29,3.53,True
14448,146,11,66,2026-06-26,6.06,True
14449,146,17,,2026-06-30,6.71,True
14450,146,10,61,2026-06-30,5.62,True
14451,146,23,139,2026-06-25,1.33,False
14452,146,5,36,2026-06-25,6.12,True
14453,146,14,85,2026-06-29,5.41,True
14454,146,22,135,2026-06-26,5.34,True
14455,146,6,,2026-06-26,3.19,False
14456,146,25,153,2026-06-25,1.8,True
14457,146,18,108,2026-06-30,7.66,True
14458,146,16,94,2026-06-29,7.04,True
14459,146,19,112,2026-06-29,7.86,False
14460,146,26,158,2026-06-26,4.46,True
14461,146,21,,2026-06-25,6.84,True
14462,146,14,83,2026-06-29,6.57,True
14463,146,22,,2026-06-26,5.18,True
14464,146,20,124,2026-06-30,4.08,True
14465,146,25,152,2026-06-29,1.37,True
14466,146,16,93,2026-06-29,2.46,True
14467,146,11,64,2026-06-30,3.72,True
14468,146,26,157,2026-06-26,6.23,True
14469,146,1,3,2026-06-25,2.92,True
14470,146,8,45,2026-06-30,5.01,True
14471,146,8,45,2026-06-30,1.62,True
14472,146,27,165,2026-06-25,7.76,True
14473,146,26,157,2026-06-29,2.86,True
14474,146,30,179,2026-06-25,4.95,True
14475,146,22,,2026-06-29,7.54,False
14476,146,2,9,2026-06-26,6.29,True
14477,146,7,,2026-06-25,1.62,True
14478,146,2,15,2026-06-30,1.77,False
14479,146,24,,2026-06-26,5.69,False
14480,146,4,26,2026-06-25,1.94,True
14481,146,22,136,2026-06-26,6.89,True
14482,146,4,21,2026-06-26,3.82,True
14483,146,2,8,2026-06-25,2.72,False
14484,146,4,27,2026-06-30,3.67,True
14485,146,24,144,2026-06-25,4.86,True
14486,146,6,40,2026-06-29,5.57,False
14487,146,9,50,2026-06-30,5.84,True
14488,146,16,91,2026-06-29,7.04,True
14489,146,4,,2026-06-25,3.89,True
14490,146,3,17,2026-06-30,1.28,True
14491,146,19,118,2026-06-25,3.84,True
14492,146,5,29,2026-06-26,5.95,True
14493,146,5,29,2026-06-26,7.32,True
14494,146,14,84,2026-06-26,5.46,False
14495,146,11,64,2026-06-29,6.37,False
14496,146,9,,2026-06-26,7.71,True
14497,146,5,34,2026-06-25,2.08,True
14498,146,2,14,2026-06-29,4.97,True
14499,146,16,95,2026-06-26,6.4,True
14500,146,30,176,2026-06-30,3.01,True
14501,146,14,86,2026-06-26,2.3,True
14502,146,15,89,2026-06-26,0.83,True
14503,146,26,156,2026-06-25,3.55,True
14504,146,27,160,2026-06-29,6.38,True
14505,146,24,147,2026-06-26,0.68,False
14506,146,19,112,2026-06-29,2.65,True
14507,146,30,176,2026-06-25,4.65,True
14508,146,19,118,2026-06-29,3.16,True
14509,146,1,,2026-06-25,3.66,True
14510,146,13,75,2026-06-26,6.17,False
14511,146,4,28,2026-06-30,6.45,True
14512,146,25,155,2026-06-30,5.12,True
14513,146,18,104,2026-06-26,3.41,True
14514,146,26,157,2026-06-25,1.12,False
14515,146,4,26,2026-06-29,5.87,True
14516,146,4,27,2026-06-30,0.58,True
14517,146,1,7,2026-06-29,6.94,True
14518,146,29,,2026-06-26,6.07,False
14519,146,2,10,2026-06-26,5.56,True
14520,146,16,94,2026-06-30,7.65,True
14521,146,27,161,2026-06-29,2.65,True
14522,146,17,102,2026-06-29,7.81,True
14523,146,1,7,2026-06-29,6.89,False
14524,146,23,,2026-06-29,5.99,False
14525,146,10,,2026-06-25,7.79,True
14526,146,6,40,2026-06-26,6.85,False
14527,146,12,70,2026-06-25,0.57,True
14528,146,2,9,2026-06-30,4.78,True
14529,146,7,43,2026-06-29,6.68,True
14530,146,10,60,2026-06-25,6.49,True
14531,146,9,52,2026-06-25,2.56,True
14532,146,7,42,2026-06-30,1.45,True
14533,146,19,112,2026-06-25,0.58,True
14534,146,21,131,2026-06-26,6.26,True
14535,146,5,35,2026-06-30,6.7,True
14536,146,15,87,2026-06-26,7.3,False
14537,146,21,128,2026-06-25,4.51,False
14538,146,27,162,2026-06-25,3.1,False
14539,147,20,122,2025-07-08,5.26,True
14540,147,19,112,2024-07-01,0.85,True
14541,147,5,31,2025-08-21,6.37,True
14542,147,4,26,2024-06-13,2.99,True
14543,147,7,42,2025-12-18,7.61,True
14544,147,15,89,2025-11-26,1.65,False
14545,147,8,46,2025-10-16,4.83,True
14546,147,1,1,2025-03-26,2.54,True
14547,147,1,3,2025-10-03,2.37,True
14548,147,1,5,2023-07-07,4.38,True
14549,147,4,,2024-09-03,1.97,True
14550,147,9,53,2025-07-30,0.79,False
14551,147,17,97,2026-04-21,4.5,True
14552,147,26,156,2023-11-15,2.52,True
14553,147,9,,2024-01-23,7.39,True
14554,147,8,45,2023-08-23,6.15,True
14555,147,30,179,2026-06-16,0.82,False
14556,147,18,105,2023-09-14,0.79,True
14557,147,1,4,2024-01-03,4.26,False
14558,147,22,136,2025-08-13,1.9,True
14559,147,6,40,2026-06-15,1.86,True
14560,147,6,38,2025-02-07,7.73,False
14561,147,14,83,2024-11-12,4.54,True
14562,147,14,82,2023-10-25,2.4,True
14563,147,6,41,2023-08-07,2.17,False
14564,147,21,133,2025-08-21,5.9,True
14565,147,4,21,2023-11-10,2.46,False
14566,147,3,17,2024-04-04,6.66,True
14567,147,17,101,2024-03-22,6.33,False
14568,147,23,142,2024-05-01,3.72,True
14569,147,22,137,2024-07-25,5.0,False
14570,147,23,141,2024-01-15,2.87,True
14571,147,2,8,2024-02-29,4.43,False
14572,147,30,178,2026-02-18,5.67,True
14573,147,3,18,2023-08-16,4.82,True
14574,147,18,108,2024-03-29,4.23,True
14575,147,3,17,2026-01-27,7.33,False
14576,147,20,122,2024-03-26,6.17,True
14577,147,25,155,2023-11-23,7.29,True
14578,147,26,157,2026-03-31,6.56,True
14579,147,18,109,2024-07-18,6.45,True
14580,147,22,136,2026-03-20,3.96,True
14581,147,21,129,2025-01-31,1.84,True
14582,147,24,,2024-12-10,3.87,True
14583,147,27,161,2024-03-25,2.66,False
14584,147,11,67,2025-04-29,0.8,True
14585,147,19,111,2025-09-18,5.89,True
14586,147,16,,2026-01-19,5.13,True
14587,147,26,159,2024-08-14,5.89,True
14588,147,4,27,2024-04-30,6.24,True
14589,147,1,5,2023-09-07,7.25,False
14590,147,12,72,2026-01-01,1.15,False
14591,147,24,150,2025-11-19,2.46,True
14592,147,11,64,2024-12-31,5.91,True
14593,147,26,158,2026-01-16,6.29,True
14594,147,23,138,2025-07-07,5.06,True
14595,147,12,71,2023-12-22,6.96,True
14596,147,8,,2025-07-01,5.35,True
14597,147,28,168,2025-12-09,3.65,True
14598,147,15,88,2025-11-19,6.46,True
14599,147,28,169,2024-06-14,3.48,True
14600,147,15,87,2023-07-20,2.79,False
14601,147,9,,2025-09-16,6.82,True
14602,147,11,66,2025-02-06,6.02,True
14603,147,17,100,2025-01-02,4.76,True
14604,147,11,67,2023-10-26,3.49,True
14605,147,17,99,2025-02-20,7.73,False
14606,147,21,128,2024-12-19,4.61,True
14607,147,25,151,2023-09-25,3.76,False
14608,147,22,136,2024-09-24,2.24,True
14609,147,18,104,2023-10-06,5.64,True
14610,147,19,,2026-06-04,7.73,False
14611,147,17,99,2024-02-06,4.23,True
14612,147,22,135,2024-07-05,3.14,True
14613,147,20,124,2024-08-28,6.16,True
14614,147,29,172,2025-06-06,1.14,False
14615,147,6,41,2026-03-30,6.71,True
14616,147,5,29,2026-05-19,3.41,True
14617,147,11,64,2025-05-09,0.85,True
14618,147,11,65,2025-07-09,6.19,True
14619,147,12,70,2025-03-18,5.02,True
14620,147,15,,2026-02-26,3.19,True
14621,147,10,55,2023-12-26,4.95,True
14622,147,5,35,2024-04-17,2.13,True
14623,147,14,84,2023-07-21,7.39,True
14624,147,16,94,2025-10-24,7.74,True
14625,147,4,23,2026-03-30,5.89,True
14626,147,5,32,2024-08-14,5.6,True
14627,147,18,108,2025-07-08,4.54,True
14628,147,27,164,2024-12-26,4.52,True
14629,147,23,140,2025-12-02,2.37,False
14630,147,23,138,2025-10-21,3.81,True
14631,147,18,104,2023-08-18,7.07,True
14632,147,22,136,2025-08-13,6.25,False
14633,147,27,161,2024-07-26,4.58,True
14634,147,20,125,2026-06-04,1.38,True
14635,147,3,16,2026-06-23,1.74,True
14636,147,7,44,2024-12-09,5.43,True
14637,147,9,50,2023-07-10,6.82,True
14638,147,11,63,2025-05-02,5.89,True
14639,147,12,,2025-01-06,1.15,True
14640,147,7,43,2024-06-10,1.53,True
14641,147,30,179,2026-03-13,5.53,True
14642,148,14,81,2026-06-15,7.08,True
14643,148,14,81,2026-04-30,5.42,False
14644,148,17,98,2026-05-26,2.1,True
14645,148,6,41,2026-01-20,7.26,True
14646,148,24,146,2026-06-23,3.64,True
14647,148,16,92,2026-03-31,3.64,True
14648,148,16,91,2026-04-27,5.97,True
14649,148,7,42,2026-03-18,1.05,True
14650,148,1,5,2026-06-22,4.07,True
14651,148,29,173,2025-12-12,5.62,False
14652,148,6,39,2026-04-16,3.04,True
14653,148,3,19,2026-04-17,1.74,False
14654,148,18,103,2025-12-30,6.76,True
14655,148,18,108,2026-01-16,5.94,True
14656,148,29,174,2026-04-21,6.59,True
14657,148,29,173,2026-05-18,7.87,False
14658,148,26,156,2025-12-26,6.54,True
14659,148,3,20,2026-01-09,4.67,True
14660,148,23,143,2026-01-02,0.61,True
14661,148,28,167,2026-03-03,7.92,True
14662,148,6,39,2026-05-28,4.23,True
14663,148,8,45,2025-12-30,7.1,True
14664,148,6,40,2026-05-21,5.32,True
14665,148,8,45,2026-02-05,7.11,True
14666,148,29,,2026-05-13,4.57,True
14667,148,17,97,2026-06-17,7.24,True
14668,148,11,67,2026-03-30,4.94,True
14669,148,19,114,2025-12-31,4.85,True
14670,148,22,,2026-06-04,1.31,True
14671,148,22,134,2026-06-25,5.74,True
14672,148,21,129,2026-02-24,1.07,True
14673,148,11,62,2026-01-08,2.42,False
14674,148,27,165,2026-05-05,2.16,False
14675,148,6,37,2026-05-06,6.19,False
14676,148,5,33,2026-02-24,4.29,True
14677,148,28,169,2026-01-27,7.76,True
14678,148,27,162,2026-05-18,0.77,True
14679,148,21,,2025-12-19,6.01,True
14680,148,27,161,2026-06-11,5.75,True
14681,148,17,,2026-03-20,2.52,True
14682,148,30,175,2026-03-18,3.98,True
14683,148,14,82,2026-06-23,3.4,True
14684,148,21,129,2026-02-17,5.03,True
14685,148,13,77,2026-03-27,7.74,True
14686,148,14,82,2026-02-10,6.04,True
14687,148,23,139,2026-06-16,4.08,True
14688,148,20,120,2026-03-18,2.6,True
14689,148,9,51,2026-06-08,3.17,True
14690,148,16,92,2026-05-05,3.19,True
14691,148,26,156,2026-02-09,1.6,True
14692,148,14,82,2026-02-02,2.38,False
14693,148,13,78,2026-01-20,4.18,True
14694,148,1,1,2026-02-06,7.3,True
14695,148,24,147,2026-01-02,4.91,False
14696,148,14,81,2026-06-12,4.1,True
14697,148,19,114,2026-01-22,3.09,True
14698,148,3,18,2026-01-19,4.59,False
14699,148,13,75,2026-03-05,2.01,False
14700,148,2,15,2026-06-03,5.82,True
14701,148,18,104,2025-12-31,7.85,True
14702,148,1,7,2025-12-22,2.52,True
14703,148,26,157,2026-01-29,3.58,True
14704,148,1,6,2026-05-21,3.26,True
14705,148,7,42,2026-04-07,5.88,True
14706,148,13,73,2026-06-15,6.66,True
14707,148,11,65,2026-01-29,5.92,False
14708,148,4,23,2026-03-06,2.01,True
14709,148,30,176,2026-05-26,2.12,True
14710,148,2,8,2026-06-30,7.97,True
14711,148,21,128,2026-04-17,5.12,True
14712,148,12,71,2025-12-24,5.03,False
14713,148,28,170,2026-02-17,2.46,True
14714,148,19,116,2026-03-19,3.24,True
14715,148,13,78,2026-01-07,2.44,False
14716,148,15,90,2026-06-04,4.24,True
14717,148,23,139,2026-02-03,0.99,True
14718,148,26,156,2026-03-30,2.46,False
14719,148,9,52,2026-06-30,2.14,True
14720,148,1,4,2026-05-25,5.7,False
14721,148,4,,2026-03-16,5.42,True
14722,148,15,89,2026-01-30,4.03,False
14723,148,26,156,2026-01-27,2.82,True
14724,148,5,,2026-04-21,2.94,False
14725,148,10,,2026-01-02,0.83,True
14726,148,16,93,2026-02-12,4.53,True
14727,148,22,137,2026-04-30,2.13,True
14728,148,18,103,2026-05-15,2.2,True
14729,148,22,134,2026-02-10,2.34,True
14730,148,8,46,2026-01-26,4.16,True
14731,148,7,42,2026-01-22,7.63,True
14732,148,7,42,2026-02-25,5.05,False
14733,148,2,,2026-05-14,6.67,True
14734,149,7,44,2026-03-18,3.4,False
14735,149,27,,2025-07-04,7.29,False
14736,149,5,31,2025-09-19,4.83,True
14737,149,3,16,2025-03-05,6.15,True
14738,149,22,137,2026-06-26,6.75,False
14739,149,15,90,2025-12-09,6.83,True
14740,149,11,66,2026-02-18,5.07,True
14741,149,5,35,2025-06-02,7.84,True
14742,149,3,16,2025-06-20,5.58,True
14743,149,20,,2026-06-05,1.08,True
14744,149,21,129,2026-04-21,4.71,True
14745,149,9,52,2025-02-20,1.17,True
14746,149,12,72,2026-02-18,1.58,False
14747,149,24,149,2026-01-19,2.15,True
14748,149,10,60,2025-07-15,4.89,False
14749,149,27,161,2026-03-03,0.95,True
14750,149,4,26,2026-03-18,3.46,True
14751,149,1,4,2024-12-26,3.63,True
14752,149,23,141,2025-09-18,5.2,True
14753,149,8,49,2025-01-10,0.73,True
14754,149,18,109,2026-03-26,3.47,False
14755,149,22,,2025-07-04,1.51,True
14756,149,19,112,2025-05-05,5.28,False
14757,149,1,6,2024-10-03,2.45,True
14758,149,13,76,2025-10-30,1.97,False
14759,149,1,4,2025-12-03,1.34,True
14760,149,2,,2025-11-13,5.34,True
14761,149,14,85,2025-07-21,7.42,True
14762,149,16,92,2026-03-24,6.97,False
14763,149,22,136,2025-01-02,3.59,True
14764,149,4,26,2026-06-25,4.09,True
14765,149,7,44,2025-05-16,2.7,True
14766,149,15,90,2026-02-11,2.24,False
14767,149,9,53,2025-09-23,5.68,True
14768,149,4,21,2024-11-14,2.72,True
14769,149,25,151,2025-01-30,1.86,True
14770,149,15,89,2025-10-24,3.18,False
14771,149,18,108,2024-11-20,3.62,False
14772,149,7,44,2025-02-06,3.21,True
14773,149,19,115,2024-11-14,4.16,True
14774,149,26,157,2026-02-25,4.21,False
14775,149,3,18,2025-09-30,4.64,True
14776,149,10,61,2025-03-31,5.47,True
14777,149,19,112,2025-12-23,2.12,True
14778,149,26,159,2026-04-03,1.44,True
14779,149,8,45,2025-05-14,7.74,True
14780,149,20,,2025-02-10,3.69,True
14781,149,12,70,2025-07-10,3.36,False
14782,149,25,154,2025-05-23,4.1,False
14783,149,11,65,2026-03-27,5.32,False
14784,149,6,39,2024-10-29,0.79,True
14785,149,15,87,2025-12-26,3.24,False
14786,149,7,44,2024-09-13,7.81,True
14787,149,3,,2025-03-12,6.69,True
14788,149,23,138,2026-04-06,5.06,False
14789,149,8,46,2026-01-21,5.5,False
14790,149,26,157,2025-11-21,2.56,True
14791,149,7,44,2025-11-27,1.0,True
14792,149,20,124,2026-01-08,3.03,True
14793,149,12,70,2026-03-04,6.54,False
14794,149,9,,2026-02-16,2.81,True
14795,149,22,136,2026-03-18,6.41,True
14796,149,21,126,2025-10-31,3.14,True
14797,149,11,67,2026-03-25,5.04,True
14798,149,17,102,2024-11-01,4.99,False
14799,149,13,76,2025-06-24,6.05,False
14800,149,22,137,2025-10-30,2.12,True
14801,149,22,134,2026-06-23,7.29,True
14802,149,14,81,2026-01-09,4.34,True
14803,149,30,179,2025-03-24,4.41,True
14804,149,9,54,2025-04-11,0.51,True
14805,149,23,143,2025-06-30,5.94,False
14806,149,25,152,2026-01-14,6.27,True
14807,149,6,37,2025-01-09,5.5,False
14808,149,28,171,2024-10-11,4.35,True
14809,149,21,130,2025-05-02,6.96,True
14810,149,21,,2024-11-11,6.71,True
14811,149,25,152,2026-01-08,4.7,False
14812,149,5,33,2026-01-05,4.29,True
14813,149,28,170,2026-04-29,7.1,True
14814,149,23,139,2025-11-06,5.81,True
14815,149,26,157,2025-04-24,1.41,True
14816,149,23,140,2025-09-26,5.81,False
14817,149,7,43,2025-04-04,4.61,False
14818,149,21,133,2025-06-09,1.13,True
14819,149,22,134,2026-06-09,6.81,True
14820,149,16,,2025-12-01,2.95,True
14821,149,19,115,2026-02-06,2.86,True
14822,149,22,134,2025-02-10,5.14,True
14823,149,2,9,2026-06-16,7.91,True
14824,149,1,4,2024-09-30,4.18,True
14825,149,24,,2025-06-25,6.69,True
14826,149,12,,2025-10-03,2.34,False
14827,149,30,177,2025-12-29,2.37,True
14828,149,14,85,2025-07-02,3.95,True
14829,149,4,26,2024-10-10,4.3,False
14830,149,22,137,2026-03-10,7.88,True
14831,149,23,139,2025-02-13,3.08,False
14832,149,29,174,2026-04-16,2.1,False
14833,149,19,,2026-06-03,7.86,True
14834,149,27,163,2026-03-11,5.58,True
14835,149,22,134,2025-09-09,3.05,False
14836,149,25,152,2025-11-21,4.18,True
14837,149,3,20,2024-11-06,4.89,True
14838,149,26,159,2025-06-11,3.42,True
14839,150,28,169,2024-07-31,4.31,True
14840,150,19,116,2024-12-17,3.16,False
14841,150,15,88,2026-04-27,0.95,False
14842,150,12,71,2023-08-08,4.56,True
14843,150,3,19,2025-12-15,6.93,False
14844,150,29,174,2025-04-10,3.34,True
14845,150,29,172,2023-07-21,7.97,True
14846,150,19,115,2024-11-27,2.79,False
14847,150,27,,2025-12-01,3.29,True
14848,150,25,,2026-04-06,7.22,True
14849,150,8,45,2024-07-31,5.52,True
14850,150,18,108,2024-04-11,4.16,True
14851,150,27,160,2024-06-10,1.44,True
14852,150,29,174,2025-06-24,2.58,False
14853,150,16,92,2024-10-07,7.03,True
14854,150,20,124,2024-04-16,3.37,True
14855,150,18,,2024-05-16,7.65,True
14856,150,1,4,2025-11-14,7.74,True
14857,150,18,106,2025-11-06,2.82,True
14858,150,16,94,2023-08-08,4.48,True
14859,150,22,135,2023-12-13,6.17,False
14860,150,1,5,2023-10-06,1.73,False
14861,150,1,7,2025-06-24,7.93,True
14862,150,9,50,2025-10-23,4.6,True
14863,150,2,15,2025-07-02,2.26,False
14864,150,12,72,2025-10-03,2.78,True
14865,150,6,39,2023-10-13,7.28,False
14866,150,8,46,2026-05-06,1.75,True
14867,150,13,75,2025-03-21,6.64,False
14868,150,2,12,2023-07-06,1.51,False
14869,150,13,74,2026-03-11,7.32,True
14870,150,2,,2024-05-21,7.27,True
14871,150,21,128,2024-10-23,4.31,True
14872,150,1,5,2026-06-04,1.79,False
14873,150,30,175,2024-12-09,3.22,True
14874,150,10,58,2024-11-14,4.47,True
14875,150,10,61,2025-03-19,1.72,True
14876,150,12,70,2025-02-28,6.43,True
14877,150,13,74,2024-07-23,6.97,True
14878,150,5,30,2025-05-13,7.36,True
14879,150,20,,2026-04-21,2.55,False
14880,150,10,61,2023-12-27,4.19,True
14881,150,6,41,2026-03-20,3.83,True
14882,150,9,53,2025-08-26,3.34,True
14883,150,15,90,2025-02-14,7.67,True
14884,150,21,129,2024-04-26,1.71,True
14885,150,25,154,2026-05-01,7.91,False
14886,150,5,30,2024-02-08,7.68,True
14887,150,17,98,2024-04-17,2.68,False
14888,150,21,132,2024-05-31,4.46,True
14889,150,18,107,2026-03-25,2.74,True
14890,150,11,67,2024-09-03,0.96,True
14891,150,29,174,2025-05-20,4.7,True
14892,150,26,156,2024-09-09,4.41,True
14893,150,30,177,2024-02-26,2.07,True
14894,150,13,78,2023-10-02,7.36,False
14895,150,8,46,2023-11-27,5.82,False
14896,150,14,81,2025-06-04,5.96,True
14897,150,2,8,2024-09-11,2.03,True
14898,150,6,39,2025-03-28,3.86,True
14899,150,29,173,2025-07-18,6.16,True
14900,150,8,47,2024-06-13,3.21,True
14901,150,6,38,2023-08-28,4.9,True
14902,150,3,16,2025-04-11,5.94,True
14903,150,8,49,2024-03-13,6.47,True
14904,150,3,16,2025-05-26,0.67,False
14905,150,10,57,2024-02-28,6.68,True
14906,150,9,51,2024-05-15,3.55,False
14907,150,28,166,2025-05-09,5.41,True
14908,150,17,99,2025-04-02,6.07,True
14909,150,29,174,2024-10-28,7.89,True
14910,150,17,102,2026-04-08,0.91,True
14911,150,10,55,2023-12-01,1.82,False
14912,150,14,,2025-09-22,0.63,True
14913,150,29,,2024-12-02,0.98,True
14914,150,17,,2024-09-20,5.26,False
14915,150,12,71,2025-12-05,1.01,True
14916,150,11,69,2024-03-29,4.4,False
14917,150,1,6,2024-09-04,4.93,True
14918,150,7,44,2025-02-21,5.68,True
14919,150,27,160,2024-11-07,1.72,False
14920,150,11,66,2026-05-25,7.38,True
14921,150,17,100,2023-11-27,5.67,True
14922,150,25,151,2025-06-23,3.04,True
14923,150,24,149,2025-05-05,4.18,True
14924,150,12,70,2026-06-09,1.63,True
14925,150,22,134,2026-03-19,2.15,True
14926,150,5,31,2025-03-11,3.37,True
14927,150,4,22,2024-01-30,0.5,False
14928,150,26,159,2024-01-18,5.66,True
14929,150,23,141,2023-08-14,1.49,True
14930,150,18,110,2026-03-17,5.03,False
14931,151,23,142,2025-07-28,7.17,True
14932,151,11,,2025-08-29,2.1,True
14933,151,29,172,2024-12-17,2.9,True
14934,151,27,161,2026-02-20,5.37,True
14935,151,21,129,2025-06-12,2.38,False
14936,151,7,44,2025-03-28,4.78,True
14937,151,26,156,2026-06-23,1.71,True
14938,151,15,88,2024-11-27,1.39,True
14939,151,25,154,2023-09-29,1.75,False
14940,151,22,134,2025-09-15,6.03,False
14941,151,8,45,2026-04-07,3.92,True
14942,151,29,,2024-08-26,5.61,False
14943,151,9,50,2026-04-23,5.3,False
14944,151,16,,2024-10-11,1.44,True
14945,151,29,173,2024-06-06,6.47,True
14946,151,1,6,2025-02-14,4.97,False
14947,151,11,63,2026-06-01,0.73,True
14948,151,5,,2023-08-30,5.35,True
14949,151,9,54,2025-03-20,6.1,True
14950,151,1,7,2024-05-27,2.54,True
14951,151,13,79,2023-08-23,5.1,True
14952,151,6,37,2025-08-18,7.31,True
14953,151,30,178,2023-07-28,7.5,True
14954,151,16,92,2025-07-10,7.21,True
14955,151,10,60,2026-01-20,4.31,False
14956,151,30,178,2024-10-14,3.38,False
14957,151,28,,2024-09-10,5.6,True
14958,151,2,,2025-10-06,5.19,True
14959,151,4,27,2026-01-05,0.77,False
14960,151,20,125,2024-09-05,7.32,False
14961,151,26,159,2026-04-15,6.4,False
14962,151,19,116,2024-12-11,3.08,True
14963,151,17,102,2024-05-06,5.92,True
14964,151,22,135,2025-01-24,3.86,True
14965,151,26,158,2026-06-10,3.42,True
14966,151,21,127,2024-01-16,2.65,True
14967,151,30,177,2023-09-04,5.24,True
14968,151,17,100,2026-05-13,6.91,True
14969,151,21,131,2026-03-26,0.66,True
14970,151,30,176,2024-08-05,5.03,True
14971,151,15,88,2025-12-04,7.81,False
14972,151,13,76,2025-03-04,3.54,False
14973,151,22,,2024-05-22,5.35,False
14974,151,25,155,2025-10-08,7.37,True
14975,151,30,176,2025-12-25,7.94,True
14976,151,14,81,2025-01-17,1.09,True
14977,151,8,47,2026-05-21,7.63,True
14978,151,10,56,2026-03-18,0.89,True
14979,151,14,83,2024-11-14,5.64,True
14980,151,30,175,2025-03-10,3.73,False
14981,151,8,48,2024-05-24,1.32,True
14982,151,21,126,2024-09-25,5.29,True
14983,151,17,99,2025-05-14,6.52,False
14984,151,16,96,2026-03-10,4.77,True
14985,151,1,5,2025-05-20,0.98,True
14986,151,22,135,2024-11-04,7.79,True
14987,151,30,177,2024-12-31,5.91,True
14988,151,13,74,2026-05-29,4.71,True
14989,151,11,,2023-07-07,7.29,True
14990,151,30,178,2026-02-02,3.59,True
14991,151,27,162,2024-06-24,4.2,False
14992,151,28,168,2023-12-28,7.54,False
14993,151,27,164,2024-08-29,1.49,True
14994,151,19,113,2024-04-15,2.57,True
14995,151,13,73,2025-02-06,1.43,True
14996,151,15,,2023-08-31,0.64,True
14997,151,3,16,2025-11-27,4.21,False
14998,151,26,157,2024-01-05,7.49,True
14999,151,10,59,2025-10-09,5.6,True
15000,151,11,63,2025-06-23,5.11,True
15001,151,27,164,2024-05-17,3.91,False
15002,151,26,159,2024-06-13,1.69,False
15003,151,15,,2025-07-15,4.73,False
15004,151,17,98,2025-04-16,3.99,True
15005,151,13,75,2025-05-12,6.64,False
15006,151,7,,2025-12-12,3.4,True
15007,151,3,17,2026-02-03,4.79,True
15008,151,6,37,2025-10-23,5.79,False
15009,151,15,88,2024-01-05,6.71,False
15010,151,3,16,2024-01-11,6.43,False
15011,151,8,,2024-10-09,1.04,True
15012,151,8,46,2023-10-27,2.44,True
15013,151,1,4,2025-08-08,7.77,True
15014,151,13,73,2025-07-29,1.58,True
15015,151,5,35,2025-05-13,1.1,False
15016,151,28,169,2024-04-15,4.34,True
15017,151,3,16,2025-08-27,4.7,True
15018,151,22,135,2026-06-29,3.13,True
15019,151,22,135,2025-02-14,0.78,True
15020,151,21,128,2024-12-24,7.31,True
15021,151,9,50,2025-03-19,5.05,True
15022,151,11,65,2026-01-22,2.62,False
15023,151,29,173,2024-07-16,6.83,True
15024,151,11,66,2026-03-27,5.64,True
15025,151,21,,2026-02-04,7.44,True
15026,151,7,44,2025-08-14,1.25,True
15027,151,1,,2024-09-02,3.51,False
15028,151,15,87,2023-09-06,3.04,True
15029,152,12,70,2025-10-14,0.73,True
15030,152,17,98,2026-01-13,7.67,True
15031,152,20,121,2025-06-25,2.43,True
15032,152,11,69,2023-10-09,1.06,False
15033,152,2,8,2025-03-18,2.01,True
15034,152,18,105,2024-01-16,3.92,True
15035,152,20,120,2024-09-27,3.46,False
15036,152,3,19,2025-11-03,1.37,True
15037,152,15,90,2024-02-01,7.83,False
15038,152,18,103,2024-03-05,3.81,False
15039,152,17,100,2025-05-20,4.61,True
15040,152,11,68,2023-12-22,7.16,True
15041,152,6,41,2024-11-15,2.74,True
15042,152,30,179,2025-04-30,1.36,True
15043,152,3,19,2024-09-26,3.66,False
15044,152,20,119,2024-01-15,4.18,False
15045,152,27,162,2025-06-10,6.47,True
15046,152,19,115,2026-03-11,5.8,True
15047,152,30,175,2024-08-01,2.04,True
15048,152,15,,2025-08-27,1.26,True
15049,152,16,95,2026-02-13,0.51,False
15050,152,8,46,2026-05-18,4.76,True
15051,152,8,48,2023-11-13,0.54,True
15052,152,5,29,2023-12-22,5.76,True
15053,152,23,143,2025-07-21,1.31,False
15054,152,29,173,2025-05-14,1.33,True
15055,152,20,125,2026-06-30,6.89,True
15056,152,28,167,2024-08-29,3.94,True
15057,152,23,142,2025-10-01,1.79,True
15058,152,24,146,2025-08-27,1.38,True
15059,152,13,78,2023-07-20,5.36,True
15060,152,6,41,2025-11-12,3.96,False
15061,152,10,57,2026-04-29,7.94,False
15062,152,19,111,2024-11-21,6.38,True
15063,152,7,42,2024-11-28,4.63,True
15064,152,20,120,2024-10-15,1.95,True
15065,152,29,172,2025-05-22,4.19,True
15066,152,15,90,2025-08-11,7.81,True
15067,152,28,169,2024-07-04,1.85,False
15068,152,11,63,2025-06-25,5.05,True
15069,152,25,,2024-09-25,4.19,False
15070,152,21,129,2023-12-05,1.21,True
15071,152,26,157,2024-02-09,4.13,True
15072,152,22,135,2025-06-12,7.23,False
15073,152,6,41,2023-11-14,7.76,False
15074,152,28,170,2025-01-01,6.46,False
15075,152,2,11,2025-02-04,3.76,False
15076,152,30,177,2025-09-22,7.63,True
15077,152,19,118,2024-10-25,4.54,True
15078,152,28,170,2025-06-02,7.06,True
15079,152,25,153,2025-09-17,4.55,True
15080,152,18,105,2025-02-12,3.81,True
15081,152,8,46,2026-05-26,4.49,True
15082,152,15,88,2026-05-22,0.93,True
15083,152,3,19,2023-07-11,4.77,False
15084,152,12,70,2023-11-13,7.66,False
15085,152,20,124,2026-02-03,4.55,True
15086,152,1,1,2023-09-01,4.48,True
15087,152,9,52,2026-04-08,1.88,True
15088,152,4,27,2024-08-02,7.62,False
15089,152,4,,2025-06-06,1.16,True
15090,152,6,38,2026-03-02,5.02,True
15091,152,12,71,2026-01-28,4.38,True
15092,152,30,176,2023-12-12,5.24,True
15093,152,17,99,2023-09-29,7.41,True
15094,152,8,49,2023-12-08,2.85,False
15095,152,8,46,2024-12-30,0.86,True
15096,152,7,43,2026-02-02,2.62,True
15097,152,6,39,2024-11-15,4.78,True
15098,152,9,54,2023-07-26,2.62,True
15099,152,6,41,2024-09-04,0.86,True
15100,152,20,121,2025-06-30,6.24,True
15101,152,3,20,2025-09-30,6.67,True
15102,152,27,165,2023-09-20,6.67,True
15103,152,6,,2024-10-01,1.14,True
15104,152,13,,2024-11-29,5.43,True
15105,152,22,135,2024-03-22,4.31,True
15106,152,24,150,2024-03-15,4.14,False
15107,152,3,,2025-01-30,7.35,True
15108,152,9,52,2024-02-07,7.34,True
15109,152,29,172,2025-02-27,7.63,True
15110,152,22,135,2024-07-30,1.82,True
15111,152,28,168,2025-04-23,6.91,True
15112,152,26,156,2024-08-29,6.5,False
15113,152,12,70,2024-07-17,3.83,True
15114,152,18,105,2026-06-12,2.81,True
15115,152,12,70,2026-01-19,4.02,True
15116,152,30,179,2024-07-23,4.25,False
15117,152,24,149,2026-03-04,6.87,True
15118,152,8,47,2023-07-19,4.3,True
15119,152,23,141,2025-02-10,3.74,True
15120,152,2,15,2025-03-19,7.86,True
15121,152,27,161,2024-05-10,2.37,False
15122,152,11,66,2024-07-29,0.7,True
15123,152,29,174,2026-01-02,7.26,True
15124,152,1,5,2023-12-13,5.21,True
15125,152,18,109,2024-02-01,0.77,True
15126,152,3,17,2023-10-20,2.48,True
15127,152,4,24,2026-06-10,7.64,False
15128,152,4,28,2025-02-07,5.2,True
15129,152,2,8,2025-01-31,6.98,True
15130,152,9,52,2026-04-17,7.36,True
15131,152,12,70,2025-08-01,0.66,True
15132,152,30,176,2024-07-31,4.4,False
15133,152,19,117,2024-09-13,6.15,False
15134,152,2,13,2023-11-16,3.08,False
15135,152,18,109,2025-05-28,7.69,True
15136,152,14,81,2024-07-29,0.96,True
15137,152,13,,2023-10-10,2.58,True
15138,152,13,74,2026-06-24,4.8,True
15139,153,27,163,2025-06-24,6.68,True
15140,153,21,132,2023-07-14,6.37,True
15141,153,1,1,2025-05-22,6.57,True
15142,153,19,117,2024-12-23,3.35,True
15143,153,22,135,2024-10-25,4.47,True
15144,153,7,44,2024-05-31,1.85,True
15145,153,9,50,2024-12-16,7.35,True
15146,153,19,115,2025-10-02,3.73,True
15147,153,22,,2025-02-03,1.32,True
15148,153,30,178,2023-10-04,3.34,True
15149,153,18,,2024-07-31,6.6,True
15150,153,10,55,2024-08-21,2.69,False
15151,153,28,166,2024-11-20,0.57,True
15152,153,27,162,2026-06-11,5.17,True
15153,153,25,153,2025-04-25,2.02,True
15154,153,18,103,2023-08-23,3.99,True
15155,153,21,131,2023-11-29,3.57,True
15156,153,21,130,2024-01-23,1.05,False
15157,153,10,60,2023-10-20,5.64,True
15158,153,11,64,2025-07-01,3.81,True
15159,153,1,2,2026-02-09,2.99,False
15160,153,5,31,2024-10-02,6.05,True
15161,153,26,,2026-02-04,5.91,True
15162,153,20,123,2024-10-30,3.74,True
15163,153,23,138,2025-11-14,6.36,True
15164,153,14,85,2025-08-04,6.65,True
15165,153,12,,2023-07-27,1.0,True
15166,153,25,155,2025-12-19,6.46,True
15167,153,1,3,2024-09-10,4.08,False
15168,153,8,47,2026-03-05,7.92,True
15169,153,8,48,2025-04-25,4.52,False
15170,153,2,10,2024-04-23,2.1,False
15171,153,14,81,2024-05-29,3.18,False
15172,153,16,95,2024-01-01,3.48,True
15173,153,20,120,2026-04-17,7.16,True
15174,153,26,157,2026-06-12,0.66,True
15175,153,14,81,2025-12-16,2.46,True
15176,153,29,172,2025-08-29,3.26,False
15177,153,26,159,2025-12-08,1.29,True
15178,153,23,,2024-04-11,7.43,True
15179,153,22,136,2026-04-22,7.9,False
15180,153,29,173,2024-12-11,7.57,True
15181,153,20,121,2023-09-20,0.76,True
15182,153,2,14,2025-02-27,3.14,False
15183,153,29,174,2025-01-10,5.82,True
15184,153,14,,2024-05-09,5.88,True
15185,153,3,17,2024-12-11,7.46,False
15186,153,8,45,2024-11-01,4.37,True
15187,153,8,46,2025-08-28,3.11,True
15188,153,24,145,2024-05-08,2.96,True
15189,153,26,,2026-02-06,1.78,True
15190,153,15,90,2024-04-09,0.61,False
15191,153,21,127,2025-02-26,4.85,True
15192,153,17,100,2024-04-19,5.79,True
15193,153,4,27,2026-03-02,7.13,False
15194,153,22,135,2024-02-14,5.99,True
15195,153,26,156,2025-02-06,3.29,True
15196,153,26,158,2023-10-20,2.21,True
15197,153,27,164,2025-03-03,7.66,True
15198,153,7,43,2025-10-16,3.25,False
15199,153,18,103,2025-04-10,1.66,False
15200,153,2,,2023-09-28,4.56,True
15201,153,23,141,2025-01-16,5.96,True
15202,153,28,171,2023-12-06,0.61,True
15203,153,2,11,2023-10-05,6.68,True
15204,153,26,156,2024-02-08,3.54,True
15205,153,17,100,2026-03-09,2.56,True
15206,153,7,,2026-02-02,3.15,False
15207,153,17,99,2026-04-24,6.34,True
15208,153,6,37,2024-11-01,4.64,True
15209,153,21,131,2024-03-12,6.11,True
15210,153,16,,2025-12-25,4.41,True
15211,153,19,111,2024-05-27,5.93,True
15212,153,30,175,2024-04-08,6.63,True
15213,153,7,43,2026-02-05,5.31,False
15214,153,2,12,2025-05-19,3.74,False
15215,153,16,95,2026-04-09,3.15,True
15216,153,1,6,2023-08-16,6.92,False
15217,153,27,163,2025-10-23,7.44,True
15218,153,15,89,2024-11-12,1.85,True
15219,153,11,69,2026-02-02,2.06,True
15220,153,1,1,2025-01-20,5.03,False
15221,153,21,130,2024-06-05,1.62,True
15222,153,29,173,2024-12-10,7.1,True
15223,153,23,140,2025-08-04,6.71,False
15224,153,21,132,2026-02-23,1.71,True
15225,153,16,95,2024-06-26,6.64,True
15226,153,24,147,2025-01-09,7.98,True
15227,153,23,142,2026-05-22,1.51,True
15228,153,30,178,2025-05-14,5.22,True
15229,153,21,127,2023-11-09,4.61,True
15230,153,6,38,2024-11-07,7.28,True
15231,153,10,58,2025-09-30,7.47,True
15232,153,22,136,2024-01-04,7.92,True
15233,153,9,,2026-04-21,1.5,True
15234,153,19,117,2025-09-24,3.97,True
15235,153,21,131,2023-09-29,7.2,True
15236,153,9,50,2025-12-23,6.69,False
15237,153,22,134,2025-06-06,7.62,False
15238,153,26,,2025-03-24,1.76,False
15239,153,26,156,2025-12-05,5.35,True
15240,153,22,134,2024-11-07,6.13,True
15241,153,23,141,2023-07-27,4.33,True
15242,153,17,,2025-01-28,6.45,True
15243,153,10,60,2024-09-05,0.83,True
15244,153,2,10,2024-08-26,0.99,False
15245,153,17,100,2023-11-15,5.06,True
15246,154,19,114,2025-08-18,6.89,True
15247,154,6,41,2023-12-27,0.83,True
15248,154,14,82,2023-12-28,7.79,True
15249,154,26,158,2024-10-29,3.53,True
15250,154,22,136,2026-05-06,3.24,True
15251,154,16,91,2025-12-09,3.74,True
15252,154,12,70,2024-01-23,1.35,False
15253,154,7,44,2024-03-14,1.18,True
15254,154,28,167,2024-02-27,2.95,True
15255,154,4,,2024-12-30,5.21,True
15256,154,27,165,2024-02-13,6.56,False
15257,154,29,172,2025-06-19,2.68,False
15258,154,5,36,2025-01-24,7.08,True
15259,154,11,63,2025-02-26,5.72,True
15260,154,5,34,2023-11-14,3.22,True
15261,154,4,28,2025-10-29,3.91,True
15262,154,9,54,2023-10-12,3.54,False
15263,154,20,,2025-01-30,7.53,True
15264,154,18,107,2024-05-02,0.99,True
15265,154,16,92,2026-06-05,2.26,True
15266,154,19,114,2024-10-04,5.72,True
15267,154,30,179,2025-04-07,7.25,False
15268,154,25,151,2025-12-08,2.44,True
15269,154,22,,2025-09-16,1.9,True
15270,154,15,89,2024-01-11,2.77,True
15271,154,27,160,2024-01-26,5.6,False
15272,154,4,23,2024-02-21,3.22,True
15273,154,1,1,2025-12-03,3.1,True
15274,154,17,100,2026-06-17,1.99,True
15275,154,4,28,2025-12-18,5.31,True
15276,154,15,88,2025-09-26,6.32,True
15277,154,17,100,2024-05-14,1.88,True
15278,154,14,86,2026-02-20,3.98,True
15279,154,10,60,2023-08-25,4.95,False
15280,154,29,172,2025-10-29,6.07,True
15281,154,15,90,2026-02-11,4.5,True
15282,154,29,174,2023-09-15,0.94,True
15283,154,15,88,2025-07-31,0.78,True
15284,154,22,136,2023-07-26,4.56,True
15285,154,10,61,2025-09-02,5.88,True
15286,154,28,170,2024-07-01,3.13,True
15287,154,2,14,2025-01-29,7.89,False
15288,154,18,105,2025-09-24,4.3,True
15289,154,28,166,2025-12-26,7.17,True
15290,154,12,70,2025-01-29,2.22,False
15291,154,9,,2025-07-23,5.32,True
15292,154,4,27,2024-12-20,3.96,True
15293,154,30,179,2024-11-06,5.84,True
15294,154,15,90,2024-07-30,1.0,True
15295,154,6,38,2025-07-21,7.63,True
15296,154,14,84,2024-11-20,2.17,True
15297,154,24,144,2023-11-07,3.63,True
15298,154,17,97,2026-04-03,7.57,True
15299,154,27,165,2026-02-04,2.54,False
15300,154,10,58,2023-11-20,4.69,True
15301,154,28,167,2025-12-30,5.71,True
15302,154,13,74,2024-02-07,5.29,True
15303,154,14,,2026-04-29,5.5,False
15304,154,8,45,2024-01-05,3.8,True
15305,154,1,6,2025-03-20,7.08,True
15306,154,19,111,2026-04-28,3.55,True
15307,154,22,137,2023-07-17,4.74,True
15308,154,23,,2023-12-15,7.65,True
15309,154,21,132,2023-09-08,6.84,True
15310,154,6,41,2024-08-05,4.67,True
15311,154,2,11,2026-04-23,1.78,False
15312,154,28,169,2024-06-12,5.53,True
15313,154,4,26,2025-04-23,4.05,True
15314,154,7,43,2023-09-27,5.71,True
15315,154,25,153,2025-05-06,5.95,False
15316,154,7,42,2023-08-25,5.0,True
15317,154,28,171,2026-03-25,6.62,True
15318,154,22,,2025-06-25,5.06,True
15319,154,6,39,2023-07-17,4.39,True
15320,154,20,123,2025-02-03,7.76,True
15321,154,25,151,2024-11-04,7.11,False
15322,154,15,89,2024-05-24,0.98,True
15323,154,26,157,2025-12-18,7.87,True
15324,154,13,80,2023-11-13,4.79,False
15325,154,9,50,2024-09-06,7.6,False
15326,154,29,174,2024-08-06,7.98,True
15327,154,22,134,2024-12-04,2.49,True
15328,154,12,72,2025-08-12,2.12,True
15329,154,6,37,2024-05-22,2.94,True
15330,154,4,23,2026-06-23,6.36,True
15331,154,29,173,2023-12-12,5.97,True
15332,154,26,159,2023-10-25,6.46,True
15333,154,13,75,2024-07-25,0.81,True
15334,154,3,17,2024-03-18,4.02,True
15335,154,11,,2025-03-24,1.6,True
15336,154,8,47,2024-02-13,2.12,True
15337,154,6,39,2025-09-17,1.22,True
15338,154,3,19,2023-07-31,2.04,True
15339,154,19,112,2025-05-21,2.68,True
15340,154,17,102,2024-03-05,2.8,False
15341,154,4,23,2024-05-15,3.96,False
15342,154,13,74,2023-12-11,5.15,True
15343,154,12,71,2023-10-05,1.11,True
15344,154,16,94,2025-01-15,5.64,False
15345,154,6,39,2023-11-22,2.01,True
15346,154,15,90,2023-11-24,7.73,True
15347,154,15,90,2024-09-25,0.85,True
15348,154,16,94,2025-09-04,5.02,True
15349,155,29,172,2025-03-28,1.06,True
15350,155,11,65,2025-02-11,1.74,True
15351,155,6,38,2024-02-27,3.66,True
15352,155,27,162,2023-07-12,3.88,True
15353,155,23,141,2024-06-27,2.18,True
15354,155,21,130,2024-06-04,4.58,True
15355,155,24,,2025-02-10,7.7,True
15356,155,21,,2023-12-11,0.59,True
15357,155,12,72,2023-09-05,2.23,True
15358,155,20,122,2023-10-18,5.29,False
15359,155,28,168,2025-04-01,4.47,True
15360,155,24,149,2025-06-20,1.06,True
15361,155,1,,2025-06-26,7.32,False
15362,155,13,79,2025-01-20,4.66,True
15363,155,9,51,2025-02-27,5.03,True
15364,155,8,49,2024-06-03,7.04,False
15365,155,1,6,2023-07-21,6.99,True
15366,155,22,137,2026-05-07,5.22,True
15367,155,6,40,2026-01-22,4.09,True
15368,155,9,53,2024-04-04,3.47,True
15369,155,6,39,2025-04-28,1.91,True
15370,155,8,47,2023-07-17,7.63,True
15371,155,21,132,2024-09-10,1.26,True
15372,155,27,163,2025-04-11,7.81,True
15373,155,23,142,2025-10-03,1.52,True
15374,155,5,34,2023-12-05,3.67,True
15375,155,10,61,2024-04-29,3.96,True
15376,155,12,70,2024-03-05,4.79,False
15377,155,27,162,2025-09-09,3.59,True
15378,155,30,179,2026-02-18,4.85,True
15379,155,8,49,2025-07-24,1.22,True
15380,155,12,71,2025-08-04,4.05,False
15381,155,22,135,2024-11-14,3.03,True
15382,155,29,172,2023-11-16,1.02,True
15383,155,16,91,2026-03-31,6.24,True
15384,155,1,5,2026-03-18,7.78,True
15385,155,27,164,2024-04-10,5.79,True
15386,155,21,133,2024-03-28,4.93,False
15387,155,23,,2025-01-02,0.79,True
15388,155,28,168,2025-04-16,7.12,True
15389,155,26,159,2026-04-16,2.88,True
15390,155,1,1,2023-07-19,7.76,False
15391,155,19,115,2025-08-27,5.27,True
15392,155,26,156,2025-01-15,5.19,False
15393,155,23,138,2024-01-19,7.62,True
15394,155,19,113,2025-04-04,5.19,True
15395,155,16,91,2024-12-25,4.39,True
15396,155,11,63,2025-07-03,6.01,True
15397,155,2,12,2024-11-29,5.07,True
15398,155,13,78,2025-12-10,7.83,False
15399,155,10,60,2026-02-11,4.55,False
15400,155,22,137,2023-07-03,1.66,True
15401,155,30,176,2023-12-08,4.12,False
15402,155,12,70,2024-05-10,1.55,True
15403,155,28,169,2025-02-07,6.2,True
15404,155,3,18,2026-04-06,6.06,False
15405,155,13,73,2024-01-30,3.9,True
15406,155,14,84,2026-06-10,3.04,True
15407,155,18,109,2026-02-06,7.74,False
15408,155,20,123,2025-03-18,5.88,True
15409,155,5,30,2024-06-19,1.78,False
15410,155,13,73,2026-02-20,3.18,False
15411,155,20,123,2023-09-01,3.45,True
15412,155,24,,2025-10-02,6.11,True
15413,155,7,44,2024-01-08,1.38,False
15414,155,17,98,2024-10-03,7.63,True
15415,155,24,148,2024-04-23,2.17,False
15416,155,5,31,2026-06-11,2.34,True
15417,155,9,50,2026-05-22,6.65,False
15418,155,9,54,2025-11-12,4.65,False
15419,155,23,143,2024-12-16,7.03,True
15420,155,22,135,2024-09-13,4.5,True
15421,155,14,83,2024-06-11,3.34,True
15422,155,12,71,2023-12-20,6.42,True
15423,155,9,54,2024-06-07,6.28,True
15424,155,22,,2025-04-18,3.65,True
15425,155,1,3,2025-06-25,1.58,True
15426,155,20,119,2025-01-20,4.19,False
15427,155,18,,2026-05-07,6.2,True
15428,155,7,42,2023-09-04,7.87,True
15429,155,6,40,2023-12-14,3.8,True
15430,155,12,72,2024-06-12,3.86,True
15431,155,12,72,2025-09-25,2.26,True
15432,155,7,44,2025-04-14,5.45,True
15433,155,5,29,2023-11-23,0.51,False
15434,155,19,117,2026-01-21,4.52,True
15435,155,17,100,2024-09-04,2.48,False
15436,155,26,,2026-03-09,4.21,True
15437,155,28,,2026-02-25,5.5,True
15438,155,23,140,2025-07-22,4.24,True
15439,155,17,98,2024-01-10,3.23,True
15440,155,8,45,2024-06-24,5.95,True
15441,155,14,86,2023-09-20,4.12,True
15442,155,21,127,2025-04-24,7.84,True
15443,155,9,52,2024-12-26,5.48,True
15444,155,30,176,2025-12-19,6.67,True
15445,155,10,58,2024-10-07,1.3,True
15446,155,4,22,2025-09-12,6.7,True
15447,155,14,83,2024-11-26,2.47,True
15448,155,5,29,2024-02-26,6.31,False
15449,155,23,141,2023-07-27,4.26,True
15450,155,21,126,2025-12-31,1.11,True
15451,155,10,60,2026-01-21,7.39,True
15452,155,28,171,2024-12-06,2.9,False
15453,155,12,72,2024-06-28,2.43,True
15454,155,13,,2025-10-02,0.71,False
15455,155,28,166,2025-01-03,4.45,True
15456,155,30,176,2024-11-25,4.06,True
15457,155,29,174,2024-11-08,7.93,True
15458,155,17,99,2026-01-05,2.57,True
15459,155,27,163,2026-01-09,1.33,False
15460,156,6,41,2025-08-14,6.71,True
15461,156,3,20,2026-03-30,2.16,True
15462,156,25,155,2025-07-10,8.0,True
15463,156,14,84,2025-07-17,7.62,True
15464,156,22,137,2025-02-21,0.61,True
15465,156,24,146,2024-11-07,0.94,False
15466,156,7,43,2024-03-13,2.63,True
15467,156,1,5,2024-02-02,5.54,True
15468,156,9,50,2025-04-14,0.95,True
15469,156,2,14,2024-07-04,0.52,False
15470,156,14,85,2025-08-22,0.82,True
15471,156,19,112,2024-04-10,5.44,True
15472,156,19,117,2024-09-17,0.56,True
15473,156,28,,2024-12-13,1.32,True
15474,156,12,70,2026-06-19,5.58,True
15475,156,3,16,2024-04-16,0.56,False
15476,156,8,,2025-06-26,7.76,True
15477,156,7,43,2024-01-30,7.96,False
15478,156,25,151,2025-03-17,1.66,True
15479,156,27,164,2024-08-01,4.78,True
15480,156,22,137,2024-09-30,7.07,True
15481,156,18,,2026-04-06,5.82,False
15482,156,26,,2026-05-27,2.96,True
15483,156,12,71,2026-05-08,4.46,True
15484,156,20,124,2025-05-09,1.72,False
15485,156,17,98,2026-03-09,5.61,True
15486,156,23,141,2024-04-16,7.04,False
15487,156,22,,2025-05-07,3.81,True
15488,156,26,158,2025-07-16,1.73,False
15489,156,10,61,2024-12-27,7.51,True
15490,156,4,,2025-01-13,3.4,True
15491,156,6,41,2026-05-08,2.83,True
15492,156,28,171,2024-04-02,2.22,True
15493,156,16,94,2025-09-19,5.63,True
15494,156,5,31,2025-10-02,2.96,True
15495,156,29,174,2024-06-14,1.58,True
15496,156,15,88,2025-09-18,2.56,True
15497,156,30,179,2025-02-25,4.05,True
15498,156,20,120,2024-12-19,4.77,False
15499,156,10,58,2024-01-05,1.11,True
15500,156,5,30,2025-12-19,3.84,True
15501,156,16,91,2025-07-07,4.56,True
15502,156,11,63,2024-10-10,3.54,True
15503,156,17,99,2024-04-11,4.09,True
15504,156,12,72,2024-04-16,4.63,True
15505,156,30,175,2025-04-15,3.49,True
15506,156,20,122,2024-04-24,6.3,True
15507,156,4,24,2025-08-06,6.6,True
15508,156,22,137,2024-08-26,1.64,True
15509,156,9,52,2025-03-04,7.19,True
15510,156,8,48,2025-08-04,6.63,True
15511,156,10,59,2025-05-23,0.78,True
15512,156,26,156,2024-08-29,2.95,True
15513,156,22,137,2026-03-11,5.82,True
15514,156,23,139,2025-01-17,1.98,True
15515,156,28,166,2024-06-28,6.27,False
15516,156,24,146,2024-12-16,5.45,False
15517,156,6,,2024-11-05,3.49,True
15518,156,27,160,2024-03-18,3.68,True
15519,156,8,49,2024-04-16,2.14,True
15520,156,11,68,2025-10-14,3.39,False
15521,156,4,,2026-06-16,2.64,True
15522,156,5,,2026-04-13,3.7,False
15523,156,2,14,2024-11-26,4.22,True
15524,156,11,,2024-04-18,4.36,True
15525,156,6,37,2025-07-10,2.75,False
15526,156,15,90,2026-04-20,3.14,False
15527,156,26,,2024-03-28,5.84,True
15528,156,30,179,2024-10-31,7.74,True
15529,156,16,91,2026-04-01,5.35,True
15530,156,29,174,2024-01-25,7.32,True
15531,156,20,123,2024-02-13,3.99,True
15532,156,28,171,2024-03-29,1.05,True
15533,156,7,42,2024-01-22,7.47,True
15534,156,9,50,2025-01-23,2.18,False
15535,156,17,102,2025-10-14,5.04,True
15536,156,30,,2024-02-12,5.91,True
15537,156,4,23,2024-10-30,7.47,False
15538,156,28,167,2025-02-07,5.79,True
15539,156,28,167,2026-06-10,0.5,True
15540,156,29,174,2026-03-24,2.36,True
15541,156,26,159,2026-01-12,5.68,True
15542,156,8,49,2025-04-24,7.55,True
15543,156,4,24,2025-06-03,7.88,True
15544,156,7,44,2025-05-02,5.9,True
15545,156,7,42,2024-03-01,3.49,True
15546,156,1,6,2024-11-12,3.85,False
15547,156,8,48,2025-12-26,3.13,True
15548,156,24,150,2024-01-12,4.95,True
15549,156,19,111,2024-12-05,4.3,True
15550,156,21,133,2026-03-04,6.25,True
15551,156,17,99,2025-01-02,1.87,False
15552,156,9,53,2024-12-11,7.01,True
15553,156,17,97,2025-08-27,1.27,False
15554,156,1,5,2025-09-23,6.26,True
15555,156,4,22,2026-03-02,5.99,False
15556,156,14,,2025-08-28,1.37,True
15557,156,18,108,2024-09-04,4.86,False
15558,157,24,145,2025-01-09,4.11,False
15559,157,12,72,2024-09-16,5.13,True
15560,157,19,117,2025-10-24,2.71,True
15561,157,9,54,2025-08-05,3.93,True
15562,157,27,,2025-11-03,4.41,True
15563,157,1,3,2026-05-14,6.08,True
15564,157,14,82,2024-02-13,1.86,True
15565,157,20,124,2024-05-17,7.55,False
15566,157,27,165,2026-06-18,0.97,False
15567,157,7,42,2025-09-12,1.84,True
15568,157,10,56,2025-06-05,7.89,False
15569,157,14,85,2025-04-21,0.54,True
15570,157,27,163,2025-06-13,0.78,True
15571,157,15,89,2024-02-29,6.59,True
15572,157,15,89,2024-03-01,7.99,False
15573,157,25,154,2026-06-29,5.12,False
15574,157,23,,2024-11-20,4.8,True
15575,157,3,16,2024-10-07,1.77,False
15576,157,6,40,2026-03-26,1.41,True
15577,157,5,,2023-11-24,2.46,False
15578,157,29,,2025-04-23,4.65,True
15579,157,30,179,2025-01-28,1.23,True
15580,157,11,63,2024-05-08,2.32,True
15581,157,16,94,2025-11-17,0.75,True
15582,157,17,99,2024-10-28,6.7,False
15583,157,15,89,2024-12-26,7.36,True
15584,157,25,151,2024-11-28,5.13,False
15585,157,23,138,2025-10-31,4.64,True
15586,157,24,148,2024-04-12,1.06,False
15587,157,5,35,2026-02-06,2.74,True
15588,157,14,81,2024-05-29,2.46,True
15589,157,10,61,2025-05-01,7.43,True
15590,157,19,118,2025-02-12,5.92,True
15591,157,13,73,2024-08-07,4.45,True
15592,157,18,107,2024-10-30,2.49,True
15593,157,26,156,2025-07-04,4.5,True
15594,157,19,,2025-06-16,1.78,True
15595,157,4,22,2024-05-23,3.2,False
15596,157,22,135,2026-01-07,4.76,False
15597,157,29,174,2023-11-16,5.86,True
15598,157,21,130,2024-04-30,4.28,False
15599,157,9,54,2026-02-10,7.47,True
15600,157,22,134,2026-05-14,7.16,True
15601,157,8,45,2025-06-25,3.84,True
15602,157,25,152,2026-03-02,2.66,True
15603,157,26,158,2023-11-13,5.98,True
15604,157,10,57,2024-05-02,4.21,False
15605,157,8,48,2026-04-15,4.44,True
15606,157,12,,2024-05-31,6.59,True
15607,157,9,51,2026-03-02,0.9,True
15608,157,28,170,2024-04-15,1.9,True
15609,157,6,41,2025-03-18,0.83,False
15610,157,15,87,2024-06-17,7.64,True
15611,157,18,108,2025-08-08,0.72,True
15612,157,12,71,2024-10-02,7.86,True
15613,157,20,119,2024-09-10,7.85,True
15614,157,2,12,2023-11-15,3.01,True
15615,157,19,112,2025-06-30,1.33,False
15616,157,20,122,2023-12-13,5.33,False
15617,157,6,37,2026-04-24,3.55,False
15618,157,7,43,2024-04-22,5.84,True
15619,157,15,,2025-01-02,4.96,True
15620,157,12,70,2026-05-14,7.35,True
15621,157,18,108,2025-09-24,1.53,True
15622,157,2,8,2024-01-23,2.78,True
15623,157,21,131,2024-09-11,4.28,True
15624,157,28,169,2025-07-07,2.2,True
15625,157,8,49,2025-06-30,6.97,True
15626,157,2,8,2025-04-04,1.63,True
15627,157,12,70,2025-07-14,1.75,False
15628,157,5,29,2024-12-19,7.91,True
15629,157,15,90,2024-04-04,3.78,True
15630,157,9,53,2025-04-24,6.56,True
15631,157,26,159,2024-11-11,5.74,False
15632,157,27,163,2024-03-25,3.89,True
15633,157,21,128,2025-05-27,1.97,True
15634,157,5,34,2024-12-13,1.54,True
15635,157,3,19,2026-03-20,4.98,True
15636,157,5,36,2025-06-13,3.52,True
15637,157,19,,2024-12-11,6.0,True
15638,157,28,168,2025-05-16,4.13,True
15639,157,6,40,2024-07-11,5.35,True
15640,157,15,88,2024-11-04,6.83,True
15641,157,20,124,2025-08-22,3.58,True
15642,157,17,101,2026-06-29,7.39,True
15643,157,9,53,2025-10-16,1.29,True
15644,157,6,,2026-06-01,3.39,True
15645,157,16,95,2025-09-11,6.14,True
15646,157,8,49,2025-09-15,7.3,True
15647,157,11,63,2026-04-17,0.61,True
15648,157,10,57,2025-06-27,6.47,False
15649,157,4,21,2026-04-06,1.83,False
15650,157,25,152,2025-09-02,4.68,True
15651,157,5,34,2024-06-17,1.73,True
15652,157,3,17,2023-12-15,6.42,True
15653,157,2,15,2024-12-24,2.75,True
15654,157,30,178,2024-03-28,7.05,False
15655,157,10,59,2024-09-27,3.48,True
15656,157,18,106,2023-12-22,5.54,True
15657,157,5,,2024-04-10,5.52,True
15658,158,5,30,2026-03-27,5.17,True
15659,158,27,161,2026-01-30,5.24,True
15660,158,26,159,2025-03-17,7.89,True
15661,158,30,176,2025-03-12,0.53,True
15662,158,17,101,2026-03-12,4.57,False
15663,158,5,33,2025-09-01,4.8,True
15664,158,15,88,2024-02-07,1.11,True
15665,158,11,68,2025-06-23,6.16,True
15666,158,27,,2025-08-08,5.68,True
15667,158,28,169,2024-07-04,3.81,True
15668,158,27,,2026-04-22,4.68,True
15669,158,30,178,2025-09-08,3.11,False
15670,158,9,,2024-03-14,5.82,True
15671,158,14,85,2024-01-08,6.79,False
15672,158,18,110,2025-03-11,6.8,False
15673,158,8,,2025-10-23,2.2,True
15674,158,24,147,2024-10-28,5.7,True
15675,158,14,,2024-08-27,7.77,True
15676,158,13,,2024-06-14,2.4,True
15677,158,13,78,2026-05-27,3.02,True
15678,158,7,,2024-11-05,2.87,True
15679,158,29,172,2024-09-10,1.08,True
15680,158,21,132,2025-02-24,1.85,True
15681,158,21,131,2023-12-29,7.44,False
15682,158,27,161,2025-02-13,1.02,True
15683,158,19,,2026-04-02,3.32,True
15684,158,21,127,2024-09-20,2.23,True
15685,158,11,69,2025-03-31,5.41,False
15686,158,7,44,2025-11-12,1.84,True
15687,158,26,158,2024-04-22,5.19,True
15688,158,26,158,2026-02-02,3.56,False
15689,158,30,177,2024-08-26,0.58,True
15690,158,6,,2024-09-20,2.64,True
15691,158,5,34,2024-11-06,5.02,False
15692,158,14,86,2025-06-25,2.43,True
15693,158,29,173,2024-04-15,6.7,True
15694,158,4,24,2023-11-23,2.63,False
15695,158,10,55,2024-08-20,4.8,True
15696,158,16,96,2024-06-03,2.31,True
15697,158,26,158,2026-06-16,6.17,True
15698,158,4,23,2026-03-20,0.62,True
15699,158,12,71,2024-03-05,6.05,True
15700,158,22,137,2026-01-13,7.29,True
15701,158,4,28,2024-02-05,5.54,True
15702,158,6,38,2025-11-12,1.1,True
15703,158,17,102,2024-03-11,3.51,True
15704,158,4,23,2026-03-06,4.08,True
15705,158,4,21,2024-06-12,3.18,True
15706,158,16,94,2024-03-27,3.28,True
15707,158,11,69,2024-08-14,6.62,True
15708,158,3,20,2025-04-10,6.11,True
15709,158,30,176,2024-01-19,0.67,False
15710,158,4,22,2025-12-29,7.34,False
15711,158,5,35,2025-09-12,0.8,True
15712,158,9,50,2026-05-12,1.02,True
15713,158,26,157,2025-07-11,2.8,False
15714,158,13,,2024-09-12,4.41,True
15715,158,17,101,2025-12-10,3.93,True
15716,158,11,64,2024-06-03,4.64,False
15717,158,25,,2024-05-07,5.01,True
15718,158,11,69,2025-03-05,5.37,True
15719,158,7,,2025-06-24,3.4,True
15720,158,14,84,2026-05-11,1.75,True
15721,158,30,179,2024-04-22,4.13,True
15722,158,11,68,2025-05-15,1.95,True
15723,158,12,70,2024-02-07,3.22,False
15724,158,11,65,2025-04-14,7.46,True
15725,158,17,99,2026-06-19,5.88,True
15726,158,24,149,2024-07-15,6.78,True
15727,158,4,22,2025-07-17,1.05,False
15728,158,26,,2026-06-16,4.66,True
15729,158,15,89,2024-03-14,5.01,True
15730,158,14,84,2026-01-20,7.86,False
15731,158,3,19,2024-02-21,2.74,True
15732,158,3,17,2024-04-02,1.89,True
15733,158,13,74,2024-04-30,6.24,True
15734,158,21,127,2025-10-06,1.12,False
15735,158,26,159,2026-06-01,5.69,True
15736,158,20,119,2026-04-16,6.17,True
15737,158,11,63,2024-10-18,3.81,True
15738,158,8,48,2025-11-14,5.43,True
15739,158,17,102,2024-04-09,3.69,True
15740,158,14,82,2024-05-14,3.37,True
15741,158,1,,2024-01-19,2.46,False
15742,158,4,23,2024-10-30,3.75,False
15743,158,5,,2025-07-02,0.63,True
15744,158,20,121,2024-10-10,7.14,True
15745,158,13,75,2025-07-29,6.44,True
15746,158,4,27,2024-05-20,5.05,True
15747,158,10,57,2026-01-20,4.76,False
15748,158,5,30,2025-09-23,3.95,True
15749,158,16,94,2025-06-04,5.69,False
15750,158,8,48,2024-07-16,7.09,True
15751,158,17,102,2023-12-19,0.6,False
15752,158,13,78,2026-05-12,0.76,True
15753,158,20,123,2024-01-05,2.93,True
15754,158,22,136,2025-08-08,5.59,False
15755,158,26,158,2026-02-06,1.91,True
15756,158,29,174,2026-04-17,4.31,True
15757,158,7,44,2026-01-28,3.72,True
15758,158,14,81,2024-03-29,7.13,True
15759,158,21,133,2025-01-15,6.82,False
15760,158,7,,2025-03-19,4.05,True
15761,158,22,135,2024-08-07,3.2,True
15762,158,27,161,2025-11-10,2.32,False
15763,158,2,8,2024-05-08,5.59,True
15764,158,8,46,2025-12-12,3.38,False
15765,158,14,,2024-08-15,6.97,False
15766,158,24,147,2024-02-23,6.56,True
15767,158,25,152,2024-05-29,2.76,True
15768,158,18,110,2024-08-13,6.86,False
15769,159,13,77,2023-11-07,3.75,True
15770,159,2,15,2023-11-13,5.36,True
15771,159,16,92,2024-06-26,1.67,False
15772,159,9,51,2026-05-11,5.36,True
15773,159,20,122,2025-10-09,4.15,True
15774,159,1,7,2026-01-15,1.14,True
15775,159,21,131,2024-01-03,4.18,True
15776,159,13,74,2024-06-25,1.58,True
15777,159,21,132,2026-06-19,4.53,False
15778,159,9,50,2024-06-11,7.12,True
15779,159,5,,2023-12-25,1.8,True
15780,159,13,75,2024-05-03,2.25,True
15781,159,8,49,2024-05-21,5.33,True
15782,159,22,136,2025-04-18,5.81,True
15783,159,13,76,2024-04-12,6.97,True
15784,159,25,153,2024-05-06,6.06,True
15785,159,17,100,2025-04-10,6.01,True
15786,159,23,139,2025-01-03,6.6,True
15787,159,8,48,2026-06-24,5.81,True
15788,159,3,20,2024-07-05,3.47,True
15789,159,17,101,2024-01-30,5.64,False
15790,159,8,,2023-10-02,2.1,False
15791,159,28,170,2025-10-17,2.97,True
15792,159,2,10,2023-09-01,2.35,True
15793,159,13,73,2023-09-14,7.42,False
15794,159,25,155,2026-02-03,4.08,False
15795,159,22,137,2025-01-03,7.61,True
15796,159,21,131,2026-04-23,5.51,True
15797,159,8,48,2023-10-04,3.77,False
15798,159,29,172,2025-12-01,7.5,False
15799,159,28,169,2025-01-22,6.16,False
15800,159,12,72,2023-10-25,5.87,True
15801,159,11,65,2026-01-28,5.33,True
15802,159,7,42,2025-04-18,6.4,True
15803,159,22,134,2023-08-21,4.11,False
15804,159,22,135,2025-08-19,7.09,True
15805,159,2,15,2025-12-10,7.66,True
15806,159,28,168,2023-11-23,1.37,True
15807,159,14,85,2023-12-25,3.71,False
15808,159,5,33,2024-07-26,5.11,True
15809,159,26,159,2024-11-14,7.38,False
15810,159,3,18,2023-08-07,1.5,True
15811,159,3,18,2025-08-18,3.88,True
15812,159,9,,2024-01-11,6.92,True
15813,159,18,110,2025-10-08,4.93,True
15814,159,14,,2025-02-06,6.55,True
15815,159,10,56,2024-08-20,4.05,False
15816,159,29,172,2024-02-15,2.46,True
15817,159,11,67,2025-01-01,2.78,True
15818,159,19,116,2026-06-26,3.4,True
15819,159,19,113,2025-01-20,2.49,True
15820,159,22,135,2024-09-20,7.33,False
15821,159,18,110,2025-04-08,6.58,False
15822,159,7,43,2025-03-27,1.34,True
15823,159,23,142,2025-09-08,7.13,True
15824,159,4,21,2024-01-09,7.48,False
15825,159,24,146,2024-09-04,4.48,False
15826,159,13,,2025-02-26,3.62,False
15827,159,12,71,2025-01-15,6.81,True
15828,159,27,163,2025-06-24,5.09,True
15829,159,3,16,2024-04-22,1.57,True
15830,159,16,92,2024-05-27,7.72,False
15831,159,26,156,2024-09-04,1.96,True
15832,159,30,178,2025-03-18,3.8,True
15833,159,30,177,2023-08-11,2.96,True
15834,159,9,51,2024-03-21,5.96,True
15835,159,30,175,2024-07-11,4.04,False
15836,159,30,178,2023-11-24,6.12,True
15837,159,7,44,2025-12-16,2.46,False
15838,159,9,51,2025-12-02,2.61,True
15839,159,27,164,2025-11-14,2.48,True
15840,159,29,172,2026-03-25,7.24,True
15841,159,23,138,2024-03-13,3.13,True
15842,159,12,72,2025-08-07,7.24,True
15843,159,17,101,2024-01-25,5.12,True
15844,159,4,,2024-01-03,6.14,True
15845,159,11,,2024-07-12,7.63,True
15846,159,30,177,2025-02-17,5.75,True
15847,159,1,4,2026-01-28,3.24,True
15848,159,4,24,2025-05-29,4.43,True
15849,159,15,87,2025-10-06,2.39,True
15850,159,19,113,2023-12-13,1.52,True
15851,159,30,178,2024-10-08,6.85,True
15852,159,7,44,2026-03-26,0.51,False
15853,159,25,153,2025-07-18,4.14,False
15854,159,24,144,2024-08-30,5.59,True
15855,159,4,26,2025-09-04,7.58,False
15856,159,30,179,2024-12-10,0.75,True
15857,159,27,164,2024-02-07,7.42,False
15858,159,16,94,2025-03-19,3.47,False
15859,159,30,178,2024-04-19,1.94,True
15860,159,15,89,2024-11-26,3.32,True
15861,159,11,64,2026-01-06,7.57,True
15862,159,23,142,2026-03-19,6.41,True
15863,159,28,171,2023-10-18,6.22,True
15864,159,15,88,2023-08-28,7.75,True
15865,159,9,54,2024-02-26,7.01,True
15866,159,27,163,2024-01-09,1.7,False
15867,159,20,119,2024-03-07,6.2,True
15868,159,7,44,2026-04-28,1.57,True
15869,159,30,177,2026-01-16,6.78,True
15870,159,16,93,2024-01-09,1.68,True
15871,159,3,20,2024-12-23,2.13,True
15872,159,28,167,2024-01-24,5.36,True
15873,159,23,138,2024-06-06,6.7,True
15874,160,24,149,2025-09-09,2.41,True
15875,160,26,156,2025-11-03,4.65,False
15876,160,6,37,2025-09-10,6.61,True
15877,160,21,126,2024-03-20,1.6,False
15878,160,13,,2025-10-31,1.86,True
15879,160,4,23,2023-10-10,0.8,True
15880,160,18,110,2025-08-07,4.96,True
15881,160,20,125,2025-11-13,1.35,True
15882,160,11,64,2025-03-12,4.22,True
15883,160,23,140,2023-12-14,7.13,True
15884,160,25,153,2023-10-05,5.34,True
15885,160,15,88,2024-02-12,3.4,False
15886,160,19,116,2025-07-22,6.68,True
15887,160,10,55,2023-08-08,1.99,True
15888,160,10,59,2024-12-18,5.29,True
15889,160,19,118,2025-04-21,2.07,True
15890,160,15,,2026-03-09,3.3,False
15891,160,16,96,2025-07-11,2.08,True
15892,160,3,16,2024-09-12,0.76,True
15893,160,16,94,2025-09-08,2.77,True
15894,160,19,116,2025-11-04,1.64,True
15895,160,3,18,2024-05-01,4.36,True
15896,160,1,7,2025-04-03,4.19,True
15897,160,7,42,2024-08-19,5.79,True
15898,160,27,,2025-01-27,2.33,True
15899,160,29,172,2025-07-03,7.47,True
15900,160,10,59,2024-02-09,2.67,False
15901,160,14,81,2023-09-05,4.75,True
15902,160,15,87,2025-12-26,1.0,True
15903,160,9,54,2025-07-18,4.98,True
15904,160,16,93,2026-06-19,7.23,True
15905,160,2,12,2024-11-01,3.31,True
15906,160,1,3,2024-11-08,5.07,True
15907,160,7,,2024-04-18,6.86,True
15908,160,8,49,2024-01-15,4.26,True
15909,160,19,118,2023-09-01,3.94,True
15910,160,30,177,2024-04-08,5.5,False
15911,160,1,3,2025-02-12,2.52,True
15912,160,27,,2024-06-04,4.55,True
15913,160,27,160,2023-11-17,6.62,True
15914,160,30,178,2024-06-19,4.14,True
15915,160,1,2,2025-04-07,5.1,True
15916,160,5,35,2025-12-02,6.58,True
15917,160,16,93,2023-09-07,6.05,True
15918,160,3,18,2026-06-24,5.39,False
15919,160,27,164,2024-08-20,3.08,True
15920,160,24,,2025-10-07,7.78,True
15921,160,17,98,2024-04-15,2.29,True
15922,160,11,64,2026-06-23,5.68,False
15923,160,25,155,2025-04-03,3.06,True
15924,160,10,59,2024-03-14,2.43,False
15925,160,16,92,2023-12-08,5.38,True
15926,160,9,50,2024-04-22,4.38,True
15927,160,28,166,2025-06-16,0.99,True
15928,160,17,98,2025-08-25,2.01,True
15929,160,7,42,2023-12-15,2.88,False
15930,160,2,12,2023-12-19,2.92,True
15931,160,4,27,2024-01-11,1.4,True
15932,160,16,95,2024-04-19,0.51,True
15933,160,4,21,2025-02-28,7.44,True
15934,160,22,135,2024-08-21,5.92,True
15935,160,27,163,2023-08-31,5.04,True
15936,160,2,13,2023-11-03,1.48,True
15937,160,14,83,2025-04-16,7.03,True
15938,160,15,87,2023-10-30,2.23,True
15939,160,21,127,2024-09-20,2.88,True
15940,160,24,150,2024-04-15,4.01,True
15941,160,20,124,2025-09-10,5.06,False
15942,160,1,4,2023-12-26,7.99,True
15943,160,8,45,2026-05-07,1.52,False
15944,160,9,51,2024-01-31,4.56,False
15945,160,14,,2026-03-10,6.21,True
15946,160,21,130,2025-02-06,2.25,True
15947,160,17,99,2025-07-15,4.6,True
15948,160,26,159,2024-02-20,6.19,True
15949,160,12,,2024-02-13,3.99,True
15950,160,23,139,2023-10-17,3.11,True
15951,160,25,155,2025-02-05,0.62,True
15952,160,12,71,2024-02-01,5.2,True
15953,160,9,50,2024-11-18,2.64,True
15954,160,3,18,2026-03-25,3.45,False
15955,160,9,53,2026-03-31,4.34,False
15956,160,11,62,2025-01-27,3.8,True
15957,160,21,128,2026-04-21,1.91,False
15958,160,5,32,2026-06-10,4.05,False
15959,160,11,,2026-01-14,4.11,True
15960,160,30,175,2026-04-23,5.45,True
15961,160,4,28,2025-10-07,1.46,True
15962,160,8,49,2024-07-10,5.3,True
15963,160,22,,2024-01-05,7.63,True
15964,160,19,117,2026-04-22,2.95,True
15965,160,20,122,2024-08-15,2.54,True
15966,160,19,115,2025-10-27,6.5,True
15967,160,7,44,2025-01-08,2.62,True
15968,160,23,143,2026-02-25,7.34,True
15969,160,10,55,2023-07-21,5.02,True
15970,160,13,77,2023-12-22,7.01,True
15971,160,14,83,2025-08-01,3.23,True
15972,160,2,15,2023-07-18,1.42,True
15973,160,9,53,2025-08-21,3.0,True
15974,160,6,41,2026-02-27,7.86,True
15975,161,6,41,2026-02-06,3.5,False
15976,161,25,151,2024-05-09,6.48,True
15977,161,11,63,2024-10-04,2.14,False
15978,161,10,61,2026-01-06,0.92,True
15979,161,9,53,2025-01-06,6.23,False
15980,161,24,,2026-06-24,6.94,True
15981,161,23,,2023-11-22,7.08,False
15982,161,13,76,2024-06-10,1.23,True
15983,161,17,97,2024-08-19,6.47,True
15984,161,21,132,2024-03-12,1.19,True
15985,161,14,84,2025-03-11,6.23,True
15986,161,10,55,2025-05-23,4.99,True
15987,161,15,90,2024-05-28,3.15,True
15988,161,22,134,2024-11-27,5.98,True
15989,161,22,134,2026-06-23,5.25,False
15990,161,2,10,2023-08-28,6.61,True
15991,161,17,102,2026-01-22,4.8,False
15992,161,25,151,2023-08-30,4.37,True
15993,161,10,55,2023-12-21,2.23,False
15994,161,30,175,2025-10-13,3.81,True
15995,161,1,6,2023-11-08,7.42,True
15996,161,1,7,2024-01-31,4.52,True
15997,161,7,44,2023-09-08,6.71,True
15998,161,14,83,2024-01-03,2.01,False
15999,161,23,138,2026-04-02,6.42,True
16000,161,8,45,2023-09-07,2.2,False
16001,161,23,138,2026-01-02,3.75,True
16002,161,3,20,2026-02-26,7.64,True
16003,161,17,102,2023-11-03,7.83,True
16004,161,1,7,2025-03-13,1.72,True
16005,161,24,145,2026-06-29,1.19,False
16006,161,3,,2025-08-13,6.52,True
16007,161,18,,2025-04-10,4.27,True
16008,161,18,,2024-01-31,2.4,True
16009,161,12,72,2023-10-26,1.3,True
16010,161,11,63,2024-11-25,5.13,True
16011,161,9,54,2025-02-13,4.06,True
16012,161,13,80,2024-04-29,1.52,False
16013,161,11,63,2026-02-12,3.9,True
16014,161,2,11,2023-11-09,7.78,True
16015,161,4,,2024-01-30,1.51,True
16016,161,21,130,2024-03-15,5.22,False
16017,161,26,158,2023-12-11,2.88,True
16018,161,2,11,2024-07-31,6.49,True
16019,161,8,49,2023-07-19,7.1,True
16020,161,22,135,2023-12-15,7.08,True
16021,161,3,20,2023-07-24,7.46,True
16022,161,26,159,2025-05-02,7.61,False
16023,161,15,90,2026-02-06,2.74,True
16024,161,28,,2025-06-25,4.57,True
16025,161,19,,2024-02-08,2.94,True
16026,161,5,36,2025-08-27,5.36,True
16027,161,2,8,2024-12-18,3.95,True
16028,161,9,52,2026-03-09,1.03,True
16029,161,2,8,2023-11-09,3.11,True
16030,161,13,73,2026-03-23,6.17,True
16031,161,18,108,2025-04-07,2.06,True
16032,161,13,,2025-10-03,6.33,False
16033,161,10,58,2026-05-13,0.82,True
16034,161,17,99,2024-01-12,4.98,True
16035,161,11,67,2026-03-26,2.01,False
16036,161,9,53,2025-08-15,1.01,False
16037,161,20,123,2024-09-24,5.61,True
16038,161,28,166,2023-12-01,7.27,True
16039,161,26,157,2025-02-13,2.79,True
16040,161,6,38,2024-11-06,3.38,True
16041,161,15,90,2023-12-29,2.38,True
16042,161,9,53,2025-02-10,2.8,False
16043,161,21,133,2025-07-25,1.76,True
16044,161,12,,2024-09-27,6.17,True
16045,161,13,80,2023-08-25,5.31,True
16046,161,9,54,2024-01-04,1.72,True
16047,161,28,170,2024-11-07,5.48,True
16048,161,30,176,2023-12-07,4.89,True
16049,161,2,9,2024-12-30,5.87,True
16050,161,27,160,2025-07-15,7.22,False
16051,161,5,31,2023-12-08,2.53,True
16052,161,17,102,2024-02-22,6.39,True
16053,161,23,141,2025-03-24,1.07,True
16054,161,1,4,2025-07-21,6.97,True
16055,161,5,,2024-01-22,7.4,False
16056,161,22,134,2026-03-09,5.78,False
16057,161,4,27,2025-07-07,5.75,True
16058,161,28,169,2023-08-28,0.94,False
16059,161,17,99,2026-04-24,1.5,True
16060,161,3,19,2025-08-27,6.38,True
16061,161,9,53,2024-09-02,2.75,False
16062,161,2,15,2026-06-04,1.41,True
16063,161,19,115,2025-07-02,2.45,True
16064,161,18,,2026-03-11,2.23,True
16065,161,6,40,2024-01-25,1.84,True
16066,161,7,42,2024-08-08,3.3,True
16067,161,23,141,2026-02-23,3.84,True
16068,161,24,148,2025-05-13,4.04,False
16069,161,14,81,2025-08-06,3.68,True
16070,161,18,106,2025-03-10,0.99,True
16071,161,22,135,2025-05-13,0.87,False
16072,161,14,84,2024-01-10,5.1,False
16073,161,4,,2024-09-25,4.26,True
16074,162,26,,2026-01-12,7.47,True
16075,162,4,22,2025-03-20,5.89,True
16076,162,16,95,2025-07-09,1.02,True
16077,162,14,82,2025-10-30,6.03,True
16078,162,19,112,2026-03-04,4.28,True
16079,162,25,155,2026-01-22,0.76,True
16080,162,23,139,2026-04-15,3.51,True
16081,162,28,,2025-12-25,5.4,False
16082,162,28,171,2026-05-04,3.98,True
16083,162,13,78,2025-03-25,5.9,False
16084,162,6,37,2026-02-17,7.65,False
16085,162,17,98,2026-03-04,1.4,False
16086,162,2,13,2026-05-26,5.38,True
16087,162,6,39,2026-05-18,0.52,False
16088,162,16,93,2025-08-26,2.96,True
16089,162,20,119,2026-04-16,6.35,False
16090,162,18,105,2025-08-15,6.3,False
16091,162,30,,2025-10-28,3.94,False
16092,162,26,158,2026-01-14,3.49,False
16093,162,25,152,2025-09-10,5.66,True
16094,162,21,130,2025-11-11,3.1,True
16095,162,26,157,2026-03-11,5.6,False
16096,162,27,,2025-08-06,6.68,False
16097,162,20,119,2026-02-03,2.89,True
16098,162,21,127,2026-06-11,3.14,True
16099,162,16,94,2025-06-23,4.38,False
16100,162,5,35,2026-05-15,2.43,True
16101,162,27,162,2026-03-18,3.08,True
16102,162,21,,2025-04-07,0.62,False
16103,162,7,44,2025-08-01,1.16,True
16104,162,7,43,2025-09-04,5.24,True
16105,162,4,23,2026-03-09,0.62,True
16106,162,18,106,2025-11-10,4.98,True
16107,162,26,156,2026-01-01,5.77,False
16108,162,24,149,2025-10-20,2.86,False
16109,162,17,99,2025-08-18,6.14,True
16110,162,28,169,2025-12-29,2.79,False
16111,162,14,81,2025-04-28,5.2,True
16112,162,3,16,2025-06-04,6.32,True
16113,162,9,52,2025-09-08,6.68,True
16114,162,4,23,2026-02-27,2.66,True
16115,162,22,137,2026-02-11,5.72,True
16116,162,20,125,2025-08-05,3.87,True
16117,162,11,66,2025-05-22,1.33,True
16118,162,27,163,2026-05-04,4.93,True
16119,162,28,166,2025-07-29,3.3,False
16120,162,18,107,2026-06-29,6.93,True
16121,162,25,153,2025-08-05,4.25,True
16122,162,9,51,2025-11-17,6.86,True
16123,162,29,174,2026-05-26,4.09,False
16124,162,21,,2025-08-14,1.53,True
16125,162,7,42,2026-03-20,4.01,True
16126,162,29,173,2026-06-22,5.78,True
16127,162,8,49,2026-03-20,1.8,False
16128,162,20,,2026-02-24,7.39,True
16129,162,6,41,2025-10-31,7.75,True
16130,162,22,135,2026-05-01,0.67,True
16131,162,10,61,2025-05-23,6.67,True
16132,162,14,86,2026-03-06,5.83,True
16133,162,7,,2025-04-15,7.92,True
16134,162,3,,2026-04-07,4.35,True
16135,162,8,46,2025-12-24,4.61,True
16136,162,25,154,2025-11-27,7.88,False
16137,162,16,95,2025-06-26,6.28,False
16138,162,17,99,2026-03-04,4.99,True
16139,162,4,21,2025-07-11,4.38,True
16140,162,8,,2025-10-30,7.74,True
16141,162,2,12,2026-04-21,3.25,False
16142,162,16,93,2026-03-02,0.73,False
16143,162,14,83,2025-07-10,6.26,True
16144,162,10,57,2025-12-15,4.46,True
16145,162,20,124,2025-05-30,3.03,True
16146,162,10,61,2026-03-12,4.36,False
16147,162,5,31,2025-10-08,7.39,False
16148,162,16,95,2025-06-16,4.79,True
16149,162,4,23,2025-07-28,5.55,True
16150,162,26,,2025-10-03,1.26,True
16151,162,10,61,2025-12-02,3.81,False
16152,162,17,97,2025-12-04,3.3,False
16153,162,5,35,2026-02-04,1.87,True
16154,162,21,126,2026-02-20,5.18,True
16155,162,18,106,2025-09-01,4.13,True
16156,162,10,60,2026-04-21,3.5,False
16157,162,30,175,2026-06-26,0.54,True
16158,162,16,95,2025-12-26,1.35,True
16159,162,14,85,2025-06-18,5.34,True
16160,162,25,154,2025-10-22,4.31,True
16161,162,14,86,2026-04-20,4.48,False
16162,162,5,31,2026-01-28,2.46,True
16163,162,15,89,2025-06-09,5.88,False
16164,162,8,46,2025-06-19,3.71,False
16165,162,13,78,2026-05-22,7.38,True
16166,162,28,,2026-02-20,1.98,True
16167,162,25,153,2026-06-01,1.21,False
16168,162,19,118,2025-10-24,1.48,True
16169,162,2,15,2025-08-27,6.81,True
16170,162,5,,2025-06-05,5.81,True
16171,163,30,177,2023-10-02,2.09,True
16172,163,19,,2025-01-07,3.44,True
16173,163,14,84,2025-06-06,5.22,False
16174,163,17,101,2024-07-18,4.59,True
16175,163,17,102,2025-09-05,6.75,True
16176,163,17,,2024-11-28,4.13,False
16177,163,10,55,2023-12-29,7.83,True
16178,163,27,161,2024-01-03,6.9,False
16179,163,20,124,2024-05-15,6.38,True
16180,163,26,159,2025-11-20,1.33,False
16181,163,2,9,2025-08-04,5.82,True
16182,163,25,154,2026-02-02,5.3,False
16183,163,13,74,2025-07-02,0.93,True
16184,163,20,119,2026-02-02,4.36,True
16185,163,13,,2025-01-17,7.25,True
16186,163,9,50,2024-05-06,4.48,True
16187,163,1,7,2023-12-14,0.71,True
16188,163,6,40,2024-04-16,5.01,True
16189,163,25,152,2026-06-10,2.84,True
16190,163,26,157,2023-09-25,2.73,True
16191,163,4,23,2025-01-24,7.5,True
16192,163,24,147,2025-03-10,4.04,False
16193,163,19,111,2025-09-26,0.88,True
16194,163,5,35,2023-11-13,1.74,True
16195,163,16,,2025-11-12,7.64,True
16196,163,28,,2024-09-25,6.13,True
16197,163,30,177,2023-10-03,1.7,True
16198,163,5,31,2023-11-28,5.44,True
16199,163,20,120,2026-02-13,6.7,True
16200,163,8,47,2024-05-13,1.53,True
16201,163,26,156,2025-01-17,5.35,True
16202,163,13,73,2024-03-08,2.2,False
16203,163,17,100,2025-08-06,5.5,True
16204,163,26,158,2024-02-20,0.95,True
16205,163,6,39,2023-12-28,4.83,False
16206,163,19,,2024-02-06,4.77,False
16207,163,24,,2024-02-28,1.06,True
16208,163,30,,2026-02-13,4.34,True
16209,163,3,18,2025-04-23,4.74,True
16210,163,26,157,2024-01-16,2.42,True
16211,163,23,138,2025-01-10,4.51,False
16212,163,29,,2023-09-18,6.99,True
16213,163,29,174,2025-10-20,3.51,False
16214,163,30,176,2025-03-31,5.38,False
16215,163,8,,2026-03-09,1.56,True
16216,163,27,162,2026-06-04,7.33,True
16217,163,12,71,2025-08-15,4.32,False
16218,163,12,70,2024-01-23,1.28,True
16219,163,22,137,2026-01-01,1.67,True
16220,163,22,136,2023-07-27,7.69,True
16221,163,22,136,2025-09-19,2.44,True
16222,163,7,42,2025-09-02,4.36,True
16223,163,14,85,2023-12-21,4.14,True
16224,163,22,135,2023-10-03,7.77,True
16225,163,15,88,2024-04-30,6.71,True
16226,163,5,,2025-01-20,3.14,True
16227,163,27,165,2023-11-21,1.47,False
16228,163,10,60,2025-03-03,7.6,True
16229,163,9,54,2024-03-04,1.51,True
16230,163,12,70,2023-07-21,4.83,True
16231,163,10,58,2025-09-01,0.57,True
16232,163,10,58,2024-12-06,6.62,False
16233,163,16,96,2025-05-27,5.15,True
16234,163,26,159,2024-09-19,1.83,False
16235,163,23,141,2025-04-18,1.63,True
16236,163,15,90,2025-11-26,4.15,True
16237,163,13,80,2023-10-13,3.31,True
16238,163,13,73,2023-09-21,1.68,False
16239,163,4,27,2025-01-27,1.82,True
16240,163,23,141,2024-05-13,7.38,False
16241,163,9,53,2025-06-20,7.96,True
16242,163,26,,2025-10-13,2.17,True
16243,163,3,19,2024-06-19,4.39,True
16244,163,10,61,2025-07-10,5.32,True
16245,163,20,,2025-10-08,6.52,True
16246,163,25,154,2025-06-04,0.76,True
16247,163,27,162,2023-09-20,3.59,False
16248,163,17,101,2024-04-12,2.07,True
16249,163,24,144,2024-04-02,4.92,False
16250,163,1,4,2024-12-24,2.33,False
16251,163,10,58,2026-04-03,6.87,True
16252,163,11,68,2024-08-14,1.64,True
16253,163,18,104,2024-07-30,1.39,True
16254,163,4,25,2026-04-14,2.8,False
16255,163,5,30,2023-09-19,7.68,True
16256,163,16,91,2024-04-26,2.08,False
16257,163,8,47,2026-01-19,3.04,True
16258,163,12,70,2024-10-10,2.54,True
16259,163,28,,2025-08-18,0.57,True
16260,163,21,127,2024-10-10,1.1,False
16261,163,27,161,2025-05-08,5.98,True
16262,163,27,163,2026-01-14,3.15,True
16263,163,29,173,2023-12-11,0.59,True
16264,163,1,4,2025-10-22,3.82,True
16265,163,2,,2026-02-06,1.96,True
16266,163,8,46,2023-08-21,7.99,True
16267,163,20,119,2024-03-29,2.61,False
16268,163,3,19,2025-05-21,5.77,True
16269,163,12,70,2025-10-06,4.92,False
16270,163,29,172,2026-02-11,2.36,True
16271,163,15,89,2025-11-21,0.65,False
16272,163,10,61,2023-09-22,1.3,True
16273,163,6,38,2024-03-01,3.03,True
16274,163,8,47,2024-11-26,2.08,False
16275,163,8,48,2025-02-25,1.56,True
16276,163,28,171,2026-04-02,2.44,True
16277,163,15,90,2023-11-22,1.29,True
16278,163,21,,2024-12-05,6.39,False
16279,163,10,59,2026-05-11,2.12,True
16280,163,15,89,2023-08-31,7.99,True
16281,163,1,5,2025-10-15,4.97,True
16282,164,21,129,2024-11-18,4.04,True
16283,164,8,45,2025-04-03,5.69,True
16284,164,21,,2025-06-19,3.72,True
16285,164,19,111,2025-12-23,6.01,False
16286,164,25,,2025-11-27,6.35,False
16287,164,11,69,2026-02-04,4.08,False
16288,164,28,168,2025-08-15,2.4,False
16289,164,7,,2026-02-26,0.88,False
16290,164,17,98,2025-12-16,3.75,True
16291,164,16,96,2025-04-24,2.25,True
16292,164,29,,2025-01-15,2.99,False
16293,164,3,,2025-05-09,2.89,True
16294,164,18,,2026-01-14,6.77,False
16295,164,24,149,2025-09-09,3.46,True
16296,164,23,138,2026-03-03,2.34,False
16297,164,2,13,2025-01-22,4.09,True
16298,164,6,37,2025-02-12,4.18,False
16299,164,30,176,2026-05-04,6.35,True
16300,164,14,81,2026-03-27,2.44,False
16301,164,25,151,2025-08-14,7.81,False
16302,164,22,134,2026-06-22,2.21,False
16303,164,9,51,2025-11-11,6.73,True
16304,164,24,147,2025-12-10,2.49,False
16305,164,21,133,2025-09-11,2.45,True
16306,164,19,112,2025-09-11,6.02,False
16307,164,25,154,2025-06-12,3.27,True
16308,164,30,176,2025-07-10,1.88,True
16309,164,5,31,2025-09-03,1.58,True
16310,164,14,81,2026-05-07,6.33,True
16311,164,2,8,2025-05-29,5.53,True
16312,164,28,171,2025-04-07,0.59,True
16313,164,27,164,2025-03-21,1.17,True
16314,164,5,31,2026-03-16,3.44,False
16315,164,6,41,2025-09-12,0.85,False
16316,164,30,179,2025-05-28,3.52,True
16317,164,8,45,2025-08-26,2.75,True
16318,164,17,101,2025-10-16,3.67,True
16319,164,1,3,2025-05-15,5.92,False
16320,164,7,43,2025-08-07,2.29,False
16321,164,30,176,2025-06-25,2.38,False
16322,164,4,25,2025-02-13,6.98,False
16323,164,18,103,2026-02-25,4.19,True
16324,164,26,156,2025-09-24,6.59,True
16325,164,16,93,2025-08-08,7.24,True
16326,164,20,122,2025-05-06,6.57,False
16327,164,17,98,2025-12-29,6.82,False
16328,164,23,141,2025-06-18,5.06,True
16329,164,22,134,2026-06-19,5.34,False
16330,164,16,91,2025-10-30,1.4,False
16331,164,24,144,2026-01-27,7.04,False
16332,164,30,175,2025-12-19,4.99,True
16333,164,22,136,2025-10-14,5.0,False
16334,164,19,116,2024-12-09,5.84,False
16335,164,17,98,2025-05-06,5.75,True
16336,164,3,16,2025-12-30,2.67,False
16337,164,9,53,2025-12-24,4.73,True
16338,164,6,38,2025-06-24,2.13,False
16339,164,10,60,2026-01-13,3.43,False
16340,164,19,118,2026-04-29,4.63,True
16341,164,13,75,2025-05-12,2.44,False
16342,164,17,102,2024-11-21,2.52,True
16343,164,24,148,2025-08-27,7.0,True
16344,164,21,130,2025-07-11,7.61,True
16345,164,3,20,2025-05-16,6.52,True
16346,164,17,99,2026-01-05,6.26,True
16347,164,27,163,2024-12-20,4.89,True
16348,164,26,159,2026-01-26,0.53,True
16349,164,23,138,2026-03-18,3.24,True
16350,164,21,,2025-05-07,4.58,True
16351,164,5,29,2026-04-10,2.69,True
16352,164,19,118,2026-01-16,5.23,True
16353,164,26,156,2026-04-06,2.38,False
16354,164,5,33,2025-10-02,6.97,False
16355,164,4,22,2025-01-23,3.99,True
16356,164,22,,2025-10-02,4.93,True
16357,164,27,160,2026-05-29,2.93,True
16358,164,6,37,2026-05-18,3.6,False
16359,164,10,55,2025-12-15,6.32,True
16360,164,13,79,2025-11-14,7.39,True
16361,164,6,39,2025-09-16,4.5,True
16362,164,25,,2026-01-02,0.78,False
16363,164,12,70,2025-10-06,5.47,True
16364,164,26,157,2025-03-28,7.52,True
16365,164,18,103,2025-06-10,6.99,False
16366,164,6,37,2026-05-19,7.15,True
16367,164,30,179,2025-04-23,7.22,True
16368,164,13,76,2025-01-31,7.54,False
16369,164,29,172,2025-02-17,5.48,False
16370,164,19,112,2025-08-22,7.52,True
16371,164,16,92,2025-09-15,4.92,True
16372,164,11,65,2025-09-23,1.91,True
16373,164,23,142,2026-02-26,6.42,True
16374,164,22,135,2025-09-05,6.87,True
16375,164,3,18,2025-07-22,1.29,True
16376,164,6,41,2025-07-07,6.27,False
16377,164,28,166,2026-05-29,1.12,True
16378,164,6,38,2025-08-22,2.56,False
16379,164,10,55,2026-06-18,4.4,False
16380,164,16,94,2025-05-01,6.82,True
16381,164,5,30,2026-04-03,4.55,False
16382,164,14,86,2025-06-26,2.76,True
16383,164,15,90,2026-06-22,7.2,False
16384,164,21,128,2026-06-05,4.0,False
16385,164,13,80,2025-04-02,6.45,False
16386,164,8,45,2025-06-27,6.42,True
16387,165,8,46,2025-09-19,6.63,False
16388,165,14,81,2023-12-06,1.1,True
16389,165,3,16,2024-04-05,2.76,True
16390,165,6,38,2025-10-13,3.89,False
16391,165,19,115,2024-06-27,0.75,True
16392,165,16,,2025-05-01,2.26,True
16393,165,28,167,2024-11-11,7.82,True
16394,165,25,154,2023-11-15,2.12,True
16395,165,17,99,2024-08-07,1.9,True
16396,165,20,122,2023-10-19,3.42,True
16397,165,30,179,2023-10-12,3.62,True
16398,165,21,133,2025-05-07,6.51,True
16399,165,2,15,2025-01-08,5.03,True
16400,165,12,70,2025-10-02,4.31,True
16401,165,21,130,2024-07-26,1.28,True
16402,165,3,17,2023-08-16,7.29,True
16403,165,4,25,2024-12-09,2.3,True
16404,165,2,14,2024-10-17,7.19,False
16405,165,19,117,2023-12-25,4.46,True
16406,165,7,44,2024-08-20,7.38,True
16407,165,7,,2025-12-12,3.51,False
16408,165,26,158,2025-09-04,5.47,True
16409,165,10,59,2024-08-27,5.17,False
16410,165,19,115,2023-10-19,7.38,True
16411,165,4,27,2023-08-01,5.13,False
16412,165,12,70,2023-07-26,7.32,True
16413,165,12,70,2026-01-13,2.89,True
16414,165,13,78,2023-09-06,6.87,True
16415,165,1,1,2024-02-22,5.28,True
16416,165,15,88,2023-10-03,7.71,True
16417,165,8,45,2026-04-13,1.07,True
16418,165,17,100,2025-06-09,1.79,False
16419,165,1,7,2024-09-06,3.68,False
16420,165,18,103,2025-09-19,1.13,False
16421,165,29,174,2026-06-18,3.98,False
16422,165,28,171,2024-08-12,3.51,False
16423,165,15,87,2024-07-23,5.36,True
16424,165,22,136,2024-08-15,6.65,True
16425,165,29,174,2024-06-28,2.07,True
16426,165,21,133,2026-02-27,5.1,False
16427,165,26,159,2023-07-14,3.75,False
16428,165,20,,2024-10-18,1.74,False
16429,165,23,140,2025-07-29,6.83,True
16430,165,25,154,2023-07-28,1.35,True
16431,165,6,37,2024-05-10,1.04,True
16432,165,28,171,2026-05-22,5.16,True
16433,165,18,106,2024-09-24,6.87,True
16434,165,24,144,2024-02-08,4.44,True
16435,165,11,65,2026-05-06,5.96,True
16436,165,12,71,2024-10-03,7.71,False
16437,165,26,159,2025-04-28,0.75,True
16438,165,27,161,2025-05-21,1.55,True
16439,165,10,59,2025-01-20,3.92,True
16440,165,17,100,2024-11-01,3.47,True
16441,165,19,118,2023-11-27,3.81,True
16442,165,9,52,2024-08-30,5.14,True
16443,165,10,61,2026-01-20,4.08,True
16444,165,7,43,2026-05-25,7.18,False
16445,165,25,155,2023-08-21,6.85,True
16446,165,18,108,2024-05-15,3.61,True
16447,165,30,179,2024-05-09,5.08,True
16448,165,17,100,2023-11-29,2.37,False
16449,165,20,124,2024-04-17,5.42,False
16450,165,12,70,2026-05-20,2.47,True
16451,165,29,172,2024-04-23,2.99,True
16452,165,9,54,2025-09-02,2.7,False
16453,165,27,160,2024-07-22,4.73,True
16454,165,21,128,2026-01-29,5.87,True
16455,165,1,7,2026-04-09,1.91,True
16456,165,14,85,2024-03-11,3.68,True
16457,165,8,,2023-10-02,2.38,True
16458,165,23,142,2023-11-06,1.58,True
16459,165,1,1,2024-09-30,4.06,True
16460,165,28,169,2023-08-29,1.81,True
16461,165,12,71,2023-11-29,3.95,True
16462,165,4,24,2025-11-17,2.07,True
16463,165,24,150,2024-12-27,4.6,True
16464,165,2,11,2025-11-14,2.14,True
16465,165,9,,2024-06-13,2.91,False
16466,165,30,175,2026-06-23,6.57,False
16467,165,3,20,2025-04-18,1.23,True
16468,165,29,174,2024-11-29,1.17,True
16469,165,16,91,2025-01-15,1.85,True
16470,165,15,90,2024-11-08,4.56,True
16471,165,15,89,2024-08-23,7.57,True
16472,165,26,156,2025-12-22,1.33,True
16473,165,3,18,2026-03-10,1.43,True
16474,165,15,87,2024-04-05,5.63,True
16475,165,15,,2026-06-09,3.22,True
16476,165,21,130,2024-12-10,3.18,True
16477,165,21,130,2023-12-12,7.7,True
16478,165,24,149,2025-10-21,6.89,True
16479,165,3,19,2026-02-23,3.66,True
16480,165,22,134,2025-07-10,4.31,True
16481,165,21,128,2026-03-04,4.14,True
16482,165,2,13,2026-01-15,6.09,True
16483,165,13,74,2023-11-24,7.1,False
16484,165,18,109,2024-01-31,5.15,False
16485,165,1,6,2025-04-28,0.64,True
16486,165,16,94,2026-04-03,4.23,True
16487,165,27,162,2023-07-18,7.6,False
16488,165,21,129,2025-02-19,5.49,True
16489,165,21,128,2025-12-30,3.83,True
16490,165,25,151,2026-01-20,7.6,True
16491,165,12,,2024-07-11,5.67,True
16492,166,14,82,2025-07-15,3.16,False
16493,166,22,137,2025-04-17,3.17,True
16494,166,26,,2025-09-15,5.32,True
16495,166,27,161,2024-07-29,4.42,True
16496,166,5,,2023-11-22,3.04,True
16497,166,20,,2025-06-03,2.03,True
16498,166,25,154,2023-08-04,5.69,True
16499,166,7,42,2023-07-28,2.93,True
16500,166,11,66,2023-11-21,2.29,True
16501,166,30,179,2024-07-03,3.56,False
16502,166,28,170,2024-03-20,6.34,False
16503,166,18,104,2023-12-11,5.53,False
16504,166,18,103,2024-04-17,7.59,False
16505,166,11,64,2024-06-26,5.31,False
16506,166,13,78,2026-06-19,1.85,True
16507,166,8,,2024-04-26,6.42,True
16508,166,28,171,2024-09-13,7.06,True
16509,166,9,,2026-05-07,2.98,True
16510,166,9,53,2024-12-19,6.85,True
16511,166,26,158,2025-01-20,0.6,True
16512,166,15,87,2024-05-16,2.84,True
16513,166,16,,2024-08-22,5.07,True
16514,166,12,72,2026-03-20,3.38,True
16515,166,26,158,2025-08-08,2.37,False
16516,166,16,92,2024-04-05,4.99,True
16517,166,27,164,2025-08-27,7.22,True
16518,166,29,174,2026-04-28,3.08,True
16519,166,7,43,2025-02-18,1.93,True
16520,166,1,5,2025-12-17,0.51,True
16521,166,18,108,2025-11-17,5.49,False
16522,166,8,49,2026-04-03,2.54,True
16523,166,20,123,2024-08-02,0.73,False
16524,166,3,18,2024-03-27,3.05,True
16525,166,28,170,2024-09-25,4.65,True
16526,166,3,20,2024-06-26,2.59,True
16527,166,2,15,2024-07-17,4.44,False
16528,166,22,137,2026-06-04,6.22,True
16529,166,1,4,2026-04-06,6.93,False
16530,166,14,85,2024-02-29,1.8,False
16531,166,14,85,2024-05-09,5.58,True
16532,166,30,175,2026-06-09,3.96,True
16533,166,18,108,2025-03-31,4.29,True
16534,166,20,125,2023-11-13,4.36,True
16535,166,23,139,2025-08-22,6.7,True
16536,166,7,44,2024-10-08,2.85,True
16537,166,2,8,2026-06-08,2.05,True
16538,166,16,93,2025-12-25,4.83,True
16539,166,17,98,2023-08-10,7.29,True
16540,166,7,42,2024-06-18,4.8,True
16541,166,26,,2023-12-14,5.2,False
16542,166,22,136,2024-09-13,2.06,True
16543,166,23,142,2024-10-15,0.56,True
16544,166,16,93,2023-11-06,6.99,True
16545,166,16,96,2023-11-15,5.7,True
16546,166,20,,2024-08-07,1.45,False
16547,166,4,22,2023-09-27,2.36,True
16548,166,4,21,2026-03-02,5.38,True
16549,166,4,26,2025-11-21,5.42,True
16550,166,29,174,2024-12-06,3.21,True
16551,166,11,67,2025-04-02,6.13,True
16552,166,25,155,2026-01-05,4.89,True
16553,166,17,101,2026-04-27,6.7,True
16554,166,24,146,2023-07-14,3.0,False
16555,166,14,84,2026-01-29,6.74,False
16556,166,14,83,2023-11-21,2.22,False
16557,166,30,179,2025-01-10,6.7,True
16558,166,5,36,2025-04-28,1.9,False
16559,166,16,94,2024-07-22,1.61,True
16560,166,7,43,2026-04-03,1.14,True
16561,166,16,95,2024-01-03,7.84,True
16562,166,22,,2025-03-21,3.51,True
16563,166,2,10,2025-02-18,4.73,False
16564,166,23,142,2023-11-27,1.39,True
16565,166,15,88,2023-09-08,1.83,True
16566,166,16,96,2025-06-23,4.85,True
16567,166,5,34,2023-10-26,2.23,True
16568,166,24,145,2023-09-28,3.82,True
16569,166,3,18,2024-10-21,6.71,True
16570,166,12,71,2024-01-24,4.7,True
16571,166,24,148,2024-06-07,2.32,True
16572,166,19,118,2024-07-08,4.92,True
16573,166,12,70,2023-09-15,5.46,True
16574,166,10,,2025-07-24,5.68,True
16575,166,27,161,2024-09-11,1.71,True
16576,166,16,94,2024-11-15,0.53,True
16577,166,24,,2024-01-10,7.51,True
16578,166,7,44,2026-04-30,5.39,True
16579,166,11,62,2026-03-30,1.28,True
16580,166,3,,2025-08-04,0.86,False
16581,166,21,127,2023-07-14,3.92,True
16582,166,1,7,2024-03-26,0.61,False
16583,166,5,,2023-09-06,6.51,True
16584,166,16,96,2025-09-02,2.59,True
16585,166,3,20,2026-04-07,3.68,True
16586,166,23,143,2024-09-06,7.19,True
16587,166,29,173,2024-10-23,4.04,True
16588,166,18,109,2024-09-17,5.18,True
16589,166,4,25,2026-01-21,3.95,True
16590,166,2,12,2026-01-15,0.89,True
16591,166,5,33,2026-06-01,4.22,True
16592,166,14,86,2025-08-11,2.59,True
16593,166,18,105,2025-11-05,6.5,False
16594,166,3,18,2023-11-08,7.58,True
16595,166,15,89,2024-11-21,3.1,True
16596,166,23,143,2025-01-23,7.45,False
16597,166,2,11,2026-03-26,4.65,True
16598,167,10,58,2025-09-24,0.82,True
16599,167,30,177,2025-07-11,7.15,True
16600,167,22,135,2024-02-26,4.29,True
16601,167,22,,2025-07-15,2.97,True
16602,167,24,148,2026-02-17,1.76,False
16603,167,13,,2025-09-05,5.16,True
16604,167,21,128,2025-04-29,4.5,True
16605,167,15,89,2023-09-01,0.85,False
16606,167,12,71,2023-10-26,4.97,True
16607,167,25,155,2024-03-19,0.6,True
16608,167,7,44,2023-08-18,2.97,True
16609,167,29,172,2024-07-03,3.72,True
16610,167,11,67,2026-03-09,6.92,True
16611,167,9,50,2023-11-30,7.41,True
16612,167,26,159,2024-08-20,4.12,True
16613,167,15,89,2026-05-15,6.58,True
16614,167,2,15,2023-08-29,5.07,True
16615,167,7,43,2025-07-23,2.71,False
16616,167,15,89,2026-06-29,2.37,True
16617,167,30,176,2025-09-10,1.18,True
16618,167,26,158,2025-08-08,6.93,True
16619,167,12,,2025-10-08,6.53,False
16620,167,5,,2023-10-24,4.49,True
16621,167,26,159,2026-02-03,7.72,True
16622,167,4,28,2023-11-23,5.76,False
16623,167,23,139,2026-06-26,5.45,True
16624,167,26,156,2025-01-09,3.49,True
16625,167,21,126,2025-05-05,5.85,True
16626,167,13,80,2026-03-31,2.55,True
16627,167,3,18,2024-03-22,6.94,True
16628,167,11,63,2025-09-24,0.88,True
16629,167,6,,2026-06-26,5.54,True
16630,167,24,147,2024-09-18,0.86,True
16631,167,26,158,2024-06-07,4.19,False
16632,167,10,,2026-06-02,1.47,True
16633,167,9,52,2025-10-23,2.89,False
16634,167,18,108,2024-11-18,2.01,False
16635,167,10,60,2024-01-11,1.86,True
16636,167,20,123,2024-09-05,3.8,True
16637,167,22,136,2023-10-27,1.8,False
16638,167,11,69,2023-10-05,7.85,True
16639,167,22,136,2024-01-01,4.71,True
16640,167,18,107,2024-08-01,4.48,False
16641,167,8,47,2024-12-09,1.49,True
16642,167,9,54,2024-01-16,6.97,True
16643,167,22,136,2026-01-23,6.52,True
16644,167,11,63,2024-05-17,6.22,True
16645,167,3,19,2024-03-07,6.85,False
16646,167,17,101,2024-05-02,6.59,True
16647,167,3,17,2025-12-18,6.97,True
16648,167,5,30,2024-04-10,6.14,False
16649,167,19,117,2025-12-30,3.08,True
16650,167,20,122,2024-08-15,1.31,False
16651,167,4,28,2026-04-30,2.6,True
16652,167,23,141,2026-02-03,5.39,True
16653,167,28,167,2024-01-02,6.81,True
16654,167,20,,2024-04-01,2.24,False
16655,167,10,,2025-10-01,2.46,False
16656,167,15,89,2026-02-18,4.08,True
16657,167,4,28,2025-11-27,7.65,True
16658,167,5,33,2024-10-24,1.18,True
16659,167,15,87,2025-08-20,4.05,True
16660,167,23,,2023-07-04,6.43,True
16661,167,3,,2023-11-28,7.58,True
16662,167,25,151,2024-12-06,1.57,False
16663,167,21,132,2026-02-04,3.38,False
16664,167,29,172,2025-12-31,2.31,True
16665,167,20,123,2023-11-21,1.68,True
16666,167,25,152,2026-06-29,3.96,True
16667,167,13,75,2024-11-08,4.78,True
16668,167,24,146,2024-05-09,5.13,True
16669,167,3,16,2025-01-06,2.69,True
16670,167,27,165,2025-02-12,3.97,True
16671,167,30,178,2025-02-12,2.5,False
16672,167,21,128,2024-12-25,6.04,True
16673,167,14,85,2025-06-09,3.05,True
16674,167,28,168,2023-11-17,4.15,True
16675,167,3,,2024-07-08,2.76,True
16676,167,7,44,2025-02-12,4.11,True
16677,167,30,179,2025-08-20,7.56,False
16678,167,26,159,2026-04-20,5.88,False
16679,167,6,41,2023-08-16,1.33,True
16680,167,5,31,2023-10-04,0.8,True
16681,167,5,36,2026-05-06,7.69,True
16682,167,22,134,2024-08-08,5.06,True
16683,167,26,159,2024-10-04,7.23,True
16684,167,24,150,2025-01-07,4.38,False
16685,167,4,27,2025-04-08,6.86,True
16686,167,22,134,2024-07-17,1.48,True
16687,167,30,177,2025-01-15,0.51,True
16688,167,25,153,2026-05-28,7.07,True
16689,167,22,136,2024-08-07,1.42,True
16690,167,17,,2025-04-25,7.72,False
16691,167,18,109,2026-03-27,3.32,True
16692,167,9,53,2026-02-19,4.17,True
16693,167,25,153,2023-09-20,5.36,False
16694,167,26,158,2025-06-16,5.11,False
16695,167,19,113,2025-06-30,2.47,True
16696,167,2,11,2026-02-06,4.94,True
16697,167,11,67,2023-08-11,5.02,True
16698,167,7,,2025-08-13,2.33,False
16699,167,28,168,2024-06-05,7.05,True
16700,168,24,145,2024-05-24,5.3,True
16701,168,14,82,2024-06-17,1.68,True
16702,168,9,52,2026-05-13,6.28,True
16703,168,7,44,2025-12-08,3.64,True
16704,168,10,57,2024-02-06,1.23,True
16705,168,24,146,2024-11-05,5.01,False
16706,168,30,179,2024-09-13,7.19,True
16707,168,14,83,2023-09-26,2.03,True
16708,168,23,143,2026-04-14,4.74,True
16709,168,7,43,2026-04-28,3.47,True
16710,168,22,137,2023-09-27,7.02,True
16711,168,28,170,2024-07-02,6.85,True
16712,168,14,86,2024-11-29,5.7,True
16713,168,25,153,2025-08-26,5.97,True
16714,168,14,81,2024-12-17,1.32,True
16715,168,14,86,2023-08-21,2.72,False
16716,168,10,60,2023-11-09,6.49,True
16717,168,20,121,2025-12-22,4.0,True
16718,168,19,117,2023-12-07,2.29,True
16719,168,16,,2024-03-01,7.5,False
16720,168,6,37,2024-05-30,2.68,True
16721,168,30,178,2023-09-07,1.63,True
16722,168,17,98,2025-12-22,5.0,True
16723,168,11,68,2025-03-31,1.11,False
16724,168,3,17,2024-10-21,3.58,True
16725,168,11,67,2024-12-06,6.31,True
16726,168,8,49,2024-03-12,6.1,False
16727,168,24,,2023-07-28,2.7,True
16728,168,2,10,2025-06-09,6.08,True
16729,168,1,4,2024-09-10,6.57,True
16730,168,23,,2026-01-19,7.77,True
16731,168,30,177,2025-12-24,7.17,True
16732,168,13,76,2024-04-05,1.81,True
16733,168,27,162,2024-02-20,7.68,False
16734,168,23,139,2024-10-15,2.34,True
16735,168,26,157,2026-04-16,4.68,True
16736,168,4,22,2025-06-02,2.85,False
16737,168,16,94,2025-12-22,4.75,True
16738,168,8,46,2026-02-05,1.52,True
16739,168,2,13,2023-09-15,2.08,False
16740,168,23,138,2024-05-20,4.26,True
16741,168,11,65,2025-11-18,1.65,True
16742,168,3,16,2025-11-13,5.19,True
16743,168,13,76,2024-08-26,3.62,True
16744,168,22,135,2026-03-20,5.68,True
16745,168,21,126,2025-11-18,1.66,True
16746,168,8,48,2023-10-17,2.64,True
16747,168,21,126,2023-12-11,7.99,True
16748,168,23,141,2025-10-22,0.51,True
16749,168,12,72,2023-07-31,4.44,False
16750,168,4,27,2024-01-17,0.89,True
16751,168,21,126,2024-04-19,4.46,True
16752,168,9,,2025-05-29,1.42,True
16753,168,4,27,2026-02-17,4.78,False
16754,168,2,15,2025-06-10,6.56,True
16755,168,11,69,2025-09-01,5.0,True
16756,168,26,,2023-08-09,3.45,False
16757,168,9,51,2025-01-30,4.05,True
16758,168,29,,2024-06-26,4.91,True
16759,168,25,152,2024-09-13,3.27,True
16760,168,3,19,2026-03-13,2.25,True
16761,168,12,70,2024-10-28,2.86,True
16762,168,3,17,2025-05-12,2.78,True
16763,168,17,97,2023-10-25,2.61,True
16764,168,15,89,2024-04-08,1.86,False
16765,168,19,,2025-08-19,3.38,True
16766,168,11,68,2023-07-21,2.94,True
16767,168,27,162,2026-02-04,2.53,True
16768,168,11,68,2026-01-14,6.97,True
16769,168,15,89,2024-07-29,2.51,False
16770,168,6,,2026-01-22,6.69,True
16771,168,20,121,2024-07-22,2.66,True
16772,168,25,,2024-06-11,7.29,True
16773,168,14,85,2025-11-04,7.73,True
16774,168,12,72,2024-11-21,0.63,True
16775,168,6,38,2026-06-08,0.86,False
16776,168,17,97,2025-09-15,4.94,True
16777,168,1,3,2024-05-09,6.47,True
16778,168,2,12,2024-05-24,0.66,False
16779,168,5,33,2023-09-15,3.75,True
16780,168,18,110,2024-07-03,6.92,True
16781,168,27,162,2025-05-14,7.06,True
16782,168,29,172,2025-10-08,7.18,False
16783,168,5,29,2024-07-19,1.78,True
16784,168,6,40,2023-11-29,4.45,False
16785,168,17,100,2026-04-02,7.44,True
16786,168,18,103,2024-06-06,2.97,True
16787,168,6,40,2025-04-22,6.57,True
16788,168,16,92,2025-01-10,7.7,True
16789,168,24,149,2026-03-30,6.04,True
16790,168,13,77,2023-11-08,2.79,True
16791,168,18,109,2024-09-27,6.32,True
16792,168,10,57,2024-11-04,6.34,True
16793,168,7,42,2025-12-09,5.71,True
16794,168,3,20,2024-08-30,3.93,True
16795,168,12,70,2023-09-21,7.87,False
16796,168,4,26,2024-01-10,3.33,False
16797,168,17,100,2026-05-06,3.61,True
16798,168,5,31,2024-08-26,1.19,True
16799,168,17,99,2024-03-15,2.01,False
16800,168,18,106,2024-01-30,6.65,True
16801,168,11,66,2024-04-19,6.35,False
16802,168,6,40,2025-03-24,5.06,False
16803,168,22,134,2025-12-31,1.11,True
16804,168,5,,2025-01-29,1.05,True
16805,170,3,19,2026-04-15,3.69,True
16806,170,7,,2026-04-09,1.81,True
16807,170,24,150,2026-04-21,5.44,True
16808,170,20,,2025-08-18,1.43,True
16809,170,10,59,2026-05-15,5.11,False
16810,170,22,136,2026-04-22,2.09,False
16811,170,22,135,2026-03-27,5.19,True
16812,170,18,107,2025-11-24,2.05,True
16813,170,3,19,2025-08-04,4.35,True
16814,170,16,91,2025-11-17,2.4,False
16815,170,21,,2025-11-18,7.0,True
16816,170,28,167,2026-02-24,7.58,True
16817,170,4,26,2026-06-03,3.15,False
16818,170,27,165,2025-11-14,7.13,True
16819,170,19,113,2026-03-09,3.83,True
16820,170,2,12,2026-05-14,3.13,True
16821,170,10,60,2026-05-21,6.66,False
16822,170,21,132,2025-09-26,2.94,False
16823,170,11,64,2025-11-11,7.02,True
16824,170,21,131,2026-04-30,6.86,False
16825,170,13,77,2026-02-13,5.14,True
16826,170,16,92,2025-09-11,4.33,True
16827,170,13,77,2025-09-10,5.46,False
16828,170,7,43,2025-12-10,1.53,True
16829,170,10,55,2025-08-08,7.29,False
16830,170,16,92,2025-09-12,7.81,True
16831,170,25,,2025-08-22,3.26,False
16832,170,10,59,2026-03-05,5.42,True
16833,170,9,50,2026-04-09,3.02,False
16834,170,28,169,2025-10-01,2.15,True
16835,170,15,89,2025-09-29,6.46,False
16836,170,30,175,2026-01-29,2.32,True
16837,170,19,111,2025-07-23,3.58,True
16838,170,18,,2026-02-26,5.46,True
16839,170,16,95,2026-06-22,2.64,True
16840,170,2,12,2026-02-19,1.23,False
16841,170,20,122,2025-09-05,4.82,True
16842,170,16,93,2026-05-14,5.71,True
16843,170,18,103,2026-05-14,6.64,True
16844,170,8,,2026-02-27,3.02,True
16845,170,17,98,2025-11-26,6.06,True
16846,170,30,177,2026-02-11,7.81,True
16847,170,15,87,2026-03-11,7.58,True
16848,170,28,169,2026-02-17,2.33,True
16849,170,18,103,2026-06-23,0.88,True
16850,170,13,75,2026-01-15,2.47,True
16851,170,4,23,2025-11-14,1.62,False
16852,170,13,74,2026-04-10,7.76,False
16853,170,5,31,2025-10-02,3.68,True
16854,170,23,142,2026-01-28,0.7,True
16855,170,5,30,2026-02-27,5.22,False
16856,170,18,105,2025-11-07,5.76,False
16857,170,20,120,2025-08-28,5.15,True
16858,170,25,151,2026-02-04,4.71,True
16859,170,22,134,2026-06-17,6.97,True
16860,170,21,133,2026-05-07,4.56,True
16861,170,7,,2025-10-31,7.43,False
16862,170,9,50,2026-04-22,5.26,True
16863,170,11,69,2025-11-21,7.95,True
16864,170,13,,2026-06-09,6.68,True
16865,170,5,30,2026-03-03,6.85,True
16866,170,25,151,2026-06-30,1.38,True
16867,170,5,30,2025-07-25,7.08,False
16868,170,17,98,2025-07-29,3.79,True
16869,170,14,83,2026-03-27,7.14,True
16870,170,20,121,2025-08-13,7.27,True
16871,170,28,167,2025-07-21,4.09,True
16872,170,28,169,2025-12-29,2.42,True
16873,170,1,5,2026-05-29,1.92,False
16874,170,4,26,2025-11-14,4.4,True
16875,170,21,127,2025-12-22,3.02,True
16876,170,2,12,2025-09-19,4.45,False
16877,170,30,177,2026-02-11,3.29,True
16878,170,9,,2025-09-30,1.9,False
16879,170,22,137,2026-06-30,1.88,True
16880,170,14,83,2025-10-03,3.48,False
16881,170,7,43,2026-05-25,5.43,True
16882,170,27,164,2026-01-22,0.75,True
16883,170,15,,2025-08-20,4.45,True
16884,170,27,164,2025-07-18,3.81,True
16885,170,19,115,2025-07-28,4.7,False
16886,170,27,162,2025-12-25,2.91,True
16887,170,7,44,2026-06-16,4.41,False
16888,170,17,99,2025-08-14,3.93,True
16889,170,30,177,2025-08-05,2.49,True
16890,170,7,,2025-08-08,6.46,True
16891,170,17,98,2025-11-14,3.41,False
16892,170,2,,2025-08-05,2.05,True
16893,170,29,174,2025-10-14,2.77,True
16894,170,22,136,2025-09-01,6.49,True
16895,170,9,54,2026-06-16,7.28,True
16896,170,20,125,2025-09-12,0.7,True
16897,170,27,163,2025-12-16,2.29,True
16898,170,7,44,2025-07-10,2.71,False
16899,170,26,158,2025-12-30,6.79,True
16900,170,16,96,2025-07-18,1.21,False
16901,170,13,77,2025-12-01,3.21,True
16902,170,14,81,2025-12-23,6.11,True
16903,170,13,78,2025-07-25,0.96,True
16904,170,9,52,2025-10-31,0.99,True
16905,170,8,49,2026-05-18,7.4,True
16906,170,6,40,2026-05-01,6.06,False
16907,170,2,12,2026-01-12,6.57,True
16908,171,4,25,2025-08-18,5.7,True
16909,171,20,119,2023-07-11,4.09,False
16910,171,14,85,2025-10-29,4.48,False
16911,171,21,128,2023-09-22,3.47,True
16912,171,12,71,2023-07-24,3.33,True
16913,171,16,92,2026-04-24,2.12,False
16914,171,23,143,2025-11-26,7.9,True
16915,171,5,35,2025-08-12,5.83,True
16916,171,5,36,2025-05-14,5.85,True
16917,171,10,56,2023-08-17,2.83,False
16918,171,22,134,2025-01-02,1.45,False
16919,171,5,29,2024-11-14,2.66,True
16920,171,18,110,2025-10-09,5.92,True
16921,171,8,,2026-01-15,5.72,True
16922,171,19,111,2023-07-25,0.6,True
16923,171,23,140,2024-08-23,2.34,True
16924,171,6,39,2025-05-22,3.9,False
16925,171,28,170,2025-03-20,5.37,True
16926,171,10,56,2025-09-19,2.84,True
16927,171,22,135,2023-10-11,1.96,True
16928,171,29,174,2024-06-20,3.13,False
16929,171,4,27,2024-12-20,5.58,False
16930,171,4,23,2025-01-16,7.16,True
16931,171,29,172,2025-01-27,6.36,True
16932,171,27,164,2024-09-30,3.61,False
16933,171,8,47,2025-09-02,7.04,True
16934,171,10,56,2025-05-12,6.53,True
16935,171,15,87,2024-02-26,2.43,False
16936,171,8,48,2026-05-15,5.4,False
16937,171,19,118,2023-11-29,2.3,False
16938,171,23,140,2026-05-27,3.41,True
16939,171,2,,2023-12-01,4.89,True
16940,171,4,24,2024-05-13,6.7,True
16941,171,14,86,2024-12-12,4.86,False
16942,171,22,134,2025-03-03,2.4,False
16943,171,21,130,2025-02-20,7.33,True
16944,171,26,159,2025-06-27,7.21,True
16945,171,14,82,2024-11-18,4.51,True
16946,171,15,89,2023-08-03,6.65,False
16947,171,12,72,2025-03-05,2.77,True
16948,171,2,11,2025-06-10,4.89,True
16949,171,18,103,2025-12-11,4.04,False
16950,171,27,161,2025-12-29,7.64,True
16951,171,28,167,2025-12-22,2.22,True
16952,171,12,72,2023-09-13,6.22,True
16953,171,25,,2023-07-05,4.49,True
16954,171,17,,2024-04-04,4.44,True
16955,171,16,94,2024-12-27,2.79,True
16956,171,3,17,2026-04-28,3.2,True
16957,171,17,99,2026-02-10,1.41,True
16958,171,28,168,2025-08-26,7.53,True
16959,171,26,157,2025-04-14,5.86,True
16960,171,27,160,2024-12-05,2.29,False
16961,171,26,156,2026-02-25,6.05,False
16962,171,19,116,2023-07-19,3.54,True
16963,171,19,113,2025-06-03,5.29,False
16964,171,26,159,2025-12-16,7.95,True
16965,171,19,111,2023-08-08,2.58,True
16966,171,19,112,2025-09-16,5.48,True
16967,171,13,80,2025-10-22,3.9,True
16968,171,30,178,2026-02-24,3.74,True
16969,171,24,147,2024-11-14,1.95,True
16970,171,4,,2025-02-28,0.91,True
16971,171,15,89,2024-01-19,6.26,True
16972,171,18,106,2023-09-08,4.51,True
16973,171,21,132,2025-07-08,7.91,True
16974,171,12,72,2025-02-06,6.96,True
16975,171,19,112,2025-07-16,5.82,True
16976,171,11,62,2023-11-01,5.88,False
16977,171,14,84,2025-11-20,7.4,True
16978,171,26,156,2024-04-04,4.5,True
16979,171,1,6,2023-07-05,2.84,True
16980,171,24,147,2024-08-26,6.84,False
16981,171,25,154,2026-01-15,5.85,True
16982,171,14,82,2026-04-29,3.62,True
16983,171,14,86,2025-02-19,5.71,True
16984,171,14,86,2024-06-13,4.74,False
16985,171,17,98,2025-04-15,7.08,True
16986,171,7,44,2026-01-15,4.23,False
16987,171,6,40,2025-02-27,1.11,True
16988,171,26,156,2024-03-13,7.92,True
16989,171,21,132,2023-10-09,7.95,True
16990,171,28,170,2025-04-21,7.32,True
16991,171,1,5,2023-08-23,1.43,True
16992,171,16,91,2025-06-11,6.14,True
16993,171,12,72,2026-04-07,4.09,False
16994,171,21,130,2024-09-13,4.92,True
16995,171,4,21,2024-02-01,4.63,False
16996,171,24,146,2024-09-09,0.55,False
16997,171,28,167,2026-05-22,4.1,True
16998,171,22,134,2024-12-04,3.26,True
16999,171,9,53,2023-12-11,4.16,True
17000,171,17,102,2025-10-07,0.79,True
17001,171,27,161,2025-11-20,5.99,True
17002,171,9,54,2025-01-13,7.09,False
17003,171,5,35,2026-04-17,0.61,True
17004,171,12,72,2023-07-07,1.75,True
17005,171,7,43,2025-02-27,6.18,True
17006,171,21,127,2025-05-30,4.83,True
17007,171,8,,2025-05-02,3.78,True
17008,171,3,18,2023-09-07,2.97,False
17009,171,1,2,2023-08-10,0.67,False
17010,171,23,,2024-11-07,6.37,True
17011,171,23,139,2024-07-19,1.67,True
17012,171,13,77,2024-10-31,1.94,True
17013,171,4,,2024-01-29,5.03,False
17014,171,22,,2023-12-01,4.6,False
17015,173,17,98,2025-08-25,2.27,False
17016,173,5,34,2026-02-26,3.26,True
17017,173,23,142,2025-07-22,6.82,False
17018,173,23,138,2025-12-31,5.43,True
17019,173,6,40,2026-06-26,5.47,True
17020,173,24,146,2025-06-06,2.14,True
17021,173,12,72,2025-10-17,2.95,True
17022,173,14,81,2025-09-16,4.73,True
17023,173,2,8,2025-08-15,3.73,True
17024,173,12,70,2025-03-25,5.38,True
17025,173,8,49,2026-06-16,4.39,True
17026,173,7,44,2025-10-24,6.0,True
17027,173,12,71,2026-01-12,1.69,False
17028,173,3,19,2026-01-01,5.68,True
17029,173,5,31,2025-11-17,0.66,False
17030,173,14,86,2025-06-23,1.69,True
17031,173,25,151,2025-09-29,7.2,True
17032,173,29,174,2025-10-24,0.88,True
17033,173,29,173,2025-03-18,7.81,True
17034,173,2,15,2026-02-11,1.66,True
17035,173,26,157,2024-12-26,2.64,True
17036,173,10,59,2025-02-26,0.66,False
17037,173,9,54,2026-03-27,3.26,False
17038,173,29,172,2025-12-09,5.1,True
17039,173,18,103,2026-01-09,4.95,True
17040,173,22,137,2026-05-19,7.7,True
17041,173,5,31,2025-04-28,6.52,True
17042,173,29,,2026-03-16,1.83,True
17043,173,8,47,2025-07-09,7.5,True
17044,173,4,21,2026-01-28,7.23,True
17045,173,21,131,2025-05-16,4.3,True
17046,173,25,152,2025-03-28,3.93,True
17047,173,19,111,2025-10-07,6.06,True
17048,173,9,53,2026-06-17,4.38,True
17049,173,5,30,2025-10-20,2.16,True
17050,173,11,62,2025-06-26,2.12,True
17051,173,14,81,2026-05-28,4.15,True
17052,173,22,136,2026-02-03,7.51,True
17053,173,9,54,2025-04-25,5.98,True
17054,173,28,168,2025-08-15,4.47,True
17055,173,27,,2026-01-09,5.81,True
17056,173,7,43,2025-10-13,6.85,True
17057,173,22,137,2026-02-10,2.8,False
17058,173,7,44,2026-04-10,6.9,False
17059,173,6,38,2026-01-21,0.99,True
17060,173,17,100,2026-01-20,7.39,True
17061,173,22,134,2025-07-03,5.51,True
17062,173,19,115,2025-06-18,6.84,True
17063,173,23,143,2025-08-27,6.04,True
17064,173,6,41,2026-03-11,4.15,True
17065,173,24,150,2025-09-12,4.93,True
17066,173,12,,2025-06-17,3.72,False
17067,173,6,39,2025-06-25,1.86,True
17068,173,16,94,2024-11-27,4.04,False
17069,173,15,88,2025-06-09,2.77,True
17070,173,4,25,2025-02-05,4.73,True
17071,173,18,103,2025-04-28,5.69,True
17072,173,26,158,2025-11-21,4.18,True
17073,173,4,22,2025-12-11,1.0,True
17074,173,15,90,2025-11-12,2.71,True
17075,173,26,156,2025-12-17,1.35,False
17076,173,10,,2025-10-03,2.04,True
17077,173,11,66,2025-11-28,7.94,True
17078,173,7,42,2026-03-30,1.6,True
17079,173,14,84,2025-01-16,6.28,True
17080,173,26,157,2025-01-10,3.71,True
17081,173,24,146,2026-04-08,3.62,True
17082,173,16,91,2025-03-17,7.04,True
17083,173,24,145,2024-12-18,4.66,True
17084,173,26,157,2025-06-20,2.34,True
17085,173,22,135,2025-12-05,0.75,True
17086,173,21,133,2025-05-02,7.11,True
17087,173,24,146,2024-12-19,4.81,True
17088,173,8,45,2024-11-25,1.41,True
17089,173,3,16,2025-01-14,1.35,True
17090,173,28,167,2025-02-20,3.66,True
17091,173,18,104,2026-03-24,2.47,True
17092,173,24,148,2025-11-24,4.01,True
17093,173,10,56,2025-02-17,2.39,False
17094,173,24,150,2026-04-16,2.46,True
17095,173,17,,2025-05-23,6.02,True
17096,173,1,5,2025-02-04,5.27,False
17097,173,5,30,2025-12-08,7.27,False
17098,173,14,82,2025-10-16,1.36,True
17099,173,21,130,2026-04-29,1.12,True
17100,173,10,60,2024-11-26,5.05,True
17101,173,10,55,2026-04-20,2.47,True
17102,173,29,174,2025-04-11,6.94,True
17103,173,11,66,2025-03-11,1.31,True
17104,173,3,20,2025-07-08,4.43,True
17105,173,9,53,2025-12-30,2.27,False
17106,173,22,135,2026-06-01,3.1,False
17107,173,10,,2025-04-21,1.1,True
17108,173,21,132,2025-06-23,7.48,True
17109,173,5,30,2026-04-09,6.38,False
17110,173,12,70,2025-08-25,3.17,True
17111,173,24,146,2026-05-22,0.8,True
17112,173,18,106,2025-05-16,0.89,False
17113,173,30,178,2026-04-16,2.83,True
17114,173,20,,2025-04-28,0.53,False
17115,173,15,87,2025-12-29,2.66,False
17116,173,8,49,2025-07-21,4.81,True
17117,173,7,44,2025-01-14,0.6,False
17118,173,29,172,2025-02-04,7.84,True
17119,173,25,154,2026-05-25,6.5,True
17120,173,2,15,2025-01-24,3.72,True
17121,173,26,158,2024-12-10,5.65,True
17122,173,4,21,2025-11-24,5.62,False
17123,173,22,136,2024-11-19,6.7,True
17124,174,29,174,2026-04-16,7.25,True
17125,174,4,21,2026-06-02,5.91,True
17126,174,13,80,2026-04-28,1.62,True
17127,174,9,53,2026-06-29,5.95,True
17128,174,4,28,2026-05-19,6.48,True
17129,174,23,139,2026-04-15,1.83,False
17130,174,11,67,2026-04-16,6.84,True
17131,174,6,,2026-06-08,5.98,True
17132,174,21,,2026-04-22,4.55,True
17133,174,29,172,2026-05-15,5.56,True
17134,174,25,153,2026-05-22,1.1,True
17135,174,5,35,2026-05-25,3.2,True
17136,174,3,20,2026-06-15,1.56,True
17137,174,9,50,2026-06-16,1.57,True
17138,174,29,173,2026-06-18,4.58,True
17139,174,8,47,2026-04-08,4.08,True
17140,174,2,15,2026-04-06,3.93,True
17141,174,7,,2026-06-26,6.27,True
17142,174,11,62,2026-04-27,1.98,False
17143,174,12,,2026-06-12,1.73,True
17144,174,15,,2026-05-06,5.87,True
17145,174,8,45,2026-05-13,3.89,False
17146,174,20,124,2026-03-30,4.67,True
17147,174,8,45,2026-06-10,1.05,True
17148,174,25,,2026-04-28,6.09,True
17149,174,19,,2026-04-02,6.04,True
17150,174,10,56,2026-06-10,2.36,True
17151,174,18,107,2026-03-24,4.03,True
17152,174,22,,2026-04-15,4.04,False
17153,174,2,10,2026-06-02,1.87,True
17154,174,9,54,2026-03-31,5.34,False
17155,174,15,88,2026-06-09,7.6,True
17156,174,29,172,2026-05-28,6.38,True
17157,174,14,83,2026-04-09,5.87,False
17158,174,29,173,2026-05-15,5.16,False
17159,174,2,9,2026-04-24,0.86,False
17160,174,19,115,2026-04-16,4.56,True
17161,174,21,126,2026-06-22,6.54,True
17162,174,11,,2026-04-20,2.34,True
17163,174,6,40,2026-06-11,5.23,True
17164,174,3,18,2026-04-22,7.34,True
17165,174,2,15,2026-03-31,1.41,True
17166,174,23,,2026-04-16,5.98,True
17167,174,28,167,2026-03-31,4.63,True
17168,174,23,139,2026-03-23,4.15,False
17169,174,15,88,2026-06-01,7.81,True
17170,174,12,72,2026-04-20,5.12,True
17171,174,6,37,2026-06-16,7.53,True
17172,174,13,75,2026-05-18,3.36,True
17173,174,10,59,2026-05-01,6.47,True
17174,174,16,91,2026-05-06,0.7,False
17175,174,9,54,2026-04-27,3.18,True
17176,174,25,153,2026-06-26,7.29,True
17177,174,17,99,2026-04-21,7.88,True
17178,174,29,174,2026-06-04,2.32,True
17179,174,18,106,2026-05-19,3.72,False
17180,174,25,153,2026-06-08,2.12,False
17181,174,26,157,2026-06-05,7.73,True
17182,174,29,174,2026-06-18,2.38,False
17183,174,23,140,2026-06-18,5.84,True
17184,174,30,176,2026-03-27,2.39,True
17185,174,20,124,2026-05-05,6.88,True
17186,174,4,23,2026-06-02,1.55,False
17187,174,7,,2026-04-09,4.99,True
17188,174,18,106,2026-03-27,5.8,True
17189,174,28,166,2026-06-23,3.43,True
17190,174,20,,2026-03-24,6.8,True
17191,174,29,172,2026-06-17,4.89,True
17192,174,30,176,2026-06-05,2.51,False
17193,174,5,,2026-05-21,2.86,True
17194,174,7,42,2026-04-06,2.13,True
17195,174,29,174,2026-03-30,1.61,True
17196,174,10,60,2026-05-01,6.75,True
17197,174,22,135,2026-05-13,2.02,False
17198,174,16,92,2026-03-27,6.34,True
17199,174,11,66,2026-04-16,4.19,False
17200,174,11,67,2026-04-27,5.48,True
17201,174,13,78,2026-06-11,6.87,True
17202,174,19,117,2026-06-23,0.99,True
17203,174,26,158,2026-03-23,0.54,True
17204,174,28,169,2026-03-24,7.05,True
17205,174,15,89,2026-06-18,3.62,False
17206,174,22,137,2026-06-15,3.86,True
17207,174,8,49,2026-04-01,6.82,True
17208,174,27,163,2026-05-18,2.35,True
17209,174,11,63,2026-04-22,0.72,True
17210,174,5,29,2026-05-28,2.24,True
17211,174,16,95,2026-04-23,3.66,False
17212,174,23,142,2026-05-04,2.35,True
17213,174,30,177,2026-03-24,3.77,False
17214,174,13,79,2026-04-21,3.12,True
17215,174,26,159,2026-06-22,4.25,True
17216,174,13,79,2026-06-10,0.55,True
17217,174,27,164,2026-04-02,1.64,False
17218,174,8,47,2026-05-20,6.27,True
17219,174,24,,2026-04-21,6.63,True
17220,174,15,87,2026-04-20,6.28,True
17221,174,10,59,2026-06-19,4.79,True
17222,174,14,81,2026-04-09,3.28,True
17223,174,22,137,2026-06-30,2.92,False
17224,174,15,,2026-05-05,6.59,True
17225,174,17,97,2026-06-05,7.57,False
17226,174,24,144,2026-06-18,2.46,False
17227,174,15,89,2026-05-01,2.35,True
17228,174,4,24,2026-03-24,7.86,True
17229,174,5,30,2026-05-19,7.71,False
17230,175,4,23,2026-05-22,7.16,True
17231,175,27,161,2024-09-18,4.84,False
17232,175,1,6,2024-10-21,5.3,True
17233,175,10,59,2026-05-22,2.38,True
17234,175,14,83,2025-06-16,3.31,True
17235,175,4,22,2024-09-26,7.5,True
17236,175,30,176,2024-07-29,3.38,False
17237,175,1,6,2026-06-09,3.72,False
17238,175,8,48,2025-08-19,4.86,True
17239,175,4,25,2026-05-06,4.38,False
17240,175,10,,2025-03-10,7.24,False
17241,175,22,136,2026-05-22,7.36,True
17242,175,9,50,2025-02-04,6.17,False
17243,175,20,120,2025-10-10,4.85,False
17244,175,15,89,2024-11-28,7.83,True
17245,175,21,,2026-02-02,0.51,True
17246,175,11,65,2024-09-04,5.21,True
17247,175,25,154,2025-09-09,3.3,True
17248,175,11,68,2025-02-05,6.78,True
17249,175,26,,2025-03-13,5.24,False
17250,175,25,151,2024-08-15,6.41,True
17251,175,15,90,2026-03-04,1.36,True
17252,175,22,135,2025-09-02,7.4,True
17253,175,27,160,2025-08-06,5.53,True
17254,175,17,98,2024-12-18,4.53,True
17255,175,10,60,2025-03-25,6.53,True
17256,175,26,159,2025-11-06,5.76,True
17257,175,23,141,2026-06-23,6.99,False
17258,175,5,32,2025-01-15,1.28,True
17259,175,16,94,2025-11-11,3.52,True
17260,175,25,,2024-09-26,5.45,True
17261,175,10,59,2025-08-05,6.88,False
17262,175,7,42,2026-04-06,0.68,True
17263,175,13,75,2025-08-15,1.08,True
17264,175,1,6,2025-09-05,3.43,False
17265,175,18,110,2025-02-25,2.22,False
17266,175,22,,2024-10-09,6.89,True
17267,175,5,31,2026-06-16,5.55,False
17268,175,25,152,2025-12-26,1.64,True
17269,175,18,106,2024-11-05,2.53,True
17270,175,2,12,2025-05-06,6.34,True
17271,175,15,87,2026-06-05,1.83,True
17272,175,19,,2025-12-12,7.51,True
17273,175,29,173,2026-03-27,4.23,True
17274,175,10,57,2026-06-09,4.52,True
17275,175,28,,2025-02-13,1.16,False
17276,175,24,150,2026-03-09,4.88,True
17277,175,28,170,2025-06-25,3.2,True
17278,175,29,173,2026-05-20,7.83,True
17279,175,20,119,2025-02-25,4.15,True
17280,175,22,134,2025-02-04,7.9,True
17281,175,13,80,2025-02-14,0.8,True
17282,175,5,34,2025-12-08,3.14,True
17283,175,29,173,2026-01-02,6.74,True
17284,175,15,90,2026-04-16,3.41,True
17285,175,10,,2025-02-17,4.97,True
17286,175,28,167,2025-12-31,1.21,True
17287,175,1,2,2024-07-30,3.95,True
17288,175,25,151,2025-07-17,2.31,True
17289,175,10,57,2025-01-08,7.28,False
17290,175,19,,2026-03-04,1.41,True
17291,175,2,11,2025-04-21,6.55,True
17292,175,12,71,2025-08-26,4.92,True
17293,175,6,41,2024-08-02,3.8,True
17294,175,6,39,2025-09-17,3.11,True
17295,175,18,105,2025-04-16,3.33,True
17296,175,10,59,2025-05-02,6.78,True
17297,175,17,101,2025-04-08,4.72,False
17298,175,14,86,2025-10-28,2.27,True
17299,175,30,175,2025-07-09,1.48,False
17300,175,7,42,2025-05-16,6.34,False
17301,175,21,127,2024-12-02,1.95,True
17302,175,12,72,2025-09-02,1.09,False
17303,175,8,47,2025-06-11,2.06,False
17304,175,26,158,2025-12-18,1.63,False
17305,175,3,18,2024-07-30,4.78,True
17306,175,13,74,2025-01-14,6.11,False
17307,175,28,167,2025-12-01,2.14,True
17308,175,5,32,2025-03-19,6.84,True
17309,175,26,158,2026-06-30,5.89,False
17310,175,10,57,2024-12-05,7.49,True
17311,175,19,118,2025-02-07,7.02,True
17312,175,22,135,2026-04-03,7.07,True
17313,175,2,9,2024-10-04,7.78,True
17314,175,21,127,2025-12-16,2.85,True
17315,175,18,110,2025-07-22,6.59,True
17316,175,22,137,2025-11-05,0.99,True
17317,175,22,137,2024-12-20,5.83,False
17318,175,21,126,2025-09-02,1.29,True
17319,175,28,168,2026-05-19,3.17,True
17320,175,28,,2025-09-18,6.11,False
17321,175,27,161,2025-08-19,1.6,True
17322,175,6,38,2025-08-05,3.91,False
17323,175,5,35,2026-03-17,7.39,True
17324,175,15,89,2025-11-03,6.04,False
17325,175,5,36,2024-12-11,1.42,True
17326,175,3,20,2024-09-04,2.52,True
17327,175,8,49,2024-10-07,2.77,True
17328,176,4,25,2026-04-23,2.19,True
17329,176,27,165,2023-11-28,5.45,False
17330,176,26,158,2026-05-29,1.07,True
17331,176,22,137,2023-10-02,6.92,False
17332,176,8,47,2023-09-28,4.34,True
17333,176,2,,2026-05-04,5.51,True
17334,176,23,142,2023-12-25,6.0,True
17335,176,12,72,2024-09-20,4.4,True
17336,176,6,40,2024-02-19,6.68,False
17337,176,25,151,2024-04-16,5.85,True
17338,176,17,98,2024-10-01,3.19,False
17339,176,17,99,2025-08-08,3.25,True
17340,176,12,72,2026-02-19,2.08,True
17341,176,4,28,2025-08-05,1.73,True
17342,176,4,22,2026-03-30,6.17,True
17343,176,19,114,2023-09-19,6.11,True
17344,176,17,,2025-03-12,5.61,False
17345,176,13,79,2025-08-05,3.02,True
17346,176,24,145,2025-11-27,2.37,True
17347,176,10,56,2025-06-12,7.07,True
17348,176,23,142,2024-11-18,6.29,False
17349,176,23,141,2025-07-11,3.63,True
17350,176,27,162,2023-09-06,0.84,True
17351,176,17,99,2023-09-15,2.94,True
17352,176,11,63,2023-10-09,4.03,True
17353,176,5,34,2024-07-17,2.58,False
17354,176,24,144,2023-07-04,4.15,True
17355,176,29,174,2024-01-25,1.68,True
17356,176,10,55,2025-05-12,1.07,True
17357,176,14,83,2025-02-27,3.53,True
17358,176,30,178,2025-01-10,4.66,True
17359,176,6,40,2024-01-26,5.21,True
17360,176,1,4,2026-06-01,7.93,False
17361,176,30,179,2024-09-13,6.2,True
17362,176,8,49,2024-10-01,6.6,True
17363,176,23,140,2025-10-01,1.65,True
17364,176,28,167,2023-09-07,6.8,False
17365,176,29,173,2025-11-24,4.29,True
17366,176,19,111,2024-12-03,3.17,True
17367,176,28,170,2024-04-18,6.31,True
17368,176,24,148,2025-07-03,7.59,True
17369,176,17,,2024-03-07,5.2,False
17370,176,11,62,2024-06-18,5.42,True
17371,176,26,156,2024-04-30,2.73,True
17372,176,11,69,2025-10-31,0.58,False
17373,176,6,39,2023-08-25,7.44,False
17374,176,17,98,2024-02-27,2.94,False
17375,176,10,60,2025-04-23,7.71,True
17376,176,23,143,2025-08-04,6.56,True
17377,176,23,139,2023-07-17,1.18,True
17378,176,25,155,2024-10-23,3.22,True
17379,176,13,77,2025-05-08,7.3,True
17380,176,30,175,2024-04-10,3.59,True
17381,176,15,87,2023-07-24,4.02,True
17382,176,2,9,2023-12-11,5.0,True
17383,176,17,98,2025-04-30,5.7,True
17384,176,3,20,2025-05-22,1.37,True
17385,176,2,13,2024-10-22,0.6,False
17386,176,2,11,2023-09-07,1.26,True
17387,176,30,176,2025-02-27,2.71,True
17388,176,6,39,2023-12-14,3.19,True
17389,176,13,74,2024-09-18,3.62,True
17390,176,23,141,2025-09-29,6.81,True
17391,176,30,175,2025-07-09,5.08,True
17392,176,25,152,2024-01-26,4.53,True
17393,176,6,37,2026-02-20,5.88,True
17394,176,20,122,2023-11-20,2.61,True
17395,176,28,170,2026-06-26,3.97,True
17396,176,18,103,2024-07-16,7.94,True
17397,176,18,107,2026-05-25,5.67,True
17398,176,17,102,2026-06-29,5.36,True
17399,176,4,28,2026-04-02,6.52,True
17400,176,9,50,2023-07-12,3.15,True
17401,176,25,155,2024-02-22,1.31,True
17402,176,19,112,2026-06-22,4.23,True
17403,176,24,,2024-03-14,3.7,True
17404,176,8,47,2024-04-10,5.33,True
17405,176,26,159,2024-05-23,7.81,True
17406,176,22,134,2025-02-11,5.56,True
17407,176,27,161,2024-11-27,6.55,True
17408,176,25,152,2025-11-03,5.16,True
17409,176,7,,2024-10-04,4.15,True
17410,176,27,162,2023-12-29,2.53,True
17411,176,22,134,2025-04-17,5.89,True
17412,176,20,,2023-12-28,5.41,False
17413,176,24,150,2023-09-13,5.83,True
17414,176,24,147,2025-04-10,6.26,True
17415,176,11,69,2024-06-19,4.82,True
17416,176,17,102,2023-12-11,7.39,True
17417,176,30,177,2024-05-17,3.21,True
17418,176,21,131,2023-10-11,4.69,True
17419,176,20,124,2025-04-08,4.02,True
17420,176,22,137,2023-11-21,6.2,True
17421,176,23,138,2026-01-22,7.35,False
17422,176,1,1,2024-03-01,1.59,True
17423,176,27,,2024-04-30,4.51,False
17424,176,16,91,2024-11-13,2.06,True
17425,176,6,41,2026-04-13,6.56,True
17426,176,22,135,2024-12-16,5.18,False
17427,176,7,42,2025-10-21,7.3,False
17428,176,9,,2023-08-23,3.34,True
17429,176,13,75,2025-01-15,3.62,True
17430,176,2,10,2023-07-14,6.58,False
17431,176,1,2,2025-05-13,6.37,True
17432,176,17,102,2025-05-23,0.69,True
17433,176,6,39,2025-02-20,5.81,True
17434,176,16,93,2025-07-17,4.57,True
17435,176,6,40,2025-10-20,4.37,True
17436,176,29,172,2025-08-04,4.11,True
17437,176,8,46,2025-01-09,5.12,True
17438,177,14,82,2026-03-19,6.37,True
17439,177,18,106,2026-03-13,2.52,True
17440,177,10,,2026-06-11,0.77,True
17441,177,12,70,2026-04-22,4.39,True
17442,177,16,95,2026-06-19,7.8,True
17443,177,13,79,2026-03-12,6.75,True
17444,177,24,149,2026-02-11,5.72,True
17445,177,14,,2026-01-22,3.72,True
17446,177,19,118,2026-03-18,1.69,True
17447,177,6,,2026-05-14,3.37,True
17448,177,6,37,2026-01-26,4.83,False
17449,177,19,114,2026-03-27,5.28,True
17450,177,18,103,2026-05-29,2.37,False
17451,177,26,156,2026-02-17,2.63,True
17452,177,9,51,2026-06-17,4.52,True
17453,177,29,,2026-01-27,4.41,True
17454,177,7,42,2026-02-02,6.71,True
17455,177,13,77,2026-03-12,6.76,True
17456,177,17,102,2026-02-25,6.84,True
17457,177,4,21,2026-04-10,0.97,False
17458,177,7,44,2026-02-11,2.16,True
17459,177,23,138,2026-06-08,6.67,False
17460,177,7,44,2026-02-26,7.03,True
17461,177,20,124,2026-05-12,7.59,True
17462,177,14,84,2026-03-16,7.46,True
17463,177,25,153,2026-06-17,1.66,True
17464,177,18,105,2026-02-20,5.61,True
17465,177,15,87,2026-01-27,5.74,True
17466,177,9,54,2026-04-01,6.52,True
17467,177,1,2,2026-04-06,4.11,True
17468,177,5,35,2026-06-08,3.69,True
17469,177,25,151,2026-03-25,6.01,False
17470,177,24,144,2026-06-30,1.05,True
17471,177,25,153,2026-05-29,1.29,False
17472,177,26,159,2026-02-04,7.77,True
17473,177,17,102,2026-06-17,5.93,True
17474,177,1,4,2026-03-27,7.42,False
17475,177,4,21,2026-03-02,6.62,False
17476,177,11,63,2026-02-27,4.71,True
17477,177,28,,2026-06-09,5.3,True
17478,177,27,161,2026-02-17,4.98,False
17479,177,15,,2026-03-19,4.16,True
17480,177,5,,2026-02-11,6.99,True
17481,177,20,,2026-05-11,6.95,True
17482,177,21,,2026-03-31,6.39,True
17483,177,9,50,2026-04-23,3.64,True
17484,177,18,105,2026-05-18,4.05,True
17485,177,6,38,2026-01-27,1.92,True
17486,177,27,162,2026-06-11,4.38,True
17487,177,20,124,2026-03-27,5.66,True
17488,177,26,157,2026-06-12,7.72,True
17489,177,25,155,2026-02-25,0.93,False
17490,177,29,174,2026-02-25,7.49,True
17491,177,10,59,2026-02-16,3.7,True
17492,177,25,153,2026-05-04,0.58,True
17493,177,10,59,2026-06-30,6.36,True
17494,177,10,59,2026-06-11,1.14,False
17495,177,1,3,2026-01-30,6.4,False
17496,177,28,166,2026-02-09,3.85,False
17497,177,3,17,2026-03-20,6.31,True
17498,177,10,56,2026-02-24,3.11,False
17499,177,14,86,2026-01-29,6.41,True
17500,177,9,51,2026-05-07,2.34,False
17501,177,1,1,2026-06-01,3.46,True
17502,177,11,68,2026-06-25,3.43,True
17503,177,23,,2026-05-14,6.34,True
17504,177,11,67,2026-05-22,3.69,True
17505,177,30,175,2026-02-10,5.28,True
17506,177,26,,2026-03-02,7.89,True
17507,177,12,70,2026-03-23,7.03,False
17508,177,4,,2026-04-21,0.5,True
17509,177,26,158,2026-06-30,1.33,False
17510,177,16,,2026-03-26,7.0,True
17511,177,25,153,2026-04-09,1.94,True
17512,177,4,22,2026-01-22,2.24,True
17513,177,20,,2026-03-02,6.31,True
17514,177,28,170,2026-06-15,4.41,True
17515,177,8,46,2026-01-28,7.81,True
17516,177,20,125,2026-03-27,5.72,True
17517,177,11,63,2026-04-27,0.85,True
17518,177,21,132,2026-02-24,0.55,False
17519,177,3,20,2026-04-30,7.0,True
17520,177,28,167,2026-03-30,2.38,True
17521,177,13,78,2026-03-16,5.8,True
17522,177,8,45,2026-04-02,3.6,True
17523,177,17,102,2026-01-26,5.64,True
17524,177,28,171,2026-03-11,3.49,True
17525,177,3,17,2026-06-02,4.35,True
17526,177,7,44,2026-04-14,5.41,True
17527,177,16,94,2026-05-06,2.16,False
17528,177,10,58,2026-06-11,6.21,True
17529,177,5,36,2026-03-27,7.66,True
17530,177,12,71,2026-02-17,6.87,True
17531,177,16,96,2026-04-15,6.56,True
17532,177,20,121,2026-06-02,7.93,False
17533,177,14,,2026-03-13,2.76,True
17534,177,22,,2026-02-09,7.26,True
17535,177,8,45,2026-03-06,7.71,True
17536,177,29,173,2026-01-27,3.08,True
17537,177,7,44,2026-04-07,7.41,True
17538,177,26,156,2026-02-23,6.02,True
17539,177,23,143,2026-04-22,1.26,True
17540,177,12,72,2026-03-17,6.24,True
17541,177,5,,2026-04-06,5.62,True
17542,177,5,29,2026-05-12,2.82,True
17543,177,1,3,2026-04-08,4.3,True
17544,178,11,69,2026-06-22,1.56,True
17545,178,17,102,2026-03-10,2.73,False
17546,178,20,119,2026-05-29,4.06,True
17547,178,14,81,2026-03-04,4.89,True
17548,178,1,6,2026-05-11,6.83,True
17549,178,6,41,2026-03-11,6.48,True
17550,178,1,2,2026-02-19,1.57,False
17551,178,27,161,2026-02-23,6.92,True
17552,178,2,12,2026-05-01,2.13,True
17553,178,16,,2026-02-02,1.24,False
17554,178,2,15,2026-01-28,3.51,False
17555,178,20,,2026-06-05,5.14,True
17556,178,10,,2026-05-22,6.97,True
17557,178,29,,2026-02-09,1.45,True
17558,178,21,,2026-06-05,2.66,True
17559,178,27,163,2026-03-16,1.52,True
17560,178,10,60,2026-04-10,7.05,True
17561,178,29,174,2026-01-20,4.71,True
17562,178,3,18,2026-03-23,5.71,True
17563,178,3,,2026-05-04,0.76,True
17564,178,5,35,2026-06-16,4.48,False
17565,178,4,25,2026-05-05,4.62,True
17566,178,7,42,2026-04-14,6.68,True
17567,178,4,22,2026-03-11,1.8,False
17568,178,14,86,2026-05-22,1.83,False
17569,178,5,36,2026-04-02,1.19,True
17570,178,3,20,2026-02-19,7.92,True
17571,178,14,85,2026-06-26,3.69,True
17572,178,6,,2026-03-11,3.01,False
17573,178,23,141,2026-06-08,5.88,True
17574,178,5,36,2026-05-21,0.83,True
17575,178,19,112,2026-03-19,7.83,True
17576,178,24,147,2026-02-11,4.1,True
17577,178,13,80,2026-05-28,5.82,True
17578,178,20,121,2026-04-22,2.23,False
17579,178,22,134,2026-06-18,2.16,True
17580,178,21,126,2026-01-22,2.62,True
17581,178,9,,2026-06-23,7.62,True
17582,178,30,,2026-06-09,3.63,True
17583,178,6,40,2026-05-19,1.91,True
17584,178,4,28,2026-05-01,6.55,False
17585,178,19,116,2026-06-08,6.54,True
17586,178,5,29,2026-02-05,6.98,True
17587,178,25,152,2026-01-15,3.79,True
17588,178,19,118,2026-04-01,1.62,True
17589,178,21,,2026-02-19,6.32,True
17590,178,1,2,2026-03-10,2.89,True
17591,178,17,98,2026-05-27,5.65,True
17592,178,9,51,2026-03-26,7.23,True
17593,178,11,63,2026-03-02,6.99,True
17594,178,3,,2026-04-27,5.46,True
17595,178,2,9,2026-04-17,2.43,True
17596,178,10,57,2026-04-03,4.68,True
17597,178,23,141,2026-03-24,7.54,True
17598,178,15,89,2026-05-22,3.1,True
17599,178,30,175,2026-05-20,3.0,False
17600,178,30,178,2026-01-28,2.0,True
17601,178,10,59,2026-05-14,3.32,False
17602,178,18,103,2026-06-08,1.85,True
17603,178,28,167,2026-03-05,2.7,True
17604,178,24,145,2026-06-08,2.17,True
17605,178,29,172,2026-03-04,3.16,True
17606,178,23,142,2026-05-25,2.62,True
17607,178,20,123,2026-02-20,5.59,True
17608,178,19,118,2026-05-11,2.15,True
17609,178,8,47,2026-02-11,5.4,True
17610,178,19,118,2026-03-11,6.07,True
17611,178,18,,2026-06-02,0.53,True
17612,178,20,125,2026-06-08,4.18,True
17613,178,12,70,2026-06-05,5.85,True
17614,178,13,74,2026-01-19,7.37,True
17615,178,10,61,2026-03-27,2.43,False
17616,178,19,117,2026-06-01,2.36,True
17617,178,4,22,2026-03-24,3.66,True
17618,178,10,61,2026-05-08,4.92,False
17619,178,3,20,2026-01-28,1.63,False
17620,178,11,65,2026-05-01,3.75,True
17621,178,26,158,2026-04-22,4.05,True
17622,178,24,145,2026-05-08,2.19,True
17623,178,6,39,2026-02-13,6.76,True
17624,178,21,130,2026-06-26,2.16,True
17625,178,26,159,2026-03-25,7.2,True
17626,178,22,134,2026-06-04,5.33,True
17627,178,21,,2026-04-06,6.61,True
17628,178,30,178,2026-04-08,7.55,True
17629,178,22,137,2026-03-18,6.94,False
17630,178,9,52,2026-02-24,4.15,False
17631,178,29,174,2026-06-08,3.49,True
17632,178,6,40,2026-04-14,7.39,False
17633,178,4,21,2026-06-12,5.69,True
17634,178,10,56,2026-03-03,2.99,True
17635,178,5,32,2026-05-29,3.79,True
17636,178,14,81,2026-03-05,6.56,True
17637,178,28,167,2026-02-03,6.69,True
17638,178,2,12,2026-02-12,0.78,False
17639,178,29,174,2026-03-26,4.49,True
17640,178,1,7,2026-04-29,4.59,False
17641,178,20,121,2026-04-20,7.36,True
17642,178,11,68,2026-06-17,7.75,True
17643,178,30,178,2026-02-19,6.11,False
17644,178,26,159,2026-02-12,1.74,True
17645,178,12,70,2026-06-22,4.44,True
17646,178,10,,2026-02-02,1.99,True
17647,178,13,,2026-02-09,6.87,True
17648,178,25,,2026-02-27,7.7,True
17649,178,11,,2026-01-23,1.94,True
17650,178,17,97,2026-06-12,1.23,True
17651,178,22,134,2026-04-20,0.62,True
17652,178,29,174,2026-06-16,7.62,False
17653,178,1,6,2026-02-23,2.79,True
17654,178,20,123,2026-02-20,5.99,False
17655,178,30,179,2026-03-31,5.22,True
17656,179,15,90,2024-12-30,7.28,False
17657,179,9,51,2026-01-29,2.19,True
17658,179,18,109,2023-12-25,4.81,True
17659,179,16,93,2026-03-10,1.93,True
17660,179,8,48,2024-03-14,0.57,True
17661,179,1,3,2024-04-02,5.54,False
17662,179,21,127,2023-11-06,2.19,True
17663,179,7,43,2023-09-07,6.64,True
17664,179,1,5,2024-07-10,4.38,False
17665,179,13,75,2023-08-15,6.12,False
17666,179,18,108,2025-06-18,6.55,True
17667,179,16,94,2026-03-04,7.16,True
17668,179,15,88,2024-04-09,4.85,True
17669,179,24,147,2025-05-08,3.1,False
17670,179,5,34,2026-03-10,1.65,False
17671,179,8,48,2023-08-21,4.5,True
17672,179,19,,2025-09-05,7.0,True
17673,179,22,135,2025-11-19,4.62,True
17674,179,26,156,2025-02-12,6.51,True
17675,179,11,65,2025-01-31,0.92,False
17676,179,22,135,2025-04-25,0.57,True
17677,179,27,162,2023-07-18,5.21,True
17678,179,22,134,2024-04-29,6.35,True
17679,179,23,140,2025-11-24,4.58,True
17680,179,23,139,2025-09-16,6.1,True
17681,179,26,156,2025-07-30,0.7,True
17682,179,22,136,2024-10-01,1.31,True
17683,179,30,177,2025-12-01,1.39,True
17684,179,14,81,2026-03-13,6.87,True
17685,179,27,162,2026-01-27,6.68,True
17686,179,17,99,2025-12-23,6.63,True
17687,179,2,11,2024-11-20,6.47,True
17688,179,30,179,2026-01-06,2.03,True
17689,179,10,,2023-11-02,1.98,True
17690,179,21,133,2026-01-28,4.57,True
17691,179,14,86,2025-09-25,7.06,True
17692,179,29,172,2025-01-16,6.75,True
17693,179,1,3,2025-05-26,3.22,True
17694,179,17,99,2025-02-04,5.06,False
17695,179,30,178,2026-02-20,5.71,True
17696,179,13,78,2025-06-04,7.21,True
17697,179,24,145,2026-06-15,3.43,True
17698,179,29,,2025-03-05,2.33,False
17699,179,7,43,2025-09-08,2.51,True
17700,179,28,171,2024-01-12,3.38,True
17701,179,23,142,2024-01-04,1.26,True
17702,179,10,,2024-08-09,6.97,False
17703,179,25,,2025-10-28,5.35,True
17704,179,6,41,2026-04-29,5.38,False
17705,179,15,89,2024-10-11,1.03,True
17706,179,17,,2023-11-02,2.99,True
17707,179,9,51,2026-06-22,2.82,True
17708,179,28,169,2024-03-19,2.76,False
17709,179,3,16,2024-08-26,3.09,True
17710,179,9,,2025-08-29,2.77,True
17711,179,20,119,2023-10-31,5.41,True
17712,179,11,67,2024-06-28,4.9,True
17713,179,13,74,2025-08-07,6.16,True
17714,179,26,158,2025-12-03,6.12,True
17715,179,19,,2026-01-15,3.65,True
17716,179,2,10,2025-09-22,7.83,True
17717,179,16,95,2024-11-01,2.13,True
17718,179,11,63,2024-05-02,7.19,True
17719,179,9,51,2025-11-28,2.36,True
17720,179,18,106,2023-07-21,6.06,True
17721,179,21,133,2024-08-12,5.45,False
17722,179,27,163,2024-09-10,1.43,True
17723,179,24,,2024-07-09,2.27,True
17724,179,22,134,2024-01-08,1.84,False
17725,179,26,156,2024-07-09,2.82,False
17726,179,20,124,2026-05-11,4.53,True
17727,179,27,161,2024-10-14,7.13,True
17728,179,2,9,2025-08-27,1.32,False
17729,179,14,86,2023-12-20,1.18,True
17730,179,14,83,2024-08-26,0.8,True
17731,179,27,161,2025-09-29,2.95,False
17732,179,29,173,2025-09-05,7.06,False
17733,179,8,47,2023-10-25,6.78,False
17734,179,4,,2023-11-16,6.31,True
17735,179,14,84,2026-02-13,6.24,True
17736,179,9,51,2024-05-28,3.31,True
17737,179,13,76,2024-01-15,6.61,True
17738,179,16,95,2024-03-28,1.2,True
17739,179,7,42,2024-02-07,4.96,True
17740,179,23,139,2024-07-31,1.63,True
17741,179,4,24,2024-12-12,2.43,False
17742,179,18,110,2025-08-29,1.17,True
17743,179,29,174,2024-05-02,5.77,True
17744,179,11,64,2026-05-19,5.84,True
17745,179,10,59,2024-11-22,4.14,True
17746,179,15,90,2026-01-15,5.22,True
17747,179,4,23,2026-06-26,5.17,True
17748,179,16,96,2023-09-29,2.45,True
17749,179,4,23,2025-03-26,5.64,False
17750,179,6,,2025-06-09,2.07,False
17751,179,22,135,2023-12-05,5.17,True
17752,179,5,36,2025-06-06,7.6,True
17753,179,10,56,2023-11-07,3.27,False
17754,179,9,51,2025-03-20,7.09,True
17755,179,21,132,2024-08-21,0.61,True
17756,179,13,73,2024-07-29,4.04,True
17757,179,6,39,2025-10-24,3.5,True
17758,179,25,155,2023-10-03,3.23,True
17759,179,9,53,2024-04-19,4.31,True
17760,179,17,,2024-11-25,4.82,True
17761,179,5,34,2025-03-27,6.02,True
17762,180,21,127,2024-03-20,6.37,True
17763,180,12,72,2024-01-03,7.87,False
17764,180,7,,2025-01-16,6.26,True
17765,180,24,145,2025-07-11,0.57,True
17766,180,19,117,2024-06-27,4.72,True
17767,180,7,43,2026-01-15,3.68,True
17768,180,1,5,2024-09-27,6.96,True
17769,180,7,42,2023-12-12,1.62,True
17770,180,12,72,2024-04-10,0.81,True
17771,180,3,18,2024-09-06,5.05,True
17772,180,12,,2024-01-08,7.02,True
17773,180,23,141,2026-01-23,7.83,True
17774,180,23,140,2025-06-11,6.06,True
17775,180,20,125,2025-08-05,5.03,False
17776,180,8,,2023-07-17,6.79,True
17777,180,20,122,2024-11-14,6.13,True
17778,180,4,,2024-10-07,6.18,True
17779,180,13,79,2026-03-25,2.98,True
17780,180,25,154,2024-01-22,7.54,True
17781,180,9,53,2024-08-20,1.82,True
17782,180,27,164,2023-07-31,4.54,True
17783,180,7,44,2025-12-26,7.6,True
17784,180,19,114,2024-10-25,4.67,False
17785,180,26,156,2026-06-17,7.72,True
17786,180,11,69,2023-10-20,2.11,True
17787,180,8,47,2024-04-01,0.56,True
17788,180,11,64,2023-07-14,6.96,True
17789,180,24,,2025-12-12,6.87,True
17790,180,8,48,2026-04-20,3.84,True
17791,180,27,161,2024-11-04,7.75,True
17792,180,21,133,2025-02-14,3.52,True
17793,180,20,119,2026-03-06,7.04,True
17794,180,1,2,2023-10-16,6.04,True
17795,180,1,4,2023-12-27,5.84,False
17796,180,22,137,2025-03-25,4.4,True
17797,180,28,169,2025-07-16,5.13,True
17798,180,8,46,2025-04-03,0.98,False
17799,180,25,153,2025-05-02,0.55,True
17800,180,17,101,2024-05-16,2.75,True
17801,180,13,73,2023-11-20,2.7,True
17802,180,3,16,2023-12-12,7.44,True
17803,180,4,24,2023-10-17,4.53,False
17804,180,5,36,2024-03-26,1.59,True
17805,180,8,46,2025-04-21,3.81,False
17806,180,6,39,2025-11-05,6.35,True
17807,180,27,163,2025-07-09,6.05,True
17808,180,10,60,2023-10-18,2.6,True
17809,180,21,132,2026-03-11,7.9,True
17810,180,26,,2024-11-05,7.93,True
17811,180,18,110,2026-02-16,3.22,True
17812,180,7,43,2026-05-19,5.27,True
17813,180,2,8,2024-06-13,1.56,True
17814,180,6,38,2026-01-15,4.71,True
17815,180,24,146,2025-06-30,3.4,True
17816,180,18,107,2025-10-15,7.97,True
17817,180,15,,2025-04-21,2.75,False
17818,180,26,156,2023-12-29,5.81,True
17819,180,17,97,2025-10-29,1.48,True
17820,180,6,37,2025-01-10,1.68,True
17821,180,12,71,2024-04-29,1.22,True
17822,180,19,118,2024-04-01,7.22,True
17823,180,22,137,2023-12-18,5.17,True
17824,180,3,17,2025-04-28,6.63,False
17825,180,26,159,2024-04-08,4.01,True
17826,180,4,21,2024-10-04,2.45,True
17827,180,11,62,2026-02-11,5.7,True
17828,180,17,100,2025-09-03,2.09,True
17829,180,11,63,2023-09-19,7.99,True
17830,180,20,121,2024-07-22,1.42,True
17831,180,10,57,2025-08-04,0.78,True
17832,180,5,32,2026-06-23,6.45,True
17833,180,20,124,2024-05-30,0.83,True
17834,180,14,84,2023-09-08,2.33,True
17835,180,28,168,2025-12-15,1.92,True
17836,180,9,52,2023-07-26,3.59,False
17837,180,18,109,2025-10-08,3.32,True
17838,180,4,21,2025-03-19,2.92,True
17839,180,7,44,2024-12-26,0.57,False
17840,180,10,60,2025-10-16,5.6,True
17841,180,9,54,2024-02-22,1.59,True
17842,180,27,,2024-06-25,2.89,True
17843,180,10,57,2024-10-09,7.52,False
17844,180,27,162,2026-05-25,3.31,False
17845,180,26,159,2024-08-20,2.13,True
17846,180,21,127,2024-03-13,0.57,True
17847,180,25,154,2023-11-17,7.92,True
17848,180,28,169,2025-02-14,6.3,False
17849,180,27,,2024-09-02,0.9,True
17850,180,22,135,2025-05-15,3.28,True
17851,180,12,70,2024-03-29,5.45,True
17852,180,14,84,2026-05-19,5.36,True
17853,180,28,167,2026-02-26,6.94,True
17854,180,17,101,2025-02-05,6.64,True
17855,180,21,131,2024-12-27,7.65,True
17856,180,9,51,2024-05-10,2.83,True
17857,180,18,109,2026-04-30,2.43,False
17858,180,1,6,2024-11-08,3.16,True
17859,180,21,128,2025-07-02,1.11,True
17860,180,12,71,2024-07-10,7.42,True
17861,180,29,174,2024-02-29,4.2,True
17862,180,13,79,2024-05-09,3.66,True
17863,180,11,64,2024-10-18,4.92,False
17864,180,4,26,2023-10-05,2.69,True
17865,180,11,69,2025-07-04,2.94,False
17866,180,23,138,2026-06-25,0.81,False
17867,180,19,115,2025-12-08,5.52,True
17868,180,10,57,2026-03-31,2.65,True
17869,180,27,161,2024-07-05,0.83,True
17870,180,2,15,2026-01-09,4.56,False
17871,180,11,62,2024-06-21,3.7,True
17872,180,2,10,2024-03-20,4.56,False
17873,181,16,91,2025-10-09,5.84,True
17874,181,19,115,2024-01-04,2.32,True
17875,181,2,14,2025-01-21,3.11,True
17876,181,17,99,2025-11-24,3.61,True
17877,181,21,127,2026-04-02,7.03,True
17878,181,13,76,2026-05-12,7.74,True
17879,181,20,125,2025-09-08,5.94,True
17880,181,2,14,2026-05-07,4.55,False
17881,181,7,43,2025-07-23,6.49,True
17882,181,18,110,2024-01-12,2.84,True
17883,181,28,171,2025-11-06,3.66,False
17884,181,3,20,2025-09-15,5.96,True
17885,181,28,166,2023-11-01,7.43,True
17886,181,27,161,2026-06-17,2.01,False
17887,181,4,24,2024-11-29,6.0,True
17888,181,21,133,2025-01-16,2.02,False
17889,181,9,51,2026-01-01,3.87,True
17890,181,11,67,2024-07-15,6.52,True
17891,181,1,3,2024-04-24,1.49,True
17892,181,30,176,2024-06-26,5.63,True
17893,181,9,54,2024-02-22,0.55,True
17894,181,30,175,2024-08-06,2.46,True
17895,181,9,51,2026-04-17,1.13,True
17896,181,23,,2025-08-22,2.61,False
17897,181,21,128,2026-05-15,7.29,True
17898,181,8,49,2025-02-26,4.28,False
17899,181,22,135,2025-05-30,1.42,True
17900,181,24,147,2024-01-23,2.9,True
17901,181,4,21,2026-03-31,0.66,True
17902,181,18,109,2024-01-05,1.72,True
17903,181,12,70,2024-03-13,1.29,False
17904,181,19,111,2025-08-05,6.21,True
17905,181,16,,2024-06-11,4.63,True
17906,181,4,23,2024-09-26,2.28,False
17907,181,7,44,2024-04-10,6.34,False
17908,181,29,174,2026-02-02,1.69,False
17909,181,2,14,2024-11-04,2.07,False
17910,181,26,158,2023-10-24,3.02,False
17911,181,1,4,2026-06-23,4.71,True
17912,181,3,16,2024-07-25,4.25,True
17913,181,29,172,2024-03-29,0.73,True
17914,181,17,99,2025-03-06,5.78,True
17915,181,30,176,2023-11-08,3.28,True
17916,181,30,179,2026-06-16,5.74,False
17917,181,2,8,2024-08-29,4.84,True
17918,181,29,174,2025-07-24,7.18,False
17919,181,8,47,2024-12-13,3.03,True
17920,181,15,90,2024-07-01,4.06,False
17921,181,7,42,2026-04-30,2.77,True
17922,181,18,103,2025-07-17,0.72,True
17923,181,14,81,2026-01-20,6.57,True
17924,181,24,147,2025-10-09,6.83,False
17925,181,25,151,2025-10-22,5.17,True
17926,181,26,159,2024-01-08,3.42,True
17927,181,28,168,2024-10-10,0.91,True
17928,181,6,40,2026-05-12,5.75,True
17929,181,6,37,2025-01-27,7.08,True
17930,181,8,46,2025-04-18,4.09,False
17931,181,23,141,2025-06-10,1.89,True
17932,181,9,53,2026-06-19,7.97,True
17933,181,28,,2025-11-10,3.64,True
17934,181,13,79,2025-10-06,5.25,True
17935,181,29,174,2024-01-29,4.26,False
17936,181,21,,2024-05-13,4.37,True
17937,181,16,96,2025-11-25,2.49,True
17938,181,16,92,2024-11-08,5.05,True
17939,181,14,82,2024-03-28,5.16,True
17940,181,22,136,2025-05-01,3.58,True
17941,181,13,74,2024-04-08,0.97,False
17942,181,2,12,2024-08-08,3.12,True
17943,181,3,16,2025-11-17,7.13,False
17944,181,22,137,2026-01-23,4.54,True
17945,181,7,43,2024-02-14,1.72,True
17946,181,3,18,2025-05-28,2.37,False
17947,181,19,,2025-08-12,4.55,True
17948,181,17,101,2023-11-14,3.12,False
17949,181,24,144,2025-09-08,3.73,True
17950,181,18,104,2026-06-05,0.86,False
17951,181,21,129,2024-03-22,4.61,True
17952,181,11,68,2025-03-28,4.87,True
17953,181,27,160,2025-07-25,5.67,True
17954,181,27,,2025-10-10,7.99,True
17955,181,14,85,2023-10-10,5.71,True
17956,181,3,18,2024-03-12,2.99,True
17957,181,30,177,2024-07-19,1.74,False
17958,181,24,145,2024-10-18,3.51,False
17959,181,25,155,2026-01-07,5.47,True
17960,181,3,,2024-08-19,0.67,True
17961,181,29,,2025-12-03,4.94,False
17962,181,8,45,2024-07-25,7.39,True
17963,181,30,177,2024-04-22,7.31,True
17964,181,22,135,2025-07-01,4.01,False
17965,181,17,98,2026-02-03,3.03,False
17966,181,13,77,2023-11-29,6.42,False
17967,181,29,173,2026-03-25,5.64,True
17968,181,23,138,2024-07-22,5.57,False
17969,181,16,93,2023-11-14,4.41,True
17970,181,22,,2024-01-04,5.61,True
17971,181,25,151,2025-06-24,7.47,True
17972,181,26,157,2025-09-03,1.39,False
17973,181,11,66,2024-02-21,0.68,True
17974,181,3,16,2026-06-29,3.68,False
17975,181,18,109,2024-03-25,0.8,True
17976,181,29,173,2024-10-28,6.27,True
17977,181,23,141,2024-01-10,1.4,True
17978,181,27,163,2025-06-23,2.63,False
17979,182,26,156,2025-01-16,3.32,True
17980,182,13,79,2024-02-15,1.44,True
17981,182,9,54,2023-07-11,2.47,True
17982,182,23,139,2024-07-17,1.04,False
17983,182,4,25,2024-07-26,1.78,True
17984,182,1,2,2025-04-21,1.48,True
17985,182,3,16,2025-06-10,1.98,True
17986,182,22,135,2023-10-23,6.73,True
17987,182,27,163,2023-12-26,6.62,True
17988,182,7,42,2024-06-24,2.52,False
17989,182,13,77,2024-03-01,6.77,True
17990,182,28,169,2023-11-06,7.05,True
17991,182,13,73,2024-01-22,6.44,False
17992,182,22,136,2024-02-20,3.99,False
17993,182,19,,2024-01-03,3.6,False
17994,182,1,4,2023-11-17,3.07,True
17995,182,19,113,2024-01-02,3.79,False
17996,182,25,153,2024-07-01,2.62,False
17997,182,15,89,2024-12-25,4.97,True
17998,182,26,157,2025-07-18,0.65,True
17999,182,25,153,2025-10-02,0.67,True
18000,182,5,31,2025-07-18,4.47,True
18001,182,17,101,2026-03-19,1.47,False
18002,182,19,111,2024-04-25,1.33,True
18003,182,11,62,2023-10-25,2.73,True
18004,182,26,159,2025-05-28,1.58,False
18005,182,22,137,2024-06-26,6.68,True
18006,182,7,42,2026-05-11,3.83,True
18007,182,28,168,2025-09-11,3.59,True
18008,182,14,85,2024-02-29,6.13,True
18009,182,1,7,2023-11-13,1.13,False
18010,182,20,124,2023-07-25,7.76,True
18011,182,8,45,2026-04-17,6.85,True
18012,182,16,94,2024-03-21,4.41,True
18013,182,9,51,2023-07-31,6.75,True
18014,182,29,172,2025-12-12,3.77,False
18015,182,11,65,2024-08-27,0.8,False
18016,182,23,139,2025-07-07,3.09,False
18017,182,11,67,2023-08-02,4.97,True
18018,182,24,149,2025-01-08,0.57,False
18019,182,27,164,2024-01-29,1.67,True
18020,182,29,172,2023-11-08,1.17,True
18021,182,11,69,2024-03-06,0.74,True
18022,182,2,,2023-10-26,1.42,True
18023,182,16,96,2024-04-16,2.97,True
18024,182,5,,2026-06-23,7.13,True
18025,182,1,4,2025-12-15,3.47,True
18026,182,27,165,2026-05-04,0.85,True
18027,182,17,98,2024-09-23,1.5,True
18028,182,10,58,2025-10-07,3.54,True
18029,182,10,61,2023-11-21,7.96,False
18030,182,1,3,2026-04-06,1.44,True
18031,182,6,,2026-05-21,6.78,True
18032,182,7,44,2024-10-11,2.34,True
18033,182,29,174,2024-07-19,1.09,False
18034,182,22,135,2025-12-22,6.27,False
18035,182,20,123,2024-02-28,0.87,True
18036,182,1,1,2024-03-19,3.79,False
18037,182,2,11,2023-07-28,2.38,False
18038,182,25,153,2024-08-19,7.18,False
18039,182,4,28,2023-08-07,3.5,False
18040,182,5,33,2023-12-13,2.77,True
18041,182,12,72,2023-09-13,1.83,True
18042,182,1,2,2025-03-10,3.22,True
18043,182,15,89,2024-10-08,5.62,False
18044,182,9,51,2025-03-06,7.82,False
18045,182,16,92,2025-04-29,7.91,True
18046,182,19,113,2026-05-25,0.91,False
18047,182,4,27,2023-07-25,0.68,False
18048,182,15,90,2025-02-03,7.55,True
18049,182,6,37,2024-11-20,3.0,True
18050,182,19,115,2023-09-01,1.95,True
18051,182,3,16,2025-07-17,7.93,False
18052,182,23,141,2025-04-14,4.83,True
18053,182,6,37,2023-08-03,5.15,True
18054,182,24,147,2025-01-10,5.56,False
18055,182,23,143,2024-12-16,4.27,True
18056,182,2,12,2025-09-01,7.36,True
18057,182,3,20,2024-03-05,5.07,False
18058,182,14,82,2024-03-15,0.55,True
18059,182,5,32,2024-04-16,7.15,True
18060,182,4,21,2026-04-28,6.52,True
18061,182,11,69,2025-01-06,2.34,True
18062,182,4,25,2024-11-18,6.8,True
18063,182,28,166,2026-05-21,2.55,False
18064,182,1,7,2025-07-11,2.79,True
18065,182,30,175,2024-09-16,6.28,True
18066,182,15,89,2024-09-26,6.5,False
18067,182,11,65,2024-01-10,6.78,True
18068,182,24,,2024-09-05,7.63,True
18069,182,27,163,2025-02-03,1.6,True
18070,182,13,74,2023-10-11,5.53,True
18071,182,11,63,2025-06-12,6.6,True
18072,182,19,113,2025-10-21,2.46,False
18073,182,3,17,2024-09-02,5.24,True
18074,182,30,175,2023-12-29,7.37,True
18075,182,28,166,2024-01-26,5.07,True
18076,182,21,127,2025-09-15,4.25,True
18077,182,5,33,2026-06-04,1.49,True
18078,182,27,160,2025-02-24,2.15,False
18079,182,1,4,2024-02-08,5.63,True
18080,182,7,43,2026-01-30,2.27,True
18081,182,21,129,2025-03-28,6.33,True
18082,182,21,131,2023-09-14,1.96,True
18083,182,27,162,2024-07-01,1.35,True
18084,182,5,36,2025-10-06,5.64,True
18085,182,2,12,2023-11-07,2.04,False
18086,182,7,,2023-07-05,4.19,True
18087,182,17,98,2024-11-14,1.91,True
18088,183,4,28,2025-02-03,0.63,True
18089,183,10,,2025-05-16,2.25,False
18090,183,30,,2025-04-15,2.1,True
18091,183,25,,2024-11-25,3.77,False
18092,183,23,142,2024-06-03,2.41,True
18093,183,1,,2025-10-30,4.05,False
18094,183,4,23,2026-05-15,7.27,False
18095,183,2,14,2024-08-06,2.56,False
18096,183,15,90,2024-11-07,1.48,True
18097,183,16,91,2024-03-01,6.85,True
18098,183,29,173,2026-04-27,3.5,False
18099,183,5,33,2025-09-23,4.68,True
18100,183,16,96,2024-11-01,7.15,True
18101,183,10,61,2024-05-30,1.12,False
18102,183,17,100,2024-02-05,6.4,True
18103,183,29,172,2024-08-07,2.7,True
18104,183,22,137,2024-03-27,7.91,True
18105,183,20,121,2024-04-17,1.92,True
18106,183,28,167,2024-03-11,5.03,True
18107,183,3,18,2025-05-19,5.07,True
18108,183,30,179,2025-01-06,3.02,True
18109,183,24,144,2024-02-07,6.81,True
18110,183,22,,2024-08-06,1.34,False
18111,183,24,144,2026-01-02,5.3,False
18112,183,21,127,2024-12-23,6.51,False
18113,183,28,170,2024-09-09,4.68,False
18114,183,11,63,2025-01-20,4.72,True
18115,183,1,4,2024-01-29,7.2,True
18116,183,4,27,2025-12-30,5.53,False
18117,183,25,153,2024-03-07,6.22,True
18118,183,12,71,2025-11-11,5.29,True
18119,183,13,78,2024-09-13,1.17,True
18120,183,22,137,2024-09-19,5.43,True
18121,183,2,13,2025-08-28,4.21,True
18122,183,20,120,2025-08-08,3.61,True
18123,183,12,71,2025-07-14,1.77,False
18124,183,15,,2024-09-03,6.35,True
18125,183,22,135,2025-01-02,6.1,False
18126,183,9,53,2025-09-01,7.74,False
18127,183,19,113,2026-05-28,2.67,True
18128,183,18,105,2026-03-18,1.5,False
18129,183,26,156,2025-07-29,2.72,True
18130,183,4,21,2026-06-02,3.34,False
18131,183,7,43,2025-07-30,2.18,False
18132,183,6,40,2026-05-19,0.79,True
18133,183,12,72,2025-08-18,1.12,True
18134,183,4,21,2025-03-07,5.09,True
18135,183,12,70,2024-05-30,5.51,True
18136,183,19,112,2026-03-06,4.97,True
18137,183,18,107,2026-02-17,0.82,True
18138,183,26,156,2025-02-03,6.67,True
18139,183,6,38,2025-01-10,5.85,True
18140,183,1,,2025-06-16,4.09,True
18141,183,20,123,2026-01-22,7.28,False
18142,183,4,28,2025-05-16,2.53,True
18143,183,22,137,2024-09-16,6.21,True
18144,183,23,139,2024-09-27,4.93,False
18145,183,13,73,2026-04-17,6.08,False
18146,183,24,144,2024-03-21,4.6,False
18147,183,4,25,2025-04-15,4.36,True
18148,183,30,177,2024-08-29,7.93,True
18149,183,6,38,2024-10-22,1.85,False
18150,183,11,69,2024-12-12,7.88,True
18151,183,10,56,2025-07-09,6.53,False
18152,183,20,,2025-07-14,7.07,True
18153,183,21,129,2024-05-17,2.67,True
18154,183,26,156,2024-11-06,7.37,True
18155,183,29,172,2025-12-30,6.03,True
18156,183,16,95,2026-01-05,3.83,True
18157,183,12,72,2024-11-20,6.81,False
18158,183,7,44,2025-09-15,7.9,False
18159,183,3,,2026-01-19,2.93,True
18160,183,11,65,2025-01-01,4.75,True
18161,183,20,124,2025-07-02,3.26,True
18162,183,22,,2024-04-03,1.39,True
18163,183,2,11,2025-10-08,1.51,False
18164,183,10,57,2024-02-01,7.31,False
18165,183,2,8,2025-09-15,2.78,True
18166,183,27,165,2024-06-11,2.89,False
18167,183,22,135,2024-08-06,4.2,True
18168,183,22,137,2025-03-13,7.91,True
18169,183,21,132,2025-07-01,2.47,True
18170,183,4,28,2024-02-13,2.16,False
18171,183,18,107,2024-06-21,1.59,False
18172,183,10,,2024-08-20,7.41,True
18173,183,29,174,2025-10-24,2.24,True
18174,183,29,172,2025-01-09,1.4,False
18175,183,15,87,2025-12-09,4.62,True
18176,183,27,,2025-12-16,4.97,True
18177,183,28,168,2024-10-31,4.3,False
18178,183,27,160,2024-07-18,7.47,False
18179,183,17,102,2026-03-12,3.76,True
18180,183,24,147,2025-08-14,3.75,True
18181,183,22,135,2024-07-31,7.76,False
18182,183,12,70,2025-02-21,6.8,False
18183,183,5,,2026-03-05,2.32,True
18184,183,12,70,2025-10-23,4.72,True
18185,183,26,157,2025-10-29,3.64,True
18186,183,25,151,2024-03-26,3.08,True
18187,183,9,52,2024-05-16,2.66,True
18188,183,19,111,2026-05-25,7.6,True
18189,183,10,59,2025-10-02,7.91,True
18190,183,6,40,2024-03-19,1.62,True
18191,183,5,,2024-08-15,7.31,False
18192,183,29,,2024-02-28,4.05,True
18193,183,1,4,2026-05-22,5.27,True
18194,185,13,79,2025-09-19,1.47,True
18195,185,1,7,2025-03-13,7.62,True
18196,185,23,143,2025-10-14,7.3,True
18197,185,26,157,2026-01-06,3.11,False
18198,185,5,36,2025-12-19,6.6,False
18199,185,22,137,2023-10-16,1.84,True
18200,185,22,,2025-03-27,1.84,True
18201,185,17,,2024-12-20,2.59,True
18202,185,3,18,2023-09-15,3.56,True
18203,185,9,50,2025-12-08,1.14,True
18204,185,9,52,2026-03-16,5.37,True
18205,185,15,88,2024-04-17,0.62,True
18206,185,15,88,2025-02-14,2.77,True
18207,185,3,,2025-11-19,5.15,True
18208,185,27,164,2023-12-05,3.03,True
18209,185,24,144,2024-08-30,3.79,False
18210,185,21,128,2025-07-02,5.06,True
18211,185,19,118,2024-04-17,6.83,True
18212,185,30,177,2025-05-13,3.5,True
18213,185,17,97,2025-12-12,0.58,True
18214,185,28,171,2026-03-13,6.68,False
18215,185,3,19,2023-09-12,6.49,True
18216,185,23,138,2023-10-12,4.46,True
18217,185,10,,2025-02-25,5.86,True
18218,185,17,102,2024-08-20,3.54,True
18219,185,25,155,2025-05-12,6.25,True
18220,185,17,102,2026-04-30,2.15,False
18221,185,7,44,2026-02-17,2.09,True
18222,185,18,105,2026-04-09,3.36,True
18223,185,23,141,2026-02-20,5.51,True
18224,185,6,37,2024-04-17,4.49,True
18225,185,5,30,2024-07-22,5.32,True
18226,185,21,,2023-10-13,3.83,True
18227,185,27,160,2025-12-25,4.03,True
18228,185,1,7,2026-05-26,6.24,True
18229,185,30,175,2026-06-30,7.55,True
18230,185,20,123,2024-06-18,6.48,False
18231,185,8,,2024-10-24,2.06,True
18232,185,1,4,2026-04-16,3.22,True
18233,185,7,,2026-02-02,7.61,True
18234,185,30,178,2026-01-28,3.45,False
18235,185,25,152,2025-06-13,6.84,True
18236,185,14,82,2026-05-15,2.03,False
18237,185,28,168,2026-06-29,2.37,True
18238,185,30,177,2024-04-30,1.16,True
18239,185,8,,2025-08-28,4.78,False
18240,185,30,,2025-06-17,1.06,False
18241,185,29,174,2024-03-18,4.76,False
18242,185,14,82,2026-06-15,1.92,True
18243,185,15,87,2025-09-11,3.55,False
18244,185,29,172,2024-12-26,1.75,True
18245,185,17,97,2025-12-08,5.93,True
18246,185,29,,2024-02-16,3.66,True
18247,185,14,83,2025-10-13,3.94,True
18248,185,13,75,2026-04-17,5.26,True
18249,185,20,119,2025-09-22,7.93,True
18250,185,30,176,2023-11-20,0.8,True
18251,185,22,136,2024-05-02,2.68,True
18252,185,23,141,2024-04-19,1.56,True
18253,185,11,65,2025-08-14,4.4,False
18254,185,17,102,2025-09-03,0.72,True
18255,185,3,17,2024-07-08,1.57,True
18256,185,10,58,2024-07-31,1.66,True
18257,185,29,174,2024-08-16,4.9,True
18258,185,23,,2024-03-04,6.2,True
18259,185,19,116,2025-03-07,7.75,True
18260,185,7,43,2026-03-03,4.03,True
18261,185,11,67,2024-11-15,5.0,True
18262,185,11,63,2024-04-29,4.83,False
18263,185,8,,2024-05-15,6.49,True
18264,185,26,159,2024-04-23,1.75,False
18265,185,8,45,2024-07-30,3.26,True
18266,185,11,65,2023-09-13,0.62,True
18267,185,28,166,2023-12-20,0.66,False
18268,185,7,44,2026-06-23,1.79,True
18269,185,6,38,2025-12-19,2.94,True
18270,185,7,42,2024-07-29,5.57,True
18271,185,5,32,2025-09-15,5.33,True
18272,185,20,119,2024-02-09,6.99,True
18273,185,24,,2025-01-21,5.53,True
18274,185,13,75,2025-12-31,5.62,True
18275,185,21,129,2024-03-14,5.17,True
18276,185,25,155,2025-01-24,7.72,False
18277,185,11,65,2024-02-26,1.58,True
18278,185,1,6,2026-05-21,0.61,True
18279,185,2,,2024-04-11,5.67,True
18280,185,3,,2025-11-25,2.17,True
18281,185,10,60,2023-10-11,2.4,False
18282,185,23,142,2024-06-10,1.94,True
18283,185,25,153,2025-08-18,5.44,True
18284,185,6,39,2023-08-21,3.79,False
18285,185,17,99,2026-04-16,4.47,True
18286,185,20,120,2025-01-15,5.37,True
18287,185,4,27,2023-11-03,5.94,True
18288,185,10,55,2024-12-31,4.74,True
18289,185,14,81,2025-06-09,1.0,True
18290,185,3,18,2023-07-19,7.53,True
18291,185,13,76,2026-04-08,3.41,True
18292,185,29,173,2025-03-25,3.82,False
18293,185,26,157,2023-12-14,4.29,True
18294,185,8,48,2026-04-22,5.86,False
18295,185,10,58,2025-03-04,4.36,True
18296,185,21,131,2025-09-08,1.23,True
18297,185,11,63,2024-03-11,2.07,True
18298,185,8,45,2023-11-29,3.34,True
18299,185,9,51,2023-09-07,6.4,True
18300,185,19,118,2025-03-26,6.83,True
18301,185,12,72,2025-07-04,5.82,False
18302,185,5,,2023-11-13,3.43,True
18303,185,8,47,2025-09-22,2.46,True
18304,185,15,90,2025-10-07,1.56,True
18305,185,12,70,2026-03-31,0.83,False
18306,185,18,108,2025-04-18,5.85,True
18307,185,7,43,2024-01-23,6.23,True
18308,185,8,49,2025-06-12,0.88,True
18309,185,20,125,2024-03-26,2.18,True
18310,185,26,156,2024-11-27,5.6,True
18311,185,20,122,2025-02-25,6.05,True
18312,186,27,,2025-04-04,2.06,False
18313,186,14,84,2025-10-29,6.17,True
18314,186,20,122,2025-07-21,5.71,True
18315,186,16,94,2025-04-18,1.65,True
18316,186,10,59,2025-06-25,3.86,True
18317,186,29,172,2024-12-17,1.56,True
18318,186,23,143,2025-05-12,6.26,True
18319,186,29,172,2024-10-25,2.39,True
18320,186,2,,2025-07-25,1.3,True
18321,186,19,116,2024-12-30,0.57,False
18322,186,5,32,2026-05-08,5.68,False
18323,186,17,99,2026-01-06,5.11,False
18324,186,12,71,2025-02-07,5.53,True
18325,186,2,11,2025-07-23,6.06,True
18326,186,10,,2024-09-05,2.76,True
18327,186,1,7,2025-01-17,3.25,False
18328,186,29,172,2026-01-26,4.48,True
18329,186,7,44,2026-05-11,2.11,False
18330,186,18,103,2025-09-30,1.6,True
18331,186,9,50,2026-04-29,7.63,True
18332,186,12,72,2025-04-01,3.81,False
18333,186,20,,2026-05-27,3.42,True
18334,186,14,81,2025-03-04,5.93,True
18335,186,5,31,2026-05-21,0.8,True
18336,186,18,107,2026-01-05,3.53,False
18337,186,15,90,2025-10-09,1.94,True
18338,186,17,100,2024-11-27,7.91,True
18339,186,12,70,2025-09-19,7.68,True
18340,186,10,56,2025-10-03,4.65,True
18341,186,4,24,2025-01-07,4.16,True
18342,186,12,72,2026-06-01,3.53,True
18343,186,17,99,2025-05-22,6.08,True
18344,186,20,123,2024-10-25,2.6,False
18345,186,13,76,2026-06-11,2.25,True
18346,186,7,,2026-03-04,7.03,False
18347,186,28,166,2025-08-22,6.13,True
18348,186,3,18,2026-03-04,4.31,True
18349,186,16,,2025-09-16,0.59,True
18350,186,21,129,2024-10-08,3.29,False
18351,186,20,122,2025-09-16,5.3,True
18352,186,29,173,2025-07-15,6.91,False
18353,186,4,22,2026-04-10,3.49,True
18354,186,20,123,2025-12-17,0.96,True
18355,186,25,151,2025-10-20,6.44,True
18356,186,9,52,2026-01-05,0.92,True
18357,186,26,156,2026-03-10,7.62,True
18358,186,2,,2026-05-28,4.23,True
18359,186,10,58,2026-05-29,1.68,False
18360,186,24,146,2024-12-09,6.31,True
18361,186,29,172,2024-11-06,7.0,True
18362,186,5,29,2024-09-16,7.1,False
18363,186,16,96,2026-06-05,5.68,True
18364,186,29,173,2025-04-10,5.43,False
18365,186,22,135,2025-09-10,4.5,False
18366,186,19,116,2024-12-19,7.91,True
18367,186,1,2,2024-09-23,6.07,True
18368,186,29,173,2026-04-17,5.61,True
18369,186,22,135,2025-05-13,1.41,True
18370,186,29,173,2025-04-25,7.55,True
18371,186,11,69,2026-05-05,4.3,True
18372,186,9,54,2025-06-10,3.73,True
18373,186,10,60,2025-01-02,6.82,True
18374,186,9,51,2025-02-12,2.33,True
18375,186,21,128,2025-05-09,3.89,False
18376,186,27,160,2025-11-28,5.56,True
18377,186,13,76,2025-02-20,4.62,True
18378,186,18,105,2026-01-05,2.07,True
18379,186,14,81,2025-04-07,5.34,False
18380,186,24,148,2025-02-03,7.27,False
18381,186,12,72,2025-02-18,5.79,True
18382,186,2,9,2026-04-06,5.8,True
18383,186,6,39,2024-08-26,4.88,False
18384,186,9,53,2024-09-27,1.05,True
18385,186,14,84,2025-08-27,3.3,True
18386,186,22,135,2024-08-16,7.65,True
18387,186,11,67,2025-08-01,0.6,True
18388,186,2,14,2024-08-05,4.06,True
18389,186,12,72,2025-04-14,1.4,True
18390,186,26,158,2025-05-05,6.75,True
18391,186,2,10,2025-11-25,2.44,True
18392,186,4,21,2025-09-08,5.65,True
18393,186,2,13,2024-08-15,3.74,True
18394,186,1,1,2026-01-16,1.22,True
18395,186,12,72,2024-12-11,3.07,True
18396,186,25,155,2024-11-11,7.0,True
18397,186,13,80,2025-09-15,3.84,True
18398,186,12,,2026-01-22,3.13,True
18399,186,30,178,2025-01-21,6.82,True
18400,186,17,100,2025-10-29,2.78,True
18401,186,7,42,2024-11-18,3.32,True
18402,186,5,29,2025-01-20,1.28,True
18403,186,29,174,2025-09-24,1.0,True
18404,186,2,,2025-04-15,3.97,True
18405,186,3,18,2024-08-05,2.28,True
18406,186,29,174,2025-03-27,4.67,True
18407,186,26,156,2024-08-05,3.28,False
18408,186,13,79,2025-10-13,3.82,True
18409,186,20,125,2025-12-18,5.51,False
18410,186,12,71,2025-04-04,7.87,False
18411,186,25,154,2025-01-07,7.25,True
18412,186,18,107,2026-04-08,2.11,True
18413,187,25,152,2023-12-04,1.58,False
18414,187,18,106,2024-09-30,1.16,False
18415,187,14,82,2025-06-09,5.8,True
18416,187,30,178,2024-06-03,6.47,True
18417,187,19,115,2024-12-19,1.65,True
18418,187,14,85,2025-10-24,5.49,False
18419,187,17,98,2024-05-17,1.89,True
18420,187,7,42,2024-03-25,4.24,True
18421,187,26,159,2025-10-30,1.6,False
18422,187,7,44,2024-11-13,1.11,True
18423,187,14,,2024-08-21,7.41,True
18424,187,8,48,2025-07-01,0.75,True
18425,187,14,86,2026-06-05,6.65,False
18426,187,30,178,2024-09-19,7.92,True
18427,187,20,123,2024-01-04,5.78,True
18428,187,2,10,2026-03-20,7.25,False
18429,187,16,91,2023-11-14,3.56,True
18430,187,24,146,2023-10-13,1.36,True
18431,187,18,103,2024-10-21,1.57,True
18432,187,27,162,2023-08-02,3.31,True
18433,187,9,50,2026-06-19,3.15,True
18434,187,23,140,2024-07-29,2.49,True
18435,187,20,122,2026-02-03,5.67,False
18436,187,25,154,2025-05-16,3.29,True
18437,187,5,36,2025-10-16,5.19,True
18438,187,19,115,2023-07-07,7.35,True
18439,187,1,,2024-01-10,7.06,True
18440,187,22,134,2025-01-16,7.72,True
18441,187,12,70,2025-10-17,3.08,False
18442,187,23,142,2025-03-03,4.37,True
18443,187,25,155,2026-02-23,7.16,True
18444,187,10,55,2024-11-06,2.54,True
18445,187,7,43,2023-10-06,4.91,True
18446,187,15,90,2023-09-21,7.69,True
18447,187,10,,2024-11-20,7.28,True
18448,187,10,59,2025-06-03,5.19,True
18449,187,28,166,2024-07-15,1.93,True
18450,187,17,99,2024-07-16,7.82,True
18451,187,14,85,2026-04-15,2.22,False
18452,187,16,93,2026-06-18,1.63,True
18453,187,8,45,2023-12-13,4.61,True
18454,187,30,177,2023-10-25,3.31,False
18455,187,11,68,2025-10-20,4.28,True
18456,187,30,179,2025-03-14,4.27,True
18457,187,23,138,2023-11-28,1.66,True
18458,187,20,120,2024-06-13,7.61,True
18459,187,10,58,2023-10-25,6.06,False
18460,187,7,44,2024-08-20,4.31,False
18461,187,1,5,2024-07-25,5.96,True
18462,187,9,,2024-08-09,1.19,False
18463,187,22,,2023-11-29,1.17,True
18464,187,22,134,2025-02-20,5.44,True
18465,187,19,,2025-08-20,2.11,True
18466,187,12,72,2026-03-11,4.32,False
18467,187,6,39,2026-01-26,4.76,True
18468,187,29,173,2025-10-17,1.87,True
18469,187,19,118,2025-02-20,4.86,True
18470,187,26,157,2026-04-03,2.93,True
18471,187,24,148,2025-07-23,5.23,True
18472,187,26,,2024-12-12,3.77,True
18473,187,12,71,2025-02-05,4.39,True
18474,187,12,71,2026-05-20,0.96,True
18475,187,4,27,2023-08-29,6.88,True
18476,187,12,70,2024-11-13,6.11,True
18477,187,8,47,2024-07-19,1.83,False
18478,187,20,123,2025-07-08,5.95,True
18479,187,23,142,2024-06-14,1.74,True
18480,187,3,20,2023-09-07,0.91,False
18481,187,26,159,2025-08-15,0.8,True
18482,187,30,179,2024-07-30,1.91,False
18483,187,3,19,2024-02-23,2.96,True
18484,187,25,151,2025-01-28,2.04,True
18485,187,1,7,2024-09-23,6.09,True
18486,187,29,174,2025-12-24,3.27,True
18487,187,11,67,2026-05-20,5.39,True
18488,187,15,87,2025-01-22,4.78,True
18489,187,25,155,2024-04-25,4.56,True
18490,187,25,153,2023-11-14,1.36,False
18491,187,24,148,2025-04-23,7.47,True
18492,187,2,10,2025-02-10,7.14,True
18493,187,4,24,2025-01-30,3.9,False
18494,187,21,129,2024-01-08,7.17,True
18495,187,29,,2026-05-08,1.7,True
18496,187,9,52,2023-09-08,3.88,True
18497,187,13,74,2025-12-24,7.01,True
18498,187,16,95,2025-02-11,4.04,True
18499,187,23,141,2024-11-01,3.1,True
18500,187,7,42,2025-07-04,7.98,False
18501,187,24,146,2024-03-05,7.4,True
18502,187,18,103,2024-08-30,5.45,True
18503,187,6,38,2023-08-28,3.47,True
18504,187,21,127,2023-07-07,6.28,True
18505,187,14,86,2023-12-01,7.3,True
18506,187,7,42,2026-03-16,2.62,True
18507,187,20,124,2025-02-10,0.95,True
18508,187,14,81,2025-04-17,6.39,True
18509,187,6,37,2024-08-30,7.46,True
18510,187,14,81,2026-03-12,1.48,True
18511,187,5,35,2025-01-01,4.95,True
18512,187,14,83,2024-06-18,7.39,True
18513,187,24,,2024-10-16,2.56,True
18514,187,7,44,2024-10-15,7.58,True
18515,187,21,126,2025-07-09,1.44,True
18516,187,17,101,2023-09-12,7.52,False
18517,187,19,,2025-04-15,3.93,True
18518,187,30,179,2025-12-26,4.01,True
18519,187,14,86,2024-02-08,1.35,True
18520,187,3,18,2024-09-05,3.17,False
18521,187,18,107,2026-03-12,7.87,True
18522,187,18,107,2023-08-17,3.22,True
18523,187,27,164,2026-01-19,5.55,False
18524,187,28,171,2023-10-20,2.34,True
18525,187,19,118,2024-02-16,3.82,False
18526,187,18,110,2026-03-30,4.8,True
18527,188,20,119,2025-04-28,6.5,False
18528,188,1,5,2024-03-07,2.07,True
18529,188,20,121,2025-02-25,6.56,True
18530,188,16,96,2025-07-09,3.6,True
18531,188,28,169,2024-02-15,1.31,True
18532,188,25,153,2025-01-06,4.46,True
18533,188,7,,2023-09-08,2.65,True
18534,188,27,163,2023-09-22,2.92,False
18535,188,26,159,2024-11-07,5.77,False
18536,188,5,30,2023-12-04,4.32,True
18537,188,13,74,2024-10-22,6.08,True
18538,188,28,169,2024-02-13,4.28,False
18539,188,28,168,2026-04-15,0.64,True
18540,188,13,,2026-02-23,3.02,True
18541,188,5,32,2023-12-29,1.22,False
18542,188,19,,2024-03-15,7.41,False
18543,188,17,102,2023-11-02,5.31,True
18544,188,1,6,2025-11-25,3.02,True
18545,188,17,98,2026-04-07,6.78,False
18546,188,30,178,2025-07-01,0.55,True
18547,188,3,20,2025-06-10,3.42,True
18548,188,7,43,2025-05-20,6.66,False
18549,188,11,68,2023-07-11,1.05,True
18550,188,3,17,2025-10-28,1.89,True
18551,188,29,173,2023-11-14,7.91,True
18552,188,5,29,2026-06-29,1.94,False
18553,188,21,132,2024-03-21,4.26,False
18554,188,22,134,2024-06-07,4.81,True
18555,188,14,84,2024-05-07,7.82,True
18556,188,21,131,2026-03-27,3.88,True
18557,188,6,39,2024-02-23,1.3,True
18558,188,12,71,2025-05-23,0.91,True
18559,188,10,59,2024-01-09,5.15,False
18560,188,12,70,2024-01-05,6.38,True
18561,188,19,111,2024-06-14,4.86,False
18562,188,23,141,2025-04-18,7.59,False
18563,188,1,7,2024-09-25,2.21,True
18564,188,22,134,2026-04-15,2.94,False
18565,188,15,90,2023-12-19,7.29,True
18566,188,14,83,2025-09-25,3.07,True
18567,188,9,54,2026-04-29,6.19,True
18568,188,5,33,2023-07-18,1.0,True
18569,188,16,96,2024-05-20,2.52,True
18570,188,15,88,2026-01-14,6.44,True
18571,188,2,15,2025-10-27,5.07,True
18572,188,28,169,2023-07-03,0.88,True
18573,188,11,69,2026-03-25,3.21,True
18574,188,2,8,2024-11-01,0.85,True
18575,188,15,88,2023-07-13,7.17,True
18576,188,17,99,2026-02-16,3.11,True
18577,188,21,133,2025-10-24,2.44,True
18578,188,15,,2024-09-16,0.71,False
18579,188,24,147,2026-06-12,2.41,True
18580,188,16,95,2024-05-27,4.81,True
18581,188,22,136,2024-12-10,3.91,True
18582,188,11,66,2024-07-25,6.03,True
18583,188,24,146,2025-08-25,4.11,True
18584,188,18,109,2026-05-20,6.67,True
18585,188,17,102,2025-06-26,5.21,False
18586,188,1,6,2025-04-18,3.61,True
18587,188,7,43,2025-03-25,7.67,True
18588,188,25,151,2024-03-28,6.47,True
18589,188,7,43,2025-12-10,5.3,True
18590,188,16,,2025-02-20,3.29,True
18591,188,2,9,2025-01-06,5.03,True
18592,188,16,95,2024-10-07,7.8,False
18593,188,19,111,2023-09-07,4.06,True
18594,188,23,142,2026-03-02,4.99,True
18595,188,25,151,2023-07-31,4.68,True
18596,188,15,87,2025-01-03,0.59,True
18597,188,19,,2025-06-23,5.75,True
18598,188,25,155,2024-11-25,2.9,False
18599,188,10,57,2025-10-17,3.44,True
18600,188,18,106,2024-01-23,1.72,False
18601,188,21,130,2026-06-22,4.75,False
18602,188,9,51,2023-07-07,1.99,True
18603,188,9,52,2023-12-13,6.6,True
18604,188,11,64,2023-12-26,4.5,True
18605,188,9,52,2026-02-02,0.62,False
18606,188,9,53,2023-09-08,1.28,True
18607,188,8,47,2024-06-27,5.03,True
18608,188,11,62,2023-08-29,2.37,True
18609,188,8,46,2024-04-02,7.96,True
18610,188,16,91,2023-10-25,1.47,True
18611,188,21,133,2025-08-21,6.82,False
18612,188,13,78,2024-11-14,6.86,True
18613,188,18,105,2025-03-12,2.63,False
18614,188,23,142,2025-07-25,3.84,True
18615,188,9,54,2026-04-28,1.6,False
18616,188,23,,2025-05-02,7.31,True
18617,188,24,147,2025-08-26,7.19,False
18618,188,3,17,2026-06-18,1.51,True
18619,188,17,97,2025-10-06,7.54,False
18620,188,2,,2024-10-25,4.92,True
18621,188,27,160,2024-03-04,0.9,True
18622,188,26,159,2025-05-06,4.42,True
18623,188,14,84,2023-07-28,1.85,True
18624,188,18,108,2026-02-17,3.37,True
18625,188,24,149,2024-05-06,3.81,True
18626,188,11,62,2023-10-11,1.34,True
18627,188,3,16,2025-10-22,2.81,False
18628,188,9,,2025-01-08,1.14,True
18629,188,24,147,2024-07-24,4.66,True
18630,188,6,40,2023-09-01,5.47,True
18631,188,20,125,2024-05-27,2.21,False
18632,188,3,20,2024-01-12,6.84,False
18633,188,14,85,2023-12-28,3.92,False
18634,188,30,,2025-12-01,1.72,True
18635,188,25,151,2026-01-27,3.94,True
18636,188,19,116,2023-08-22,4.39,True
18637,188,7,44,2026-05-19,6.65,True
18638,188,28,170,2024-04-15,4.24,True
18639,188,7,43,2026-04-14,1.92,False
18640,189,19,118,2026-02-10,4.76,True
18641,189,18,,2025-03-18,2.13,True
18642,189,29,172,2026-04-28,3.43,True
18643,189,4,28,2025-05-22,7.99,True
18644,189,5,32,2024-12-10,3.87,False
18645,189,20,119,2025-01-31,1.08,True
18646,189,9,50,2023-09-11,5.76,False
18647,189,14,85,2023-12-25,1.33,True
18648,189,2,15,2025-09-19,4.55,False
18649,189,3,19,2025-02-18,2.67,True
18650,189,2,,2025-05-05,3.75,False
18651,189,20,124,2025-04-08,3.18,True
18652,189,14,85,2024-10-10,4.27,False
18653,189,12,70,2026-05-04,7.66,True
18654,189,20,121,2023-08-08,6.33,True
18655,189,12,72,2025-03-21,4.36,False
18656,189,23,140,2026-04-07,1.6,False
18657,189,24,145,2025-02-07,2.14,True
18658,189,7,,2025-12-29,3.4,True
18659,189,5,31,2025-12-26,6.59,True
18660,189,5,34,2024-02-05,3.24,True
18661,189,21,128,2026-06-11,6.29,True
18662,189,11,69,2024-03-27,0.54,True
18663,189,6,37,2026-03-02,7.04,False
18664,189,17,97,2025-04-03,1.78,True
18665,189,6,37,2024-05-10,4.81,True
18666,189,22,136,2023-09-28,0.97,True
18667,189,22,137,2023-12-08,2.67,False
18668,189,28,169,2023-09-18,0.97,True
18669,189,12,72,2025-08-11,7.95,True
18670,189,18,,2024-11-18,6.29,True
18671,189,25,154,2024-11-07,5.25,True
18672,189,1,4,2024-11-29,6.94,True
18673,189,9,54,2024-09-18,6.29,False
18674,189,17,102,2024-07-09,3.7,True
18675,189,8,,2025-07-16,3.64,True
18676,189,16,94,2024-01-18,1.4,True
18677,189,28,167,2023-07-05,2.78,True
18678,189,22,,2026-01-29,7.71,True
18679,189,14,81,2024-01-12,4.47,True
18680,189,14,81,2024-06-03,4.7,True
18681,189,13,75,2024-12-24,2.02,False
18682,189,5,35,2024-07-05,3.07,True
18683,189,6,40,2025-10-14,3.25,True
18684,189,7,43,2025-03-07,7.65,False
18685,189,1,6,2024-09-17,1.47,True
18686,189,3,,2025-09-01,7.01,True
18687,189,2,8,2026-05-06,5.64,True
18688,189,16,93,2026-05-13,4.5,True
18689,189,12,71,2026-02-25,3.77,False
18690,189,24,144,2023-07-11,2.62,True
18691,189,11,66,2024-06-10,5.51,True
18692,189,3,17,2024-02-19,2.34,True
18693,189,30,177,2024-02-06,5.83,True
18694,189,24,144,2025-05-29,2.8,True
18695,189,4,22,2025-03-13,4.43,True
18696,189,6,39,2025-12-17,4.34,True
18697,189,17,98,2024-02-26,1.02,True
18698,189,7,43,2025-12-31,1.2,True
18699,189,9,50,2023-08-30,3.11,True
18700,189,15,88,2023-12-08,7.6,True
18701,189,26,159,2024-06-21,7.88,True
18702,189,15,89,2024-03-04,7.53,True
18703,189,6,41,2026-02-02,3.63,False
18704,189,11,66,2025-10-06,7.54,True
18705,189,30,178,2025-12-17,6.49,False
18706,189,16,,2026-04-08,2.41,True
18707,189,1,2,2025-06-19,2.59,True
18708,189,12,71,2024-01-16,7.48,True
18709,189,10,61,2024-11-25,6.99,True
18710,189,7,43,2024-06-25,7.42,False
18711,189,3,20,2025-08-19,0.66,True
18712,189,2,11,2025-09-24,3.1,True
18713,189,22,135,2026-01-14,7.14,False
18714,189,28,169,2025-07-15,5.69,True
18715,189,6,37,2026-05-05,1.5,True
18716,189,1,4,2024-04-30,4.33,True
18717,189,20,124,2024-11-07,5.34,True
18718,189,13,73,2024-09-05,4.09,True
18719,189,15,90,2026-05-11,5.38,True
18720,189,7,43,2023-11-30,2.32,True
18721,189,12,,2025-01-24,0.99,True
18722,189,3,17,2026-05-19,2.37,True
18723,189,8,46,2024-08-01,6.33,False
18724,189,6,39,2026-02-16,3.88,True
18725,189,13,77,2024-10-07,1.23,True
18726,189,9,50,2024-08-23,3.64,False
18727,189,16,92,2024-10-02,1.32,True
18728,189,18,109,2024-10-01,5.15,True
18729,189,26,159,2025-03-17,6.4,True
18730,189,19,114,2023-07-18,7.44,True
18731,189,5,,2023-10-06,1.26,True
18732,189,14,84,2023-12-05,5.08,True
18733,189,22,,2024-09-13,6.78,True
18734,189,3,19,2023-07-13,4.37,False
18735,189,17,102,2025-10-13,6.14,True
18736,189,25,155,2025-05-29,6.33,True
18737,189,9,50,2025-07-16,7.69,True
18738,189,30,175,2024-04-26,7.48,True
18739,189,5,33,2025-10-24,6.3,True
18740,189,27,,2025-04-18,6.93,True
18741,189,27,160,2023-11-28,5.35,False
18742,189,4,26,2024-12-20,6.51,True
18743,189,15,90,2024-11-01,6.72,False
18744,190,16,96,2025-11-13,7.9,True
18745,190,13,77,2026-04-03,7.6,True
18746,190,5,29,2026-04-03,3.77,True
18747,190,20,122,2025-10-15,6.72,True
18748,190,22,134,2026-06-08,3.32,True
18749,190,13,80,2025-08-27,1.76,True
18750,190,13,74,2026-06-05,7.88,True
18751,190,24,147,2026-03-09,7.58,False
18752,190,7,43,2026-03-30,1.8,True
18753,190,27,164,2026-06-16,4.15,True
18754,190,30,178,2025-10-08,7.14,True
18755,190,18,106,2026-04-15,2.12,True
18756,190,24,150,2025-11-10,6.36,True
18757,190,28,166,2026-06-01,2.11,True
18758,190,9,,2025-08-18,5.57,True
18759,190,26,157,2026-03-12,2.09,True
18760,190,25,151,2026-02-12,6.58,True
18761,190,20,,2026-02-23,4.03,True
18762,190,28,,2025-09-29,4.88,False
18763,190,24,146,2025-11-06,2.06,False
18764,190,22,137,2026-01-26,6.07,True
18765,190,11,68,2026-04-14,5.13,True
18766,190,13,79,2025-09-18,5.0,True
18767,190,3,16,2025-08-07,6.71,True
18768,190,1,7,2026-04-06,1.61,True
18769,190,2,15,2025-11-18,2.16,False
18770,190,13,77,2026-02-04,0.69,True
18771,190,9,54,2025-12-05,4.87,False
18772,190,18,106,2026-01-21,1.69,True
18773,190,9,50,2025-10-06,3.34,True
18774,190,30,179,2025-11-24,0.51,False
18775,190,9,54,2025-12-15,6.34,True
18776,190,30,177,2025-11-20,7.3,True
18777,190,7,42,2025-10-09,6.21,True
18778,190,11,67,2026-04-22,7.14,True
18779,190,27,162,2025-12-25,6.87,True
18780,190,17,102,2026-04-29,2.19,True
18781,190,12,71,2026-06-25,3.65,True
18782,190,11,69,2025-09-30,6.43,False
18783,190,20,124,2026-02-25,4.18,False
18784,190,25,155,2026-02-06,4.0,True
18785,190,30,176,2026-01-02,3.79,True
18786,190,10,58,2025-09-01,2.79,True
18787,190,28,170,2025-08-28,2.49,True
18788,190,6,39,2026-06-05,2.67,True
18789,190,7,44,2025-08-15,7.54,True
18790,190,26,158,2026-04-07,7.27,True
18791,190,18,105,2025-12-12,1.6,True
18792,190,4,26,2026-04-28,1.92,True
18793,190,30,179,2025-10-30,6.59,True
18794,190,28,168,2025-09-01,2.05,True
18795,190,8,49,2026-04-13,7.45,False
18796,190,10,,2025-09-24,1.03,False
18797,190,4,21,2025-08-07,3.64,True
18798,190,9,50,2026-01-28,3.12,True
18799,190,3,19,2026-01-05,3.65,True
18800,190,16,,2026-01-28,6.16,True
18801,190,10,60,2026-01-13,2.81,True
18802,190,25,152,2025-10-24,2.52,True
18803,190,19,115,2025-07-30,2.87,True
18804,190,19,115,2025-12-26,5.73,True
18805,190,22,136,2026-02-09,6.85,True
18806,190,4,26,2026-02-06,3.65,True
18807,190,5,31,2025-11-11,0.59,False
18808,190,1,2,2026-02-11,5.98,False
18809,190,14,82,2026-04-03,3.36,False
18810,190,24,148,2025-09-26,2.92,True
18811,190,22,,2026-01-02,7.77,True
18812,190,19,115,2026-01-14,0.91,True
18813,190,25,154,2026-01-05,4.34,True
18814,190,19,,2025-11-12,6.58,True
18815,190,13,78,2026-03-16,6.77,True
18816,190,20,119,2025-12-11,2.82,True
18817,190,20,123,2026-03-12,6.41,True
18818,190,12,70,2025-09-23,4.5,True
18819,190,12,72,2026-05-14,2.89,True
18820,190,19,115,2026-03-31,6.59,True
18821,190,7,,2026-05-15,6.15,True
18822,190,13,80,2026-02-20,6.79,False
18823,190,7,42,2026-03-30,3.09,False
18824,190,10,56,2026-06-23,6.64,False
18825,190,9,,2026-03-19,4.28,True
18826,190,1,4,2026-02-20,0.63,False
18827,190,23,139,2025-11-21,5.53,True
18828,190,16,94,2025-11-24,2.1,True
18829,190,5,31,2026-01-08,1.11,True
18830,190,12,71,2026-01-30,7.18,False
18831,190,25,152,2026-03-19,1.83,True
18832,190,16,91,2026-06-05,5.1,False
18833,190,27,164,2026-03-02,4.86,True
18834,190,6,41,2025-08-18,6.06,True
18835,190,23,141,2026-05-25,2.48,True
18836,190,2,,2025-08-04,4.21,True
18837,190,10,61,2025-11-26,3.76,True
18838,190,10,60,2026-04-13,1.29,True
18839,190,17,100,2025-09-19,4.55,True
18840,190,10,61,2026-04-21,3.25,False
18841,190,14,81,2025-10-28,6.46,True
18842,190,19,118,2025-11-24,1.86,True
18843,190,14,86,2025-11-14,8.0,False
18844,190,15,89,2025-10-31,2.66,True
18845,190,30,175,2026-02-06,2.41,True
18846,190,17,98,2025-08-26,3.26,True
18847,190,25,152,2025-08-11,4.67,True
18848,192,12,72,2024-07-22,5.52,True
18849,192,4,,2024-04-22,5.7,False
18850,192,20,120,2024-01-19,6.43,False
18851,192,21,131,2023-08-08,5.22,True
18852,192,6,41,2023-11-21,7.22,True
18853,192,20,121,2025-11-13,4.09,True
18854,192,22,137,2025-06-09,2.8,False
18855,192,5,35,2024-07-09,7.97,True
18856,192,10,55,2024-04-17,2.08,False
18857,192,3,16,2023-07-17,3.02,True
18858,192,15,87,2025-03-04,4.89,True
18859,192,3,18,2023-11-29,3.61,True
18860,192,26,156,2025-04-01,5.52,True
18861,192,2,8,2024-12-30,1.52,True
18862,192,4,23,2023-10-20,6.15,False
18863,192,28,170,2025-10-06,3.14,True
18864,192,7,43,2025-06-20,6.07,False
18865,192,14,84,2024-04-26,3.01,False
18866,192,12,71,2026-01-02,3.86,True
18867,192,28,168,2024-12-19,0.64,True
18868,192,30,179,2023-11-08,2.5,True
18869,192,29,174,2025-04-09,1.43,False
18870,192,25,153,2025-05-29,6.81,False
18871,192,12,70,2024-01-01,2.49,True
18872,192,7,43,2024-03-04,1.98,True
18873,192,9,50,2024-12-12,0.94,True
18874,192,30,175,2024-06-11,3.74,False
18875,192,10,55,2026-01-12,7.79,True
18876,192,16,94,2026-03-27,1.31,False
18877,192,5,30,2024-05-14,5.68,True
18878,192,20,119,2025-08-14,7.75,True
18879,192,27,161,2024-03-06,4.57,True
18880,192,4,28,2023-08-24,0.94,False
18881,192,20,124,2024-10-04,4.33,True
18882,192,16,,2023-10-19,7.46,False
18883,192,9,52,2024-03-18,6.05,True
18884,192,16,94,2025-11-05,3.72,True
18885,192,8,48,2024-09-18,1.51,False
18886,192,6,40,2026-03-30,7.56,True
18887,192,30,176,2026-04-03,3.7,True
18888,192,3,,2025-04-16,5.44,True
18889,192,25,153,2025-06-20,0.68,True
18890,192,8,48,2023-09-04,6.46,False
18891,192,9,54,2023-11-27,1.03,True
18892,192,13,79,2025-11-10,1.49,True
18893,192,15,88,2025-04-24,3.66,True
18894,192,21,126,2023-07-27,5.76,True
18895,192,4,,2025-03-11,6.52,True
18896,192,2,15,2024-12-05,3.01,False
18897,192,28,168,2024-06-14,5.11,False
18898,192,16,95,2024-06-06,6.01,True
18899,192,4,,2023-10-13,6.41,True
18900,192,27,165,2024-05-28,2.72,True
18901,192,1,3,2024-04-29,4.7,True
18902,192,10,55,2026-04-13,7.81,True
18903,192,6,37,2025-08-13,3.03,True
18904,192,23,140,2024-08-12,6.62,True
18905,192,27,161,2024-12-06,5.61,True
18906,192,7,44,2025-01-08,4.54,True
18907,192,14,81,2025-01-10,0.69,False
18908,192,25,154,2024-11-06,3.62,True
18909,192,26,158,2024-01-11,5.89,True
18910,192,13,74,2025-06-25,6.97,True
18911,192,18,105,2025-05-29,6.06,True
18912,192,14,81,2024-08-23,7.19,True
18913,192,14,85,2024-12-02,7.48,True
18914,192,25,151,2023-07-18,1.63,True
18915,192,5,30,2025-04-23,4.53,True
18916,192,30,178,2025-03-20,4.99,True
18917,192,3,16,2024-06-11,6.41,False
18918,192,12,71,2025-11-10,4.2,True
18919,192,18,108,2025-05-30,6.66,True
18920,192,17,98,2025-03-28,1.16,True
18921,192,14,83,2024-04-23,5.68,False
18922,192,11,63,2023-07-28,1.94,True
18923,192,14,83,2023-10-18,3.41,True
18924,192,30,176,2026-06-11,7.25,True
18925,192,13,80,2024-03-22,5.89,True
18926,192,5,,2025-08-18,5.34,False
18927,192,29,172,2024-10-21,5.47,True
18928,192,2,10,2023-09-11,3.49,False
18929,192,28,171,2024-09-20,4.15,True
18930,192,30,177,2026-04-16,3.17,False
18931,192,30,,2026-01-28,3.65,False
18932,192,29,174,2024-01-02,1.55,True
18933,192,20,119,2025-04-07,7.27,True
18934,192,16,94,2025-12-16,0.78,True
18935,192,16,96,2024-06-19,4.05,True
18936,192,2,14,2023-11-24,3.06,True
18937,192,25,,2023-12-05,5.65,True
18938,192,30,179,2023-12-21,5.2,True
18939,192,27,163,2025-04-16,5.26,False
18940,192,17,,2026-01-14,7.29,False
18941,192,9,54,2024-05-01,0.78,False
18942,192,19,,2024-08-26,5.79,True
18943,192,28,171,2025-11-13,5.86,True
18944,192,15,88,2025-12-17,6.45,False
18945,192,9,53,2026-01-05,4.45,True
18946,192,4,,2024-11-05,3.99,True
18947,192,29,174,2025-11-05,6.15,True
18948,192,29,174,2024-01-23,4.77,False
18949,192,22,134,2026-01-14,4.62,True
18950,192,20,119,2024-06-28,4.71,True
18951,192,23,138,2024-05-06,6.56,True
18952,192,18,107,2025-07-11,3.65,True
18953,192,29,172,2025-10-28,4.26,True
18954,192,26,157,2024-01-12,4.67,True
18955,192,1,5,2023-08-28,3.5,False
18956,192,16,92,2024-05-24,2.43,True
18957,192,15,90,2026-04-15,0.58,False
18958,193,18,106,2025-06-05,4.39,True
18959,193,6,40,2024-11-19,6.71,True
18960,193,14,85,2024-02-09,3.97,False
18961,193,3,20,2024-10-04,5.58,False
18962,193,21,133,2025-05-07,2.41,True
18963,193,17,99,2026-04-03,7.52,False
18964,193,7,43,2024-03-14,2.89,True
18965,193,19,113,2023-08-22,2.58,True
18966,193,26,159,2026-01-30,6.14,True
18967,193,6,40,2025-10-06,5.62,False
18968,193,26,157,2025-04-30,1.51,False
18969,193,9,52,2023-11-10,2.08,True
18970,193,23,142,2025-08-28,7.78,True
18971,193,23,142,2025-02-27,2.27,True
18972,193,30,178,2025-04-11,5.49,True
18973,193,24,145,2024-04-23,3.24,True
18974,193,28,167,2024-02-14,1.48,True
18975,193,18,106,2026-04-13,4.22,True
18976,193,10,58,2026-06-15,5.65,True
18977,193,14,82,2024-08-28,4.04,True
18978,193,18,106,2025-07-24,4.21,False
18979,193,18,108,2025-06-10,7.61,True
18980,193,15,88,2023-09-06,5.53,True
18981,193,27,165,2024-04-03,4.73,True
18982,193,1,1,2024-01-22,5.95,True
18983,193,3,19,2023-09-04,5.56,True
18984,193,19,112,2024-05-29,4.62,True
18985,193,23,138,2024-06-06,1.88,True
18986,193,20,122,2023-09-13,1.35,False
18987,193,23,143,2025-01-15,2.01,True
18988,193,14,83,2023-09-18,1.5,True
18989,193,14,82,2024-10-24,3.68,True
18990,193,14,,2025-03-25,0.87,True
18991,193,23,,2024-06-20,7.25,True
18992,193,7,42,2024-10-03,1.3,True
18993,193,18,106,2025-02-17,6.86,False
18994,193,29,174,2023-12-01,3.3,True
18995,193,12,71,2024-11-26,3.86,True
18996,193,4,28,2025-09-08,5.08,True
18997,193,16,,2023-09-15,7.97,False
18998,193,20,124,2025-06-23,1.22,True
18999,193,29,,2026-06-08,7.18,True
19000,193,18,108,2026-05-21,5.8,True
19001,193,23,142,2026-03-17,2.71,True
19002,193,5,31,2024-02-08,5.09,True
19003,193,24,147,2025-08-18,7.36,False
19004,193,9,50,2024-07-02,6.89,True
19005,193,16,91,2026-04-15,2.78,False
19006,193,27,161,2024-05-22,6.93,False
19007,193,16,92,2026-04-17,7.24,True
19008,193,15,89,2023-11-15,4.76,True
19009,193,25,153,2025-10-31,6.22,False
19010,193,8,49,2025-06-05,6.0,True
19011,193,10,61,2025-10-10,0.96,False
19012,193,14,86,2024-01-15,1.71,True
19013,193,28,,2025-01-28,3.93,True
19014,193,17,99,2024-09-06,2.05,True
19015,193,1,1,2024-12-19,2.75,False
19016,193,21,,2023-10-25,7.07,True
19017,193,26,157,2024-02-26,2.38,False
19018,193,3,19,2024-12-27,2.95,True
19019,193,7,43,2024-08-09,0.84,True
19020,193,23,139,2025-03-11,6.92,False
19021,193,13,78,2024-03-15,4.37,True
19022,193,10,55,2024-06-07,3.04,True
19023,193,21,131,2025-08-18,5.72,True
19024,193,10,59,2025-03-24,2.68,False
19025,193,23,140,2025-07-22,2.36,False
19026,193,9,,2026-06-12,5.93,False
19027,193,11,67,2025-10-17,6.88,False
19028,193,12,70,2023-09-12,4.54,False
19029,193,18,110,2024-01-17,5.93,True
19030,193,18,103,2026-05-01,5.21,True
19031,193,2,15,2025-09-23,5.25,True
19032,193,10,56,2024-11-14,0.88,True
19033,193,30,176,2026-01-06,6.06,True
19034,193,9,54,2024-02-07,3.22,True
19035,193,19,115,2025-04-04,6.19,True
19036,193,24,148,2024-02-13,6.94,True
19037,193,20,125,2024-05-07,7.36,False
19038,193,2,,2024-11-01,4.49,True
19039,193,2,14,2026-05-25,3.57,True
19040,193,12,70,2025-03-07,3.83,True
19041,193,24,150,2025-01-24,5.73,True
19042,193,10,57,2023-07-18,4.18,False
19043,193,16,96,2024-05-20,3.35,True
19044,193,21,133,2025-07-31,3.02,True
19045,193,10,60,2023-10-31,2.05,True
19046,193,13,78,2026-03-11,1.9,True
19047,193,4,26,2024-12-31,6.95,True
19048,193,15,88,2024-06-21,3.71,True
19049,193,30,177,2024-10-14,7.62,True
19050,193,9,52,2024-01-10,1.88,True
19051,193,1,,2023-07-27,6.85,True
19052,193,29,174,2025-02-25,0.71,False
19053,194,19,114,2025-09-02,3.97,True
19054,194,18,109,2025-02-11,7.84,True
19055,194,16,,2025-04-21,7.65,False
19056,194,28,166,2025-03-26,3.82,True
19057,194,13,79,2025-02-06,1.55,True
19058,194,6,38,2023-12-06,6.12,False
19059,194,3,19,2025-01-10,1.06,True
19060,194,5,,2024-03-26,3.48,True
19061,194,30,175,2024-08-23,2.1,True
19062,194,28,166,2025-12-03,1.89,True
19063,194,1,1,2025-12-29,3.78,True
19064,194,8,,2026-06-03,0.76,True
19065,194,27,164,2024-02-23,7.66,False
19066,194,21,128,2026-04-21,1.04,False
19067,194,12,70,2024-10-17,3.22,True
19068,194,3,17,2025-01-28,7.24,False
19069,194,8,45,2024-06-26,3.96,False
19070,194,5,34,2024-09-25,1.04,False
19071,194,18,105,2023-12-04,7.38,False
19072,194,22,136,2025-01-08,5.25,True
19073,194,11,68,2024-12-30,4.73,True
19074,194,17,102,2024-05-27,7.3,True
19075,194,8,47,2024-07-30,0.75,True
19076,194,16,95,2024-11-29,6.81,False
19077,194,27,165,2024-06-14,7.44,True
19078,194,1,2,2024-03-07,7.6,True
19079,194,21,126,2024-01-05,0.54,False
19080,194,19,,2024-03-06,7.61,True
19081,194,11,,2024-06-18,3.19,True
19082,194,15,87,2024-01-09,3.42,False
19083,194,10,61,2024-12-25,3.99,True
19084,194,15,,2024-07-01,7.47,False
19085,194,1,,2025-09-22,7.02,False
19086,194,20,120,2024-08-07,6.32,False
19087,194,11,65,2024-04-17,1.73,True
19088,194,18,110,2025-02-05,7.53,True
19089,194,1,1,2024-10-14,4.3,True
19090,194,29,174,2024-05-27,6.76,False
19091,194,20,119,2025-05-05,5.48,True
19092,194,10,57,2025-03-31,4.18,True
19093,194,24,145,2024-03-21,0.76,False
19094,194,15,89,2025-10-02,3.21,True
19095,194,7,43,2025-08-04,2.64,True
19096,194,11,69,2025-03-06,1.57,True
19097,194,29,173,2026-05-15,5.92,True
19098,194,3,16,2024-12-16,7.49,True
19099,194,11,64,2023-12-29,6.07,False
19100,194,25,154,2024-10-17,5.42,True
19101,194,9,51,2025-01-14,3.11,True
19102,194,11,67,2024-02-19,7.93,True
19103,194,20,123,2024-07-25,5.84,False
19104,194,28,169,2025-05-30,4.67,True
19105,194,13,77,2024-06-12,6.57,True
19106,194,7,44,2024-11-28,5.46,True
19107,194,12,70,2026-03-30,4.27,True
19108,194,11,64,2024-01-25,7.6,True
19109,194,9,53,2025-10-28,1.33,True
19110,194,7,44,2024-10-22,1.09,True
19111,194,30,175,2025-11-17,0.91,True
19112,194,15,,2024-09-06,7.49,True
19113,194,22,135,2024-01-18,2.49,True
19114,194,6,38,2024-11-26,4.91,False
19115,194,20,119,2025-12-16,2.64,False
19116,194,27,164,2025-12-25,1.07,True
19117,194,24,147,2026-02-06,4.22,False
19118,194,18,105,2026-01-27,0.89,False
19119,194,16,94,2024-01-03,2.53,True
19120,194,18,103,2024-03-04,7.75,True
19121,194,24,,2024-07-04,2.16,True
19122,194,20,122,2025-05-29,7.09,True
19123,194,14,84,2025-06-12,4.72,True
19124,194,25,151,2026-02-16,2.79,True
19125,194,27,160,2024-04-19,3.53,False
19126,194,9,53,2024-02-20,5.8,True
19127,194,3,19,2023-12-25,7.87,True
19128,194,18,109,2024-06-25,1.55,False
19129,194,14,84,2024-05-28,7.43,True
19130,194,25,151,2024-08-26,3.38,True
19131,194,26,159,2025-10-08,2.33,True
19132,194,5,32,2024-08-02,1.28,False
19133,194,25,153,2024-11-27,3.58,False
19134,194,11,68,2025-08-21,0.62,True
19135,194,4,21,2024-01-03,4.2,True
19136,194,22,136,2026-02-27,4.99,False
19137,194,11,69,2024-06-19,1.23,True
19138,194,27,,2025-01-24,4.92,False
19139,194,19,118,2024-05-31,5.59,True
19140,194,28,171,2024-06-13,6.42,True
19141,194,9,52,2025-02-27,1.56,True
19142,194,21,126,2025-01-03,3.18,True
19143,194,20,119,2025-04-11,5.48,True
19144,194,13,78,2023-12-20,2.02,True
19145,194,23,143,2025-05-15,5.49,False
19146,194,16,,2025-06-17,3.13,True
19147,194,8,45,2024-12-16,2.12,True
19148,194,14,81,2024-06-10,7.58,False
19149,194,5,30,2026-01-06,6.65,False
19150,194,12,71,2025-02-21,7.3,True
19151,194,25,155,2024-01-25,7.56,True
19152,194,27,163,2024-05-08,6.18,True
19153,194,29,174,2025-11-03,1.54,True
19154,194,8,46,2024-02-08,5.11,True
19155,194,29,172,2025-07-24,2.63,False
19156,194,16,92,2024-05-16,4.52,True
19157,194,7,42,2025-09-17,7.35,True
19158,195,26,156,2026-01-23,4.12,False
19159,195,9,50,2023-12-13,3.66,False
19160,195,6,,2025-11-24,7.26,True
19161,195,22,136,2023-10-05,0.88,False
19162,195,27,160,2024-12-16,4.9,True
19163,195,30,177,2023-10-13,0.93,False
19164,195,16,91,2024-03-19,7.81,False
19165,195,2,13,2024-04-24,2.73,True
19166,195,18,110,2024-06-07,0.69,True
19167,195,28,170,2025-09-11,2.37,True
19168,195,30,,2024-08-29,4.62,True
19169,195,1,5,2024-01-31,3.21,True
19170,195,29,,2025-09-23,6.2,True
19171,195,19,116,2026-03-12,3.33,True
19172,195,18,109,2024-03-08,6.11,True
19173,195,4,28,2024-07-22,7.14,True
19174,195,15,87,2025-10-15,4.14,True
19175,195,15,89,2023-11-06,1.65,True
19176,195,7,42,2025-02-13,7.56,True
19177,195,26,158,2025-04-29,4.62,True
19178,195,2,12,2025-02-07,0.96,True
19179,195,13,75,2025-08-15,5.67,True
19180,195,9,53,2025-04-17,2.86,False
19181,195,17,101,2024-10-14,5.22,True
19182,195,29,174,2023-10-09,4.38,True
19183,195,20,119,2023-08-11,7.99,True
19184,195,23,143,2024-09-20,0.91,True
19185,195,28,166,2025-04-04,1.52,True
19186,195,14,82,2025-12-01,1.54,False
19187,195,10,57,2023-10-18,5.4,True
19188,195,25,153,2023-07-18,2.34,True
19189,195,11,68,2024-01-01,7.0,True
19190,195,24,149,2024-10-31,7.96,True
19191,195,29,,2025-09-24,6.42,True
19192,195,28,169,2025-12-23,5.13,True
19193,195,20,121,2025-12-16,7.92,False
19194,195,12,70,2023-09-06,2.8,True
19195,195,12,70,2025-04-14,7.76,True
19196,195,30,,2025-06-27,6.37,False
19197,195,5,35,2026-06-04,7.92,True
19198,195,3,,2023-10-13,1.16,True
19199,195,26,156,2025-09-16,6.44,True
19200,195,1,3,2025-06-10,1.37,False
19201,195,29,174,2024-03-28,6.25,True
19202,195,18,109,2024-07-01,4.26,True
19203,195,27,161,2023-11-10,3.26,False
19204,195,13,80,2023-12-11,4.22,True
19205,195,6,41,2024-11-01,5.26,True
19206,195,19,114,2025-03-10,2.4,False
19207,195,16,93,2025-12-19,3.85,True
19208,195,22,137,2023-11-14,1.25,False
19209,195,14,85,2024-10-11,4.94,True
19210,195,9,52,2023-07-10,1.86,True
19211,195,26,158,2026-06-08,2.91,False
19212,195,30,177,2025-07-11,1.44,False
19213,195,7,42,2023-09-13,1.19,True
19214,195,4,27,2025-05-06,4.14,True
19215,195,16,91,2024-06-14,6.35,False
19216,195,8,46,2026-01-30,4.64,False
19217,195,11,63,2026-06-18,2.48,True
19218,195,10,,2025-09-10,2.49,False
19219,195,17,98,2026-06-29,1.86,True
19220,195,4,27,2025-08-28,3.58,True
19221,195,17,98,2025-04-22,4.32,True
19222,195,28,171,2024-02-15,2.41,True
19223,195,2,9,2024-06-11,7.33,True
19224,195,22,135,2024-01-03,7.44,True
19225,195,13,78,2025-04-03,2.2,True
19226,195,30,177,2025-08-15,0.58,False
19227,195,16,96,2025-01-01,5.26,True
19228,195,10,61,2024-07-03,2.29,False
19229,195,23,143,2024-11-19,1.28,False
19230,195,5,35,2025-11-05,1.08,True
19231,195,18,105,2024-08-21,1.43,True
19232,195,3,17,2025-12-24,2.83,False
19233,195,20,119,2024-09-17,7.41,True
19234,195,29,173,2025-09-16,6.53,True
19235,195,30,176,2026-03-18,4.16,True
19236,195,10,59,2026-06-30,5.06,True
19237,195,16,94,2026-03-11,4.08,True
19238,195,11,,2024-08-30,4.63,True
19239,195,29,172,2025-09-29,3.22,True
19240,195,2,12,2025-04-09,1.39,False
19241,195,29,172,2024-06-17,3.32,True
19242,195,23,142,2023-11-17,5.72,True
19243,195,28,166,2023-09-15,3.79,False
19244,195,17,98,2023-11-07,4.67,True
19245,195,30,179,2026-04-21,5.64,False
19246,195,22,135,2025-02-04,3.68,True
19247,195,21,131,2026-02-25,2.93,True
19248,195,24,146,2026-01-30,2.43,False
19249,195,28,,2024-06-26,4.81,True
19250,195,4,21,2023-12-21,1.88,True
19251,195,7,,2025-02-25,5.3,False
19252,195,6,38,2025-09-15,5.25,True
19253,195,8,46,2025-03-24,5.59,True
19254,195,21,132,2025-03-28,3.42,False
19255,195,22,136,2024-05-23,1.83,False
19256,195,21,129,2026-06-26,5.28,True
19257,195,5,32,2026-02-09,2.3,True
19258,195,29,173,2025-11-19,5.09,True
19259,195,5,36,2023-10-27,5.25,True
19260,195,10,59,2025-01-23,1.1,True
19261,195,14,83,2026-02-12,2.62,True
19262,195,22,137,2024-02-23,3.42,False
19263,195,26,156,2025-05-16,6.2,True
19264,195,29,173,2026-06-12,4.61,True
19265,195,20,124,2023-07-05,5.52,True
19266,195,17,97,2023-07-26,3.55,False
19267,196,10,60,2025-06-13,2.33,True
19268,196,26,158,2024-04-03,4.48,True
19269,196,4,22,2023-09-04,5.31,True
19270,196,8,48,2025-09-12,7.95,True
19271,196,14,86,2024-06-20,6.87,True
19272,196,11,62,2024-12-30,5.15,True
19273,196,7,43,2025-01-17,3.28,False
19274,196,13,75,2024-09-20,6.26,True
19275,196,16,93,2024-12-23,3.0,True
19276,196,15,90,2024-08-20,7.62,False
19277,196,26,159,2024-10-30,1.62,False
19278,196,3,19,2025-05-15,3.66,True
19279,196,26,,2025-07-29,3.79,True
19280,196,23,143,2025-06-16,5.64,True
19281,196,20,122,2025-02-05,2.98,True
19282,196,29,,2025-05-26,3.95,False
19283,196,27,164,2024-09-02,5.08,True
19284,196,7,42,2026-04-27,4.23,False
19285,196,13,74,2024-01-24,7.82,True
19286,196,1,5,2026-04-13,5.22,True
19287,196,15,88,2025-04-01,4.07,True
19288,196,27,165,2023-09-18,4.39,True
19289,196,11,,2025-09-25,2.44,True
19290,196,30,178,2023-07-18,0.9,True
19291,196,29,172,2026-05-15,1.62,False
19292,196,6,40,2024-10-07,5.39,False
19293,196,13,75,2024-05-28,3.33,False
19294,196,8,45,2024-06-19,7.15,True
19295,196,16,92,2025-12-30,6.53,True
19296,196,18,,2025-04-17,1.14,False
19297,196,5,35,2023-07-12,2.87,True
19298,196,15,87,2023-12-20,1.59,True
19299,196,5,34,2026-03-23,7.69,True
19300,196,16,,2024-09-23,5.25,True
19301,196,23,142,2026-03-18,6.3,False
19302,196,10,59,2025-04-14,0.52,True
19303,196,24,,2024-01-24,3.52,False
19304,196,15,88,2026-05-15,3.44,True
19305,196,22,135,2025-01-24,2.23,True
19306,196,23,139,2026-05-18,6.47,False
19307,196,3,17,2024-04-02,1.8,True
19308,196,10,,2026-01-01,6.8,False
19309,196,28,168,2024-06-07,6.34,False
19310,196,22,134,2023-12-05,4.45,False
19311,196,9,52,2024-03-05,6.86,True
19312,196,30,177,2026-03-25,2.19,True
19313,196,16,94,2024-03-04,3.41,True
19314,196,27,164,2024-01-17,3.06,False
19315,196,19,111,2023-08-04,2.99,True
19316,196,15,88,2023-12-29,3.01,False
19317,196,10,61,2025-05-21,5.02,True
19318,196,20,121,2025-08-14,5.59,True
19319,196,11,67,2026-02-05,0.7,False
19320,196,28,167,2024-06-06,6.52,False
19321,196,6,,2024-06-26,1.81,True
19322,196,16,94,2025-08-11,0.78,True
19323,196,25,151,2025-06-25,7.49,True
19324,196,3,17,2024-07-19,5.56,True
19325,196,25,155,2023-09-22,2.95,False
19326,196,8,45,2026-05-28,7.2,True
19327,196,22,135,2025-01-22,4.11,True
19328,196,25,154,2024-05-20,2.83,True
19329,196,22,136,2025-10-07,2.47,True
19330,196,16,96,2025-12-18,2.54,True
19331,196,18,107,2026-02-13,3.92,False
19332,196,12,71,2026-06-09,0.66,True
19333,196,9,50,2026-01-23,5.48,True
19334,196,30,179,2025-03-25,2.67,True
19335,196,12,,2024-07-29,7.75,True
19336,196,19,,2025-05-09,4.08,True
19337,196,26,159,2026-05-01,2.56,False
19338,196,20,122,2024-12-25,4.05,True
19339,196,5,36,2026-01-08,2.3,True
19340,196,29,172,2025-04-09,3.91,True
19341,196,12,70,2026-03-23,1.05,False
19342,196,6,41,2024-04-11,5.43,True
19343,196,23,139,2025-03-26,5.71,True
19344,196,16,,2024-07-03,3.35,True
19345,196,19,118,2026-06-23,7.38,False
19346,196,27,,2024-04-25,4.23,True
19347,196,4,24,2023-08-24,6.53,True
19348,196,4,23,2025-07-15,1.11,True
19349,196,18,109,2023-07-10,0.72,True
19350,196,8,49,2025-07-14,7.17,True
19351,196,28,169,2024-06-21,7.69,True
19352,196,7,43,2025-03-24,6.0,True
19353,196,2,14,2025-06-02,5.72,True
19354,196,1,6,2024-06-03,2.28,True
19355,196,3,16,2023-10-04,5.27,True
19356,196,6,37,2025-05-13,0.55,False
19357,196,22,136,2025-11-04,7.92,False
19358,196,6,37,2024-10-30,0.54,True
19359,196,6,41,2023-08-21,2.59,True
19360,196,5,36,2026-05-01,1.84,False
19361,196,25,152,2024-10-11,1.47,False
19362,196,25,153,2026-02-11,2.4,True
19363,196,19,,2026-01-15,4.85,True
19364,196,28,166,2024-12-20,4.07,True
19365,196,27,162,2026-01-19,5.93,False
19366,196,28,167,2026-06-25,0.52,True
19367,196,2,12,2023-11-10,4.95,True
19368,197,19,112,2025-08-27,0.86,True
19369,197,23,141,2024-03-12,5.6,True
19370,197,7,43,2026-03-04,7.01,True
19371,197,6,41,2025-07-04,3.1,True
19372,197,15,90,2024-08-19,1.9,True
19373,197,18,108,2025-05-26,2.64,False
19374,197,3,20,2024-08-09,3.35,True
19375,197,18,103,2024-12-06,6.67,True
19376,197,24,148,2026-02-05,5.36,True
19377,197,19,115,2024-11-18,6.31,True
19378,197,23,140,2025-05-08,2.97,True
19379,197,10,59,2026-03-12,2.62,True
19380,197,11,62,2025-09-25,6.57,False
19381,197,29,173,2024-12-19,7.82,True
19382,197,2,12,2025-12-25,7.27,True
19383,197,5,31,2025-05-14,5.95,False
19384,197,28,171,2026-05-21,6.6,False
19385,197,20,121,2025-02-11,5.7,True
19386,197,25,153,2024-06-14,4.32,True
19387,197,14,,2025-07-30,4.19,True
19388,197,9,53,2025-12-10,4.32,False
19389,197,10,57,2025-05-20,2.91,True
19390,197,16,94,2025-04-28,5.17,True
19391,197,7,44,2026-06-01,1.14,True
19392,197,18,105,2025-08-06,7.98,True
19393,197,4,27,2025-08-22,4.26,True
19394,197,18,106,2026-05-12,3.87,True
19395,197,14,82,2026-02-16,2.3,True
19396,197,4,22,2026-03-20,6.49,True
19397,197,8,46,2026-03-19,2.38,True
19398,197,9,50,2024-09-16,5.74,True
19399,197,23,141,2025-10-07,6.22,True
19400,197,29,173,2025-03-28,5.8,True
19401,197,21,130,2025-08-07,5.49,False
19402,197,20,120,2024-03-15,2.9,True
19403,197,17,97,2025-05-29,6.44,True
19404,197,18,,2026-01-20,2.66,True
19405,197,11,63,2024-03-15,0.98,True
19406,197,15,88,2024-08-09,6.33,True
19407,197,15,90,2025-01-02,6.71,True
19408,197,28,167,2025-03-24,0.79,True
19409,197,23,140,2025-06-17,2.37,False
19410,197,10,57,2024-08-27,1.2,True
19411,197,13,79,2025-12-26,0.79,True
19412,197,14,82,2026-03-20,4.93,False
19413,197,9,50,2025-05-07,5.81,True
19414,197,20,,2024-07-25,0.81,True
19415,197,29,174,2024-09-30,3.03,True
19416,197,9,52,2025-04-22,6.18,True
19417,197,4,26,2024-09-18,3.21,False
19418,197,7,44,2025-01-29,4.36,True
19419,197,20,119,2024-07-18,4.42,False
19420,197,21,130,2025-02-28,3.17,False
19421,197,16,92,2025-03-14,2.19,True
19422,197,6,38,2025-12-25,5.81,True
19423,197,10,59,2025-07-28,7.16,True
19424,197,23,139,2026-04-01,7.12,True
19425,197,23,143,2025-07-31,2.57,False
19426,197,29,173,2025-03-10,1.78,False
19427,197,24,150,2025-02-05,4.91,True
19428,197,6,41,2026-06-18,1.3,True
19429,197,6,39,2024-08-01,5.46,False
19430,197,14,85,2025-02-10,7.48,True
19431,197,11,67,2025-10-08,1.43,False
19432,197,9,54,2025-03-05,1.71,True
19433,197,10,61,2026-05-25,4.26,True
19434,197,7,,2025-06-19,3.0,True
19435,197,21,126,2025-01-10,5.8,True
19436,197,15,90,2026-01-01,4.7,True
19437,197,28,,2025-09-08,1.06,True
19438,197,21,133,2025-10-08,2.04,True
19439,197,9,54,2026-05-18,6.02,False
19440,197,5,31,2025-12-22,6.76,True
19441,197,26,158,2024-05-21,4.52,True
19442,197,11,65,2025-01-17,5.01,False
19443,197,14,83,2024-04-22,1.0,True
19444,197,3,16,2024-05-08,5.33,True
19445,197,18,109,2025-05-20,3.18,True
19446,197,18,103,2025-06-16,3.26,True
19447,197,14,83,2025-06-25,7.53,False
19448,197,12,72,2026-05-11,0.88,True
19449,197,12,70,2025-05-21,0.95,True
19450,197,7,42,2024-10-23,6.83,True
19451,197,21,,2025-07-18,3.29,True
19452,197,4,21,2026-05-11,6.63,True
19453,197,14,84,2025-10-20,3.29,True
19454,197,21,,2026-03-20,7.02,True
19455,197,22,136,2025-04-01,2.24,True
19456,197,10,61,2024-08-15,7.59,True
19457,197,11,67,2026-05-18,3.16,False
19458,197,3,,2026-02-06,4.54,True
19459,197,7,43,2024-07-17,6.72,False
19460,197,3,20,2025-12-24,6.32,True
19461,197,13,76,2024-08-15,2.11,True
19462,197,9,54,2025-01-08,0.84,True
19463,197,30,179,2025-05-09,1.36,False
19464,197,4,22,2025-09-22,5.48,True
19465,197,12,71,2025-12-11,2.79,True
19466,197,15,,2024-09-20,5.58,False
19467,197,5,30,2025-09-30,2.68,False
19468,197,10,59,2025-09-01,5.61,True
19469,197,13,80,2025-04-03,4.28,True
19470,197,10,58,2026-05-11,3.01,True
19471,198,3,20,2025-12-04,1.43,True
19472,198,27,164,2025-07-30,2.33,False
19473,198,2,12,2025-01-15,4.96,True
19474,198,28,167,2025-02-13,1.41,True
19475,198,6,38,2025-06-27,7.32,True
19476,198,3,,2023-12-13,2.75,True
19477,198,5,32,2025-01-10,1.99,True
19478,198,20,122,2025-04-25,7.05,True
19479,198,15,90,2023-12-28,4.38,True
19480,198,4,21,2023-08-29,1.38,False
19481,198,11,66,2026-05-25,4.4,False
19482,198,15,90,2024-07-16,6.97,True
19483,198,19,,2025-05-23,4.45,True
19484,198,28,166,2026-06-25,5.56,True
19485,198,30,177,2025-08-19,2.22,True
19486,198,20,125,2025-05-27,4.39,True
19487,198,27,162,2026-02-25,6.53,True
19488,198,16,95,2024-08-21,3.84,False
19489,198,10,57,2026-02-17,5.62,True
19490,198,9,50,2024-12-24,1.35,True
19491,198,3,17,2024-08-30,4.67,True
19492,198,30,175,2024-09-18,6.62,False
19493,198,3,17,2025-10-15,2.05,False
19494,198,26,158,2024-05-14,3.2,True
19495,198,1,6,2023-08-10,3.89,True
19496,198,7,44,2025-10-03,3.91,False
19497,198,23,,2023-10-30,0.64,True
19498,198,27,163,2023-09-07,5.4,True
19499,198,25,154,2025-04-09,6.46,True
19500,198,13,80,2026-03-26,5.68,True
19501,198,15,87,2026-06-11,2.14,True
19502,198,22,137,2024-11-19,0.64,False
19503,198,25,152,2024-11-11,2.87,True
19504,198,30,176,2024-07-12,3.89,False
19505,198,30,178,2024-03-04,1.85,False
19506,198,7,44,2024-11-25,2.81,True
19507,198,20,119,2024-06-20,4.48,True
19508,198,7,43,2025-02-25,6.28,True
19509,198,14,82,2025-12-02,0.55,True
19510,198,26,157,2025-09-02,5.73,False
19511,198,14,86,2023-08-01,2.46,True
19512,198,26,,2024-04-25,6.83,False
19513,198,13,74,2023-12-06,4.91,False
19514,198,13,,2023-11-17,7.0,False
19515,198,22,135,2026-02-27,2.16,True
19516,198,3,19,2024-11-22,4.38,True
19517,198,26,157,2023-08-31,3.28,True
19518,198,26,156,2025-05-12,7.66,True
19519,198,2,11,2026-02-27,7.82,False
19520,198,15,90,2023-08-15,2.34,False
19521,198,28,170,2024-02-13,1.41,True
19522,198,1,3,2026-05-27,0.64,True
19523,198,12,70,2024-08-01,2.89,True
19524,198,30,177,2024-03-04,5.84,True
19525,198,7,43,2024-02-15,7.0,True
19526,198,22,134,2024-10-02,6.72,True
19527,198,3,16,2024-11-13,5.16,True
19528,198,1,5,2023-08-28,4.55,True
19529,198,3,17,2024-12-06,5.62,True
19530,198,24,146,2026-05-21,2.38,True
19531,198,27,160,2024-04-18,7.17,False
19532,198,26,157,2024-09-25,1.39,True
19533,198,24,144,2026-03-19,7.93,True
19534,198,5,33,2025-11-21,2.09,True
19535,198,7,43,2025-05-27,1.54,True
19536,198,17,101,2025-07-14,4.02,False
19537,198,12,72,2025-02-25,6.11,True
19538,198,3,,2024-09-13,1.26,False
19539,198,17,98,2023-09-21,2.18,True
19540,198,6,,2023-12-26,5.67,True
19541,198,3,20,2023-08-10,6.63,False
19542,198,5,29,2026-05-06,3.3,True
19543,198,24,145,2023-07-12,0.59,False
19544,198,24,145,2026-02-13,2.2,True
19545,198,5,30,2024-01-02,1.71,True
19546,198,30,177,2023-10-18,7.92,True
19547,198,5,32,2023-07-18,6.78,True
19548,198,23,141,2024-03-22,6.02,True
19549,198,14,84,2024-01-26,1.79,False
19550,198,25,151,2026-01-12,5.43,True
19551,198,21,132,2024-07-23,2.34,False
19552,198,21,128,2024-12-26,1.99,True
19553,198,20,123,2024-10-29,5.95,False
19554,198,26,158,2026-02-12,4.66,False
19555,198,18,107,2026-01-09,4.28,False
19556,198,17,101,2025-10-23,1.81,True
19557,198,19,115,2023-12-05,3.74,True
19558,198,1,6,2023-08-08,7.38,False
19559,198,24,,2026-06-23,1.2,True
19560,198,8,46,2024-02-21,2.45,False
19561,198,26,,2023-08-16,5.52,False
19562,198,10,58,2026-06-25,0.83,True
19563,198,2,9,2023-09-29,1.59,True
19564,198,20,122,2023-11-24,5.25,False
19565,198,19,118,2024-09-05,1.0,False
19566,198,25,154,2024-09-18,3.72,True
19567,198,13,80,2024-07-01,6.19,True
19568,198,25,,2023-10-10,4.67,True
19569,198,13,78,2024-10-23,6.82,True
19570,198,17,,2024-09-12,4.95,True
19571,198,22,134,2026-06-08,3.06,True
19572,198,23,143,2024-01-02,2.62,True
19573,198,20,120,2024-08-02,1.92,True
19574,198,28,166,2025-06-09,1.75,False
19575,198,21,132,2026-06-03,6.93,False
19576,198,19,114,2024-09-18,2.99,True
19577,198,20,120,2024-09-27,4.12,True
19578,198,22,137,2025-12-10,4.89,True
19579,198,8,49,2025-11-17,3.34,True
19580,198,17,100,2025-01-23,0.9,False
19581,199,3,16,2024-04-08,0.75,True
19582,199,9,54,2026-05-05,4.09,False
19583,199,10,58,2023-11-02,6.42,True
19584,199,23,141,2024-06-17,5.72,False
19585,199,12,72,2024-11-07,0.53,True
19586,199,18,106,2023-11-29,6.54,True
19587,199,20,121,2023-08-15,4.28,True
19588,199,22,134,2025-01-22,5.01,False
19589,199,21,127,2023-11-21,7.36,True
19590,199,30,177,2025-06-30,3.79,True
19591,199,7,42,2024-03-05,7.79,True
19592,199,8,48,2026-03-13,3.05,False
19593,199,13,80,2024-04-02,1.94,True
19594,199,23,143,2026-03-30,3.68,True
19595,199,16,,2023-12-05,1.04,True
19596,199,14,83,2025-03-27,7.04,True
19597,199,27,160,2026-06-11,1.82,True
19598,199,19,115,2025-09-17,7.54,True
19599,199,7,,2025-06-02,7.7,True
19600,199,2,9,2025-12-11,1.31,True
19601,199,11,68,2023-10-23,2.39,False
19602,199,27,164,2025-09-01,5.66,False
19603,199,17,101,2024-02-08,6.32,False
19604,199,18,104,2024-03-18,2.42,True
19605,199,9,52,2023-07-19,1.98,True
19606,199,23,143,2025-04-11,0.97,False
19607,199,9,54,2025-04-29,4.7,True
19608,199,20,125,2026-05-25,5.55,True
19609,199,24,149,2025-10-30,5.34,True
19610,199,23,139,2023-10-20,5.5,True
19611,199,17,102,2024-05-31,1.03,True
19612,199,18,108,2025-03-04,2.98,True
19613,199,27,161,2025-06-12,6.62,True
19614,199,21,128,2024-11-06,5.35,True
19615,199,11,67,2026-04-17,5.34,True
19616,199,11,68,2025-02-28,2.42,True
19617,199,16,95,2026-04-15,6.8,True
19618,199,19,112,2025-07-02,2.72,True
19619,199,15,89,2026-05-25,7.36,False
19620,199,27,165,2024-04-18,4.8,True
19621,199,25,,2025-09-18,4.47,True
19622,199,5,30,2025-02-18,1.9,True
19623,199,30,178,2024-05-10,2.1,False
19624,199,16,94,2025-05-22,2.27,False
19625,199,28,169,2024-02-13,5.87,False
19626,199,17,,2026-03-26,3.9,True
19627,199,17,99,2024-05-31,3.7,True
19628,199,21,131,2025-03-03,3.67,True
19629,199,15,90,2024-07-24,3.25,True
19630,199,12,71,2025-12-01,1.54,True
19631,199,13,76,2025-04-21,5.77,True
19632,199,23,143,2025-02-20,6.94,False
19633,199,7,43,2023-11-28,5.39,True
19634,199,9,50,2025-10-01,3.23,True
19635,199,15,87,2025-11-05,5.6,True
19636,199,17,99,2025-10-02,2.23,True
19637,199,27,161,2023-10-17,7.0,True
19638,199,11,64,2024-04-25,7.1,True
19639,199,26,158,2024-03-25,6.42,False
19640,199,15,89,2023-11-02,0.6,True
19641,199,5,29,2026-02-13,5.0,True
19642,199,1,6,2026-04-03,7.8,True
19643,199,2,8,2024-02-27,1.22,True
19644,199,10,60,2023-11-07,3.53,True
19645,199,21,128,2026-05-01,3.0,True
19646,199,5,32,2026-03-30,3.42,False
19647,199,24,146,2024-03-28,4.37,True
19648,199,15,87,2024-09-25,4.54,True
19649,199,30,,2023-11-17,5.94,True
19650,199,30,179,2026-06-03,6.76,False
19651,199,9,,2024-03-26,5.64,True
19652,199,8,45,2023-09-07,4.25,False
19653,199,3,16,2024-05-10,7.65,True
19654,199,22,137,2025-06-23,2.73,True
19655,199,3,20,2025-05-02,1.84,True
19656,199,1,4,2025-06-02,5.67,True
19657,199,16,,2025-11-27,7.81,True
19658,199,26,156,2025-07-07,5.81,False
19659,199,1,7,2026-03-09,7.09,True
19660,199,1,1,2025-12-26,1.89,True
19661,199,16,,2026-01-09,5.81,True
19662,199,14,86,2025-02-17,7.62,True
19663,199,6,41,2024-04-17,4.38,False
19664,199,23,138,2024-11-25,3.47,True
19665,199,4,24,2023-10-19,2.09,True
19666,199,25,154,2026-02-11,6.92,True
19667,199,15,90,2025-01-01,2.95,True
19668,199,29,174,2025-01-02,7.48,False
19669,199,26,,2025-01-20,2.21,False
19670,199,9,,2025-08-26,4.13,True
19671,199,8,45,2026-04-20,5.39,False
19672,199,26,159,2025-05-20,7.04,False
19673,199,27,160,2023-08-08,6.92,True
19674,199,8,45,2025-11-12,7.9,False
19675,199,17,97,2024-05-22,3.68,True
19676,199,18,107,2024-02-16,3.98,True
19677,199,11,68,2025-01-23,6.2,True
19678,199,8,46,2024-05-13,6.06,False
19679,199,24,145,2024-02-14,1.1,True
19680,199,10,61,2023-10-18,1.25,True
19681,199,28,167,2026-03-03,6.85,True
19682,199,14,82,2024-10-18,0.77,True
19683,199,4,24,2024-08-29,0.86,True
19684,199,22,135,2026-05-01,6.63,True
19685,199,10,58,2023-11-09,0.76,False
19686,199,10,57,2024-08-15,2.46,True
19687,199,2,,2024-09-23,3.7,True
19688,199,19,116,2024-11-05,3.47,True
19689,199,29,172,2026-06-19,2.14,True
19690,199,30,177,2025-06-27,0.69,True
19691,199,14,82,2025-03-24,7.09,True
19692,199,12,70,2026-01-05,7.65,False
19693,199,3,,2024-05-28,5.3,True
19694,199,8,48,2023-11-13,0.61,False
19695,200,26,159,2025-09-11,6.48,True
19696,200,22,137,2024-12-11,4.6,True
19697,200,18,104,2025-01-08,6.53,True
19698,200,16,95,2025-03-10,7.18,True
19699,200,5,29,2026-02-19,2.36,True
19700,200,21,130,2025-04-18,6.31,True
19701,200,18,,2025-09-16,3.92,True
19702,200,2,11,2026-05-27,6.4,True
19703,200,30,177,2025-05-05,4.02,True
19704,200,27,162,2026-03-02,3.35,True
19705,200,1,2,2025-03-12,3.63,True
19706,200,4,25,2024-12-12,7.41,False
19707,200,9,52,2025-09-26,3.42,True
19708,200,6,38,2024-12-16,1.9,True
19709,200,14,83,2025-01-16,1.96,True
19710,200,30,176,2024-09-30,5.51,True
19711,200,25,152,2024-11-25,6.01,True
19712,200,17,99,2025-11-06,5.63,False
19713,200,25,154,2025-06-16,3.68,True
19714,200,10,61,2025-03-04,4.11,True
19715,200,7,42,2026-01-29,0.68,True
19716,200,12,70,2025-09-03,7.66,True
19717,200,30,175,2025-05-12,7.73,True
19718,200,9,52,2025-11-14,2.13,True
19719,200,28,171,2025-08-20,4.05,True
19720,200,1,3,2025-09-25,4.63,False
19721,200,14,85,2025-06-23,2.39,True
19722,200,26,158,2026-06-23,4.7,False
19723,200,11,,2025-12-22,0.79,True
19724,200,17,99,2025-12-30,7.95,True
19725,200,10,55,2024-12-16,7.94,True
19726,200,29,173,2026-06-09,1.85,True
19727,200,25,155,2026-05-26,6.91,True
19728,200,28,169,2024-12-31,1.57,True
19729,200,23,141,2026-03-16,4.38,False
19730,200,17,100,2025-01-02,7.4,True
19731,200,10,55,2025-05-05,1.99,True
19732,200,22,137,2025-07-28,1.29,True
19733,200,19,114,2025-02-26,2.14,True
19734,200,27,161,2024-12-18,4.43,True
19735,200,6,41,2025-12-24,7.13,True
19736,200,18,104,2026-06-22,1.55,False
19737,200,3,20,2025-10-06,6.81,False
19738,200,13,73,2025-03-03,7.89,True
19739,200,23,139,2026-06-03,5.86,True
19740,200,30,175,2025-03-13,3.4,False
19741,200,11,66,2026-03-31,7.11,True
19742,200,24,144,2025-07-31,1.78,True
19743,200,12,70,2025-07-11,6.81,True
19744,200,1,3,2024-11-06,6.32,False
19745,200,8,48,2025-12-05,4.51,True
19746,200,5,32,2025-06-27,1.76,True
19747,200,23,142,2025-08-22,1.63,True
19748,200,22,134,2025-11-12,6.56,True
19749,200,1,6,2025-05-02,3.37,True
19750,200,14,81,2025-07-08,2.66,False
19751,200,23,143,2026-04-07,6.13,False
19752,200,3,17,2026-01-01,7.41,True
19753,200,4,24,2026-05-04,3.59,True
19754,200,23,141,2026-01-15,6.05,True
19755,200,4,22,2024-09-24,4.81,True
19756,200,26,156,2025-06-05,1.79,True
19757,200,28,168,2025-03-11,5.31,False
19758,200,17,97,2025-12-09,7.53,False
19759,200,9,52,2024-10-18,6.5,False
19760,200,6,40,2025-01-24,2.07,True
19761,200,26,157,2025-03-17,5.62,True
19762,200,24,149,2025-07-30,2.98,True
19763,200,28,168,2025-10-07,2.77,True
19764,200,22,136,2026-01-20,0.86,True
19765,200,21,131,2025-02-05,0.79,False
19766,200,23,139,2025-11-13,5.66,True
19767,200,2,12,2025-01-13,2.86,True
19768,200,2,13,2026-05-26,3.77,True
19769,200,21,131,2025-01-28,6.49,True
19770,200,3,19,2025-12-05,1.22,True
19771,200,12,72,2024-09-09,2.14,False
19772,200,17,98,2024-12-04,2.99,False
19773,200,7,43,2025-12-19,6.1,True
19774,200,20,119,2024-09-13,2.34,True
19775,200,22,135,2025-02-14,2.29,True
19776,200,7,43,2025-02-05,4.86,True
19777,200,6,39,2024-10-30,3.09,True
19778,200,18,109,2025-11-05,2.33,True
19779,200,1,5,2026-04-21,5.96,True
19780,200,1,5,2025-09-02,4.8,True
19781,200,23,143,2025-10-22,0.97,True
19782,200,18,107,2026-05-20,7.19,False
19783,200,25,153,2025-12-01,3.48,False
19784,200,4,25,2024-10-02,5.39,False
19785,200,24,,2025-03-03,5.45,False
19786,200,28,170,2026-04-23,2.9,True
19787,200,9,50,2025-05-26,7.67,True
19788,200,17,98,2024-10-08,1.56,False
19789,200,16,92,2025-11-26,4.22,True
19790,200,8,46,2025-10-16,4.79,True
19791,200,22,136,2026-01-15,4.47,False
